date,open,high,low,close,volume,return_t,abs_return_t,intraday_range_t,log_volume_change_t,rolling_volatility_5_t,stress_interaction_t,weekday_Friday,weekday_Monday,weekday_Thursday,weekday_Tuesday,weekday_Wednesday,next_day_abs_return
2016-08-23,219.25,219.6,218.9,218.97,53289030,,,0.003192702394526744,,,,0,0,0,1,0,0.005114855916335537
2016-08-24,218.8,218.91,217.36,217.85,71553010,-0.005114855916335537,0.005114855916335537,0.0070840950639852966,0.2947080749575832,,3.623412554990857e-05,0,0,0,0,1,0.0006885471654808351
2016-08-25,217.4,218.19,217.22,217.7,69128600,-0.0006885471654808351,0.0006885471654808351,0.004461821527138909,-0.03447003505863577,,3.0721745653928665e-06,0,0,1,0,0,0.001883325677537906
2016-08-26,217.92,219.12,216.25,217.29,122386400,-0.001883325677537906,0.001883325677537906,0.013169970631424397,0.5712147084464583,,2.4803343862581675e-05,1,0,0,0,0,0.00492797643701981
2016-08-29,217.44,218.665,217.4,218.3608,70431280,0.00492797643701981,0.00492797643701981,0.005817696835908694,-0.552545764100703,,2.8669472925082745e-05,0,1,0,0,0,0.0016523112206953128
2016-08-30,218.26,218.59,217.35,218.0,57588550,-0.0016523112206953128,0.0016523112206953128,0.005681297535049983,-0.20131371628007244,0.057950842575152484,9.387271665271708e-06,0,0,0,1,0,0.0028440366972477538
2016-08-31,217.61,217.75,216.465,217.38,84916020,-0.0028440366972477538,0.0028440366972477538,0.00590505951013279,0.3883389992890578,0.04906257523743505,1.6794205946249497e-05,0,0,0,0,1,4.600239212426693e-05
2016-09-01,217.37,217.73,216.03,217.39,97720490,4.600239212426693e-05,4.600239212426693e-05,0.007820766435110588,0.14044849106394253,0.04909399458106922,3.597739642602625e-07,0,0,1,0,0,0.004508027048162333
2016-09-02,218.39,218.87,217.7,218.37,79119470,0.004508027048162333,0.004508027048162333,0.005357388158798553,-0.21115226969128997,0.056380598095572124,2.4151250727368476e-05,1,0,0,0,0,0.003026056692769119
2016-09-06,218.7,219.12,217.86,219.0308,56528000,0.003026056692769119,0.003026056692769119,0.005761316872427942,-0.33622289293845853,0.04918423139111146,1.7434071480974222e-05,0,0,0,1,0,9.49638133085351e-05
2016-09-07,218.84,219.22,218.3,219.01,76302150,-9.49638133085351e-05,9.49638133085351e-05,0.004203984646316886,0.29996502093584,0.04578293860175466,3.992264131047847e-07,0,0,0,0,1,0.0022830007762202342
2016-09-08,218.62,218.94,218.15,218.51,73855230,-0.0022830007762202342,0.0022830007762202342,0.0036135760680632697,-0.03259429000498315,0.042956708785899966,8.249796968319306e-06,0,0,1,0,0,0.023934831357832587
2016-09-09,216.97,217.03,213.25,213.28,220309300,-0.023934831357832587,0.023934831357832587,0.017421763377425455,1.0929256333794868,0.18394037281364267,0.00041698696839474216,1,0,0,0,0,0.014347336834208635
2016-09-12,212.39,216.81,212.31,216.34,167653400,0.014347336834208635,0.014347336834208635,0.02118743820330524,-0.2731337136002381,0.2212654959541582,0.0003039833125568005,0,1,0,0,0,0.014375520014791587
2016-09-13,214.84,215.1499,212.5,213.23,182323200,-0.014375520014791587,0.014375520014791587,0.012334295289517792,0.08388218280862603,0.23165762887498076,0.0001773119088028126,0,0,0,1,0,0.00037518172864969834
2016-09-14,213.29,214.7,212.5,213.15,133064600,-0.00037518172864969834,0.00037518172864969834,0.010314595152140225,-0.3149462097242548,0.23127161706588,3.869847639501768e-06,0,0,0,0,1,0.009992962702322306
2016-09-15,212.96,215.73,212.75,215.28,144092600,0.009992962702322306,0.009992962702322306,0.013993238166791837,0.07962142329829902,0.2564876321976762,0.00013983390708546378,0,0,1,0,0,0.008872166480862087
2016-09-16,213.48,213.69,212.57,213.37,155109000,-0.008872166480862087,0.008872166480862087,0.0052463931047405125,0.07367194662545984,0.19297717226508598,4.654687304930475e-05,1,0,0,0,0,0.00018746777897549194
2016-09-19,214.13,214.88,213.03,213.41,80099180,0.00018746777897549194,0.00018746777897549194,0.008639611450987692,-0.6608624727224317,0.14833670034401927,1.6196487699278898e-06,0,1,0,0,0,4.6858160348550726e-05
2016-09-20,214.41,214.59,213.38,213.42,69217930,4.6858160348550726e-05,4.6858160348550726e-05,0.00564339349843761,-0.14600568174760653,0.10606282679921371,2.6443903745975816e-07,0,0,0,1,0,0.011245431543435602
2016-09-21,214.24,216.03,213.44,215.82,110068700,0.011245431543435602,0.011245431543435602,0.012089245705750576,0.4638447778295145,0.13122105793465694,0.00013594878499579094,0,0,0,0,1,0.0063015475859513614
2016-09-22,217.0,217.53,216.71,217.18,76535390,0.0063015475859513614,0.0063015475859513614,0.003778801843317941,-0.3633514640804627,0.12012486714442314,2.3812299633548728e-05,0,0,1,0,0,0.005479325904779397
2016-09-23,216.72,216.88,215.88,215.99,73464500,-0.005479325904779397,0.005479325904779397,0.004614248800295312,-0.040950951349643105,0.10225261038982528,2.528297298255536e-05,1,0,0,0,0,0.008102226954951663
2016-09-26,215.02,215.23,214.01,214.24,89700700,-0.008102226954951663,0.008102226954951663,0.005673890800855729,0.1996762740181559,0.12764447786971908,4.597115098614557e-05,0,1,0,0,0,0.006207991038088112
2016-09-27,214.05,215.68,213.62,215.57,77854200,0.006207991038088112,0.006207991038088112,0.009623919644942781,-0.14164072439995223,0.13273922219073342,5.9745206907084915e-05,0,0,0,1,0,0.004963584914412955
2016-09-28,215.83,216.82,214.71,216.64,87095790,0.004963584914412955,0.004963584914412955,0.009776212760042558,0.11217069935209523,0.11098712422955254,4.8525062175838676e-05,0,0,0,0,1,0.009047267355982158
2016-09-29,216.4,216.87,214.04,214.68,127225400,-0.009047267355982158,0.009047267355982158,0.013077634011090631,0.37895176544113696,0.11623261632275116,0.00011831685128202229,0,0,1,0,0,0.00754611514812753
2016-09-30,215.65,217.12,215.36,216.3,115113500,0.00754611514812753,0.00754611514812753,0.008161372594481757,-0.1000417175154773,0.12972675164081043,6.158665736473168e-05,1,0,0,0,0,0.00240406842348595
2016-10-03,215.82,216.04,215.04,215.78,83386110,-0.00240406842348595,0.00240406842348595,0.004633490872022982,-0.32243684612663515,0.11145916621697217,1.113922909594083e-05,0,1,0,0,0,0.005097784780795256
2016-10-04,215.91,216.17,213.99,214.68,119749100,-0.005097784780795256,0.005097784780795256,0.010096799592422668,0.36191696823188835,0.10996395656085634,5.147131129699202e-05,0,0,0,1,0,0.004425190981926619
2016-10-05,215.41,216.13,215.33,215.63,72685460,0.004425190981926619,0.004425190981926619,0.00371384801077008,-0.4992573506612388,0.10823658475684558,1.6434486725505873e-05,0,0,0,0,1,0.0006956360432222031
2016-10-06,215.37,216.04,214.735,215.78,62519840,0.0006956360432222031,0.0006956360432222031,0.00605933974091089,-0.1506574159308549,0.08072675193197014,4.215095121906301e-06,0,0,1,0,0,0.0034294188525350044
2016-10-07,216.1,216.3,214.19,215.04,89597910,-0.0034294188525350044,0.0034294188525350044,0.009763998149005153,0.35984804261308767,0.05984175667451137,3.348483932831516e-05,1,0,0,0,0,0.005208333333333259
2016-10-10,216.155,216.7,215.985,216.16,51620410,0.005208333333333259,0.005208333333333259,0.003307811524137656,-0.5514148486879549,0.0728724097174326,1.7228185021550047e-05,0,1,0,0,0,0.01262953367875641
2016-10-11,215.66,215.74,212.58,213.43,130183700,-0.01262953367875641,0.01262953367875641,0.01465269405545765,0.925029381317465,0.11553896391390346,0.00018505669305791624,0,0,0,1,0,0.0013119055428010284
2016-10-12,213.59,214.32,213.01,213.71,73322980,0.0013119055428010284,0.0013119055428010284,0.006133245938480277,-0.5740724580691889,0.10794600334894836,8.04623934205417e-06,0,0,0,0,1,0.0032754667540125793
2016-10-13,212.16,213.59,211.21,213.01,101184500,-0.0032754667540125793,0.0032754667540125793,0.011217948717948697,0.3220715134131922,0.10589674235474178,3.674401807385899e-05,0,0,1,0,0,0.0005164076803907403
2016-10-14,214.15,214.69,213.03,213.12,93285170,0.0005164076803907403,0.0005164076803907403,0.007751575998132134,-0.08128443663604301,0.10755455669130946,4.0029733805679526e-06,1,0,0,0,0,0.00347222222222221
2016-10-17,213.09,213.39,212.17,212.38,58185200,-0.00347222222222221,0.00347222222222221,0.00572528039795391,-0.4720301122617627,0.08791563414352442,1.9879445826228786e-05,0,1,0,0,0,0.006262359920896632
2016-10-18,214.24,214.31,213.27,213.71,76618560,0.006262359920896632,0.006262359920896632,0.004854368932038797,0.2752083140463526,0.06331382493763608,3.039980544124555e-05,0,0,0,1,0,0.0026671657854100417
2016-10-19,214.02,214.64,213.6,214.28,66342420,0.0026671657854100417,0.0026671657854100417,0.004859358938416933,-0.144009831426267,0.0654168934086324,1.2960715899572106e-05,0,0,0,0,1,0.0018667164457719654
2016-10-20,213.87,214.53,213.11,213.88,73492220,-0.0018667164457719654,0.0018667164457719654,0.006639547388600493,0.10235003721025393,0.060845705965061676,1.2394152302782846e-05,0,0,1,0,0,0.00046755189826064303
2016-10-21,212.96,214.08,212.76,213.98,88974470,0.00046755189826064303,0.00046755189826064303,0.006198347107438117,0.1911699220052796,0.060862120464538844,2.8980489561610576e-06,1,0,0,0,0,0.004252733900364403
2016-10-24,215.0,215.32,214.48,214.89,59934750,0.004252733900364403,0.004252733900364403,0.003906976744186062,-0.3950929987385514,0.05041977110010129,1.6615332447935408e-05,0,1,0,0,0,0.0033505514449253537
2016-10-25,214.68,214.98,213.98,214.17,66356080,-0.0033505514449253537,0.0033505514449253537,0.004658095770449041,0.10177891976796971,0.04968683529719185,1.5607189514278712e-05,0,0,0,1,0,0.0020077508521266774
2016-10-26,213.21,214.42,212.93,213.74,75561030,-0.0020077508521266774,0.0020077508521266774,0.006988415177524416,0.12990528040812777,0.04748541470326508,1.4030996527689651e-05,0,0,0,0,1,0.002666791428838855
2016-10-27,214.58,214.62,213.08,213.17,77031450,-0.002666791428838855,0.002666791428838855,0.007176810513561338,0.019273105678468738,0.04924235130097763,1.9139056763965958e-05,0,0,1,0,0,0.002955387718722169
2016-10-28,213.14,213.93,211.71,212.54,140491700,-0.002955387718722169,0.002955387718722169,0.010415689218354129,0.6009346264092912,0.05028523169379261,3.07823999979507e-05,1,0,0,0,0,4.704996706506037e-05
2016-10-31,212.93,213.19,212.36,212.55,60669300,4.704996706506037e-05,4.704996706506037e-05,0.0038979946461277608,-0.8397105988707274,0.021294308410137068,1.834005197200928e-07,0,1,0,0,0,0.0072453540343450085
2016-11-01,212.93,212.99,209.6,211.01,122395800,-0.0072453540343450085,0.0072453540343450085,0.01592072512093183,0.7018222433913692,0.042298355473770005,0.00011535128998464136,0,0,0,1,0,0.006018672100848166
2016-11-02,210.65,211.1,209.23,209.74,102709200,-0.006018672100848166,0.006018672100848166,0.008877284595300282,-0.175358359970879,0.04599850683727941,5.342946512502301e-05,0,0,0,0,1,0.004577095451511415
2016-11-03,209.99,210.24,208.46,208.78,88715720,-0.004577095451511415,0.004577095451511415,0.008476594123529697,-0.1464645924720891,0.0451083920466788,3.879818040711616e-05,0,0,1,0,0,0.0011016380879393939
2016-11-04,208.91,209.89,208.38,208.55,108488200,-0.0011016380879393939,0.0011016380879393939,0.007227992915609549,0.20120430903214626,0.049869471999975934,7.962632295191588e-06,1,0,0,0,0,0.022057060656916816
2016-11-07,211.45,213.19,211.3,213.15,109397700,0.022057060656916816,0.022057060656916816,0.008938283282099724,0.008348454618442247,0.1936847932082515,0.00019715225652197914,0,1,0,0,0,0.0045038705137228074
2016-11-08,212.69,214.77,212.38,214.11,104838900,0.0045038705137228074,0.0045038705137228074,0.011237011613145963,-0.04256497938179393,0.18117148869407035,5.061004526680886e-05,0,0,0,1,0,0.010598290598290427
2016-11-09,212.37,217.1,212.34,216.3792,257961800,0.010598290598290427,0.010598290598290427,0.02241371191787913,0.9003866200603454,0.1670752774209243,0.0002375470322920485,0,0,0,0,1,0.002499316015587505
2016-11-10,217.3,218.31,215.22,216.92,171730900,0.002499316015587505,0.002499316015587505,0.014219972388403144,-0.4068827932303378,0.14402470898924347,3.554020473154808e-05,0,0,1,0,0,0.0023049972340033476
2016-11-11,216.08,216.7,215.32,216.42,100424400,-0.0023049972340033476,0.0023049972340033476,0.006386523509811159,-0.5365235070127348,0.14883668280111198,1.4720919025012073e-05,1,0,0,0,0,0.0007855096571482978
2016-11-14,217.03,217.27,215.72,216.59,94378460,0.0007855096571482978,0.0007855096571482978,0.007141869787587022,-0.062092335832883094,0.07656844449367516,5.610007688245268e-06,0,1,0,0,0,0.007802760976961087
2016-11-15,217.04,218.28,216.8,218.28,91367180,0.007802760976961087,0.007802760976961087,0.006819019535569433,-0.032426535787291044,0.08334485464450364,5.320717953327649e-05,0,0,0,1,0,0.0018783214220267075
2016-11-16,217.56,218.14,217.42,217.87,65385810,-0.0018783214220267075,0.0018783214220267075,0.003309431880860447,-0.3345810662191546,0.06499540232752642,6.216176796558316e-06,0,0,0,0,1,0.005140680222150751
2016-11-17,218.05,219.06,217.92,218.99,69130300,0.005140680222150751,0.005140680222150751,0.005228158679202085,0.05568786632513678,0.0703439470041932,2.687629192043995e-05,0,0,1,0,0,0.002237545093383253
2016-11-18,219.07,219.27,218.29,218.5,86161200,-0.002237545093383253,0.002237545093383253,0.004473455972976758,0.2202268278707713,0.07009054486958106,1.000955946280015e-05,1,0,0,0,0,0.007551487414187763
2016-11-21,219.17,220.18,219.0,220.15,72151670,0.007551487414187763,0.007551487414187763,0.0053839485331021895,-0.17744952689904991,0.07906022835987746,4.065681958635585e-05,0,1,0,0,0,0.0019532137179196774
2016-11-22,220.51,220.79,219.73,220.58,67275320,0.0019532137179196774,0.0019532137179196774,0.0048070382295587605,-0.06997697697284266,0.06810661646363585,9.38917301253849e-06,0,0,0,1,0,0.0005440203100914864
2016-11-23,219.98,220.76,219.75,220.7,56502980,0.0005440203100914864,0.0005440203100914864,0.004591326484225797,-0.17450007023948189,0.06097704482893002,2.4977748576797725e-06,0,0,0,0,1,0.003715450838241985
2016-11-25,221.1,221.56,221.01,221.52,37872260,0.003715450838241985,0.003715450838241985,0.002487562189054778,-0.4000744534396645,0.057987884708998225,9.242415020502642e-06,1,0,0,0,0,0.0046948356807512415
2016-11-28,221.16,221.48,220.36,220.48,76527520,-0.0046948356807512415,0.0046948356807512415,0.005064206909025032,0.7034314833885134,0.07122837364940236,2.3775619291197678e-05,0,1,0,0,0,0.00195029027576199
2016-11-29,220.52,221.44,220.17,220.91,69579660,0.00195029027576199,0.00195029027576199,0.00575911481951755,-0.09517813014912946,0.051042833461257354,1.1231945629501847e-05,0,0,0,1,0,0.0023991670816169153
2016-11-30,221.63,221.82,220.31,220.38,112309600,-0.0023991670816169153,0.0023991670816169153,0.006813157063574385,0.478787054679664,0.05356633479970355,1.6345902148813427e-05,0,0,0,0,1,0.00367546964334331
2016-12-01,220.73,220.73,219.15,219.57,78874240,-0.00367546964334331,0.00367546964334331,0.007158066415983256,-0.35340465430775225,0.05816721346689066,2.63092558169817e-05,0,0,1,0,0,0.0005009791865919766
2016-12-02,219.67,220.25,219.26,219.68,74621240,0.0005009791865919766,0.0005009791865919766,0.0045067601402103575,-0.055429499409392236,0.04456375735295082,2.2577930292077274e-06,1,0,0,0,0,0.006008739985433387
2016-12-05,220.65,221.4,220.42,221.0,67101250,0.006008739985433387,0.006008739985433387,0.004441423068207651,-0.106222510965722,0.06059751484103073,2.668735638216555e-05,0,1,0,0,0,0.0031674208144796268
2016-12-06,221.22,221.7441,220.662,221.7,59512650,0.0031674208144796268,0.0031674208144796268,0.004891510713317046,-0.12001377581954031,0.06302897574091289,1.54934728476105e-05,0,0,0,1,0,0.013080739738385194
2016-12-07,221.52,224.67,221.38,224.6,110194800,0.013080739738385194,0.013080739738385194,0.014851932105453195,0.6160608059479635,0.09982517544267262,0.0001942742584836005,0,0,0,0,1,0.0024487978628673357
2016-12-08,224.57,225.7,224.26,225.15,96247920,0.0024487978628673357,0.0024487978628673357,0.00641225453088123,-0.135322344812856,0.07793701757198246,1.5702315191383345e-05,0,0,1,0,0,0.006040417499444839
2016-12-09,225.41,226.53,225.37,226.51,87827850,0.006040417499444839,0.006040417499444839,0.005146178075506839,-0.09154871302665768,0.06672100643208624,3.1085064102550875e-05,1,0,0,0,0,0.0011478521919561224
2016-12-12,226.4,226.96,225.76,226.25,101715300,-0.0011478521919561224,0.0011478521919561224,0.005300353356890534,0.14679908414046494,0.0846149986767958,6.084022218848792e-06,0,1,0,0,0,0.0066740331491712546
2016-12-13,227.02,228.34,227.0,227.76,110247300,0.0066740331491712546,0.0066740331491712546,0.0059025636507796814,0.08054828925325452,0.08422812968975847,3.93939054703969e-05,0,0,0,1,0,0.00825430277485073
2016-12-14,227.41,228.23,225.365,225.88,141538000,-0.00825430277485073,0.00825430277485073,0.01259839057209437,0.2498422060301806,0.09715893046384086,0.00010399093025789183,0,0,0,0,1,0.004117230387816528
2016-12-15,226.16,227.81,225.8904,226.81,123647300,0.004117230387816528,0.004117230387816528,0.008487796250442176,-0.13513507334224428,0.09926089209255327,3.4946212647915715e-05,0,0,1,0,0,0.007803888717428764
2016-12-16,226.01,226.08,224.67,225.04,156228600,-0.007803888717428764,0.007803888717428764,0.006238662006106036,0.23388715964790308,0.10755379793286345,4.868582404130239e-05,1,0,0,0,0,0.0021773906861002335
2016-12-19,225.25,226.02,225.08,225.53,90032620,0.0021773906861002335,0.0021773906861002335,0.004173140954494996,-0.5511482654228388,0.11037078527860979,9.086558246100843e-06,0,1,0,0,0,0.0038575799228484087
2016-12-20,226.15,226.57,225.88,226.4,89669640,0.0038575799228484087,0.0038575799228484087,0.0030510722971479006,-0.004039798827371044,0.09996894533306595,1.1769755236636715e-05,0,0,0,1,0,0.0027826855123674887
2016-12-21,226.25,226.45,225.77,225.77,67782110,-0.0027826855123674887,0.0027826855123674887,0.0030055248618783576,-0.2798339508128933,0.08140226480576453,8.363430490209204e-06,0,0,0,0,1,0.001727421712362176
2016-12-22,225.6,225.74,224.92,225.38,55966720,-0.001727421712362176,0.001727421712362176,0.0036347517730497413,-0.19154106434353224,0.07247052960488608,6.278749131813039e-06,0,0,1,0,0,0.0014641938060164783
2016-12-23,225.43,225.72,225.21,225.71,36670460,0.0014641938060164783,0.0014641938060164783,0.0022623430776737385,-0.42278569264226107,0.043982879059487764,3.3125087214141443e-06,1,0,0,0,0,0.0024810597669575607
2016-12-27,226.02,226.73,226.0,226.27,42619920,0.0024810597669575607,0.0024810597669575607,0.0032298026723298367,0.15035021949027438,0.04471665935126785,8.01333346552957e-06,0,0,0,1,0,0.008264462809917328
2016-12-28,226.57,226.59,224.27,224.4,64009720,-0.008264462809917328,0.008264462809917328,0.010239661031910638,0.406713189371569,0.06722663153650689,8.462529778438516e-05,0,0,0,0,1,0.00022281639928700692
2016-12-29,224.48,224.89,223.84,224.35,48614080,-0.00022281639928700692,0.00022281639928700692,0.00467747683535274,-0.27512174099808107,0.0672437227359313,1.0422185462016816e-06,0,0,1,0,0,0.003655003342990848
2016-12-30,224.73,224.83,222.73,223.53,108693200,-0.003655003342990848,0.003655003342990848,0.009344546789480811,0.8046160224204932,0.0694549659960105,3.415434975428676e-05,1,0,0,0,0,0.007649979868474155
2017-01-03,225.04,225.83,223.8837,225.24,91087570,0.007649979868474155,0.007649979868474155,0.008648684678279452,-0.17670788140648597,0.09576778654618937,6.616226367761867e-05,0,0,0,1,0,0.005949209731841654
2017-01-04,225.62,226.75,225.61,226.58,78458530,0.005949209731841654,0.005949209731841654,0.005052743551103565,-0.14925114477638957,0.10506022720117747,3.0059831106725485e-05,0,0,0,0,1,0.0007944213964162783
2017-01-05,226.27,226.58,225.48,226.4,78291080,-0.0007944213964162783,0.0007944213964162783,0.004861448711716192,-0.002136529227229289,0.0761385023588238,3.8620388741676945e-06,0,0,1,0,0,0.003577738515901041
2017-01-06,226.53,227.75,225.9,227.21,71356460,0.003577738515901041,0.003577738515901041,0.008166688738798368,-0.09274579503068026,0.07458813995953224,2.9218276848174218e-05,1,0,0,0,0,0.0033009110514502504
2017-01-09,226.91,227.0701,226.4163,226.46,46723610,-0.0033009110514502504,0.0033009110514502504,0.002881318584460754,-0.42343826765912596,0.07275349103281813,9.510976358195495e-06,0,1,0,0,0,0.0
2017-01-10,226.48,227.45,226.01,226.46,63204500,0.0,0.0,0.006358177322500874,0.30212589119837574,0.05822934071090854,0.0,0,0,0,1,0,0.0028261061556125178
2017-01-11,226.36,227.1,225.59,227.1,74510600,0.0028261061556125178,0.0028261061556125178,0.006670789892207063,0.1645658935931742,0.04436943569092916,1.8852360377164147e-05,0,0,0,0,1,0.002509907529722577
2017-01-12,226.5,226.75,224.955,226.53,72028310,-0.002509907529722577,0.002509907529722577,0.007924944812361976,-0.03388216050125692,0.04887209179286829,1.98908786571832e-05,0,0,1,0,0,0.002295501699554281
2017-01-13,226.73,227.4,226.69,227.05,62681260,0.002295501699554281,0.002295501699554281,0.003131477969390941,-0.13899671471780906,0.04373192923840548,7.188313000853693e-06,1,0,0,0,0,0.0035234529839243134
2017-01-17,226.31,226.78,225.8,226.25,61098430,-0.0035234529839243134,0.0035234529839243134,0.004330343334364322,-0.025576348712014862,0.044762384200332295,1.5257761142882732e-05,0,0,0,1,0,0.0022099447513812542
2017-01-18,226.535,226.8,225.9,226.75,54598260,0.0022099447513812542,0.0022099447513812542,0.003972896020482512,-0.11248415420663704,0.047964501784989705,8.779880708248798e-06,0,0,0,0,1,0.003704520396912936
2017-01-19,226.84,227.0,225.41,225.91,66166860,-0.003704520396912936,0.003704520396912936,0.007009345794392538,0.1921777160557383,0.04835562311789286,2.5966264464343062e-05,0,0,1,0,0,0.003674029480766672
2017-01-20,226.7,227.31,225.9719,226.74,126753400,0.003674029480766672,0.003674029480766672,0.005902514336127028,0.6500637259759223,0.05590486771151176,2.1686011681578622e-05,1,0,0,0,0,0.0026020993208080156
2017-01-23,226.35,226.805,225.27,226.15,74924440,-0.0026020993208080156,0.0026020993208080156,0.006781533024077741,-0.5257633220776832,0.05509227484625486,1.7646222475989816e-05,0,1,0,0,0,0.006411673667919393
2017-01-24,226.4,228.08,226.27,227.6,95251650,0.006411673667919393,0.006411673667919393,0.00799469964664312,0.24004219480915268,0.06772882928071848,5.125940520730617e-05,0,0,0,1,0,0.008655536028119526
2017-01-25,228.7,229.57,228.51,229.57,84105490,0.008655536028119526,0.008655536028119526,0.004634892872759084,-0.12445049102254657,0.08662042562887719,4.011748224664066e-05,0,0,0,0,1,0.0010454327656052032
2017-01-26,229.4,229.71,229.01,229.33,59753620,-0.0010454327656052032,0.0010454327656052032,0.003051438535309577,-0.3418420646815541,0.07605952325349712,3.1900738270429816e-06,0,0,1,0,0,0.0015697902585793955
2017-01-27,229.42,229.59,228.76,228.97,59643600,-0.0015697902585793955,0.0015697902585793955,0.003617818847528605,-0.0018429244717097504,0.08208513651345282,5.67921678415534e-06,1,0,0,0,0,0.006201685810368063
2017-01-30,228.17,228.2,226.41,227.55,79549380,-0.006201685810368063,0.006201685810368063,0.007845027830126625,0.287991106469768,0.09728648111120043,4.865239777603884e-05,0,1,0,0,0,8.789277081966418e-05
2017-01-31,226.98,227.6,226.32,227.53,75379530,-8.789277081966418e-05,8.789277081966418e-05,0.005639263371222139,-0.053842207473742576,0.0858294580348369,4.956504830785543e-07,0,0,0,1,0,0.0003955522348702001
2017-02-01,228.255,228.59,226.94,227.62,78927270,0.0003955522348702001,0.0003955522348702001,0.007228757310902305,0.04599104217262706,0.041774997121242156,2.8593511096617048e-06,0,0,0,0,1,0.0006589930586065051
2017-02-02,227.2,228.1,226.82,227.77,69506430,0.0006589930586065051,0.0006589930586065051,0.005633802816901414,-0.12710752751877408,0.045083659779522695,3.712636949895807e-06,0,0,1,0,0,0.006892918294771011
2017-02-03,228.82,229.55,228.46,229.34,80474030,0.006892918294771011,0.006892918294771011,0.004763569618040396,0.14651525544186583,0.07361646695152176,3.2834896168606e-05,1,0,0,0,0,0.0017877387285253343
2017-02-06,228.87,229.326,228.54,228.93,57729810,-0.0017877387285253343,0.0017877387285253343,0.003434263992659594,-0.3321608408994514,0.05260990214144499,6.139566743657601e-06,0,1,0,0,0,4.368147468647443e-05
2017-02-07,229.38,229.6556,228.72,228.94,57818730,4.368147468647443e-05,4.368147468647443e-05,0.004078821170110707,0.001539093717909168,0.05241264162494477,1.7816892369284685e-07,0,0,0,1,0,0.0013103870009609775
2017-02-08,228.61,229.39,228.31,229.24,51381110,0.0013103870009609775,0.0013103870009609775,0.004724202790778986,-0.11804217427666686,0.05188302779008845,6.1905339269403555e-06,0,0,0,0,1,0.005932647007502956
2017-02-09,229.56,230.95,229.52,230.6,65823370,0.005932647007502956,0.005932647007502956,0.006229308241853887,0.24770434299211885,0.05987859447236172,3.6956286899847964e-05,0,0,1,0,0,0.0039462272333044
2017-02-10,231.0,231.77,230.6216,231.51,65951540,0.0039462272333044,0.0039462272333044,0.004971428571428612,0.0019452874370777806,0.04882647813425452,1.961838681699918e-05,1,0,0,0,0,0.005442529480368163
2017-02-13,232.08,233.07,232.05,232.77,55023690,0.005442529480368163,0.005442529480368163,0.0043950361944156404,-0.1811564071340186,0.0408555715907614,2.3920114055392228e-05,0,1,0,0,0,0.003995360226833222
2017-02-14,232.56,233.71,232.16,233.7,70023470,0.003995360226833222,0.003995360226833222,0.006664946680426605,0.24106664790605237,0.028589855590591656,2.6628862880940575e-05,0,0,0,1,0,0.005220367993153507
2017-02-15,233.45,235.14,233.39,234.92,86213560,0.005220367993153507,0.005220367993153507,0.0074962518740629685,0.20799699963286145,0.014178862992926141,3.913319335197532e-05,0,0,0,0,1,0.0008513536523071519
2017-02-16,234.96,235.155,233.85,234.72,84574430,-0.0008513536523071519,0.0008513536523071519,0.0055541368743616225,-0.01919549859402636,0.04054923183382089,4.728534713401596e-06,0,0,1,0,0,0.0015763462849351928
2017-02-17,233.95,235.09,233.93,235.09,76881310,0.0015763462849351928,0.0015763462849351928,0.00495832442829663,-0.09536916982164101,0.04253439893217767,7.816036292048806e-06,1,0,0,0,0,0.00595516610659752
2017-02-21,235.52,236.69,235.51,236.49,87736380,0.00595516610659752,0.00595516610659752,0.005010190217391333,0.13207383095558356,0.04444364316870141,2.9836514970215326e-05,0,0,0,1,0,0.0008879868070531538
2017-02-22,236.02,236.54,235.83,236.28,61918630,-0.0008879868070531538,0.0008879868070531538,0.0030082196424030994,-0.34851552815771925,0.05171973950780348,2.6712593551721084e-06,0,0,0,0,1,0.0006771626883359527
2017-02-23,236.88,236.9,235.56,236.44,72812210,0.0006771626883359527,0.0006771626883359527,0.005656872678149289,0.16206255478949672,0.044583270464120944,3.830623110309773e-06,0,0,1,0,0,0.0012688208424971315
2017-02-24,235.46,236.7932,235.41,236.74,82311890,0.0012688208424971315,0.0012688208424971315,0.005874458506752809,0.12263190618944009,0.04051104256523779,7.45363539175254e-06,1,0,0,0,0,0.0015628960040550144
2017-02-27,236.64,237.31,236.35,237.11,56404310,0.0015628960040550144,0.0015628960040550144,0.0040567951318458756,-0.3779699890897419,0.040514115895198315,6.340348900831754e-06,0,1,0,0,0,0.0026991691619924207
2017-02-28,236.67,236.95,236.015,236.47,95717730,-0.0026991691619924207,0.0026991691619924207,0.003950648582414342,0.5288579664511346,0.028156460317360986,1.0663468823521863e-05,0,0,0,1,0,0.013997547257580178
2017-03-01,238.39,240.32,238.37,239.78,148882400,0.013997547257580178,0.013997547257580178,0.008179873316833713,0.44175318108190353,0.10160831135432678,0.00011449816331339902,0,0,0,0,1,0.006297439319376097
2017-03-02,239.56,239.57,238.21,238.27,70152200,-0.006297439319376097,0.006297439319376097,0.005677074636834134,-0.7524895576062391,0.12158697840891923,3.575103303703205e-05,0,0,1,0,0,0.0006295379191672001
2017-03-03,238.17,238.61,237.73,238.42,81726380,0.0006295379191672001,0.0006295379191672001,0.0036948398202965274,0.15270966892155968,0.12177015801502081,2.3260417721255876e-06,1,0,0,0,0,0.0029779380924418453
2017-03-06,237.5,238.12,237.01,237.71,54424270,-0.0029779380924418453,0.0029779380924418453,0.004673684210526373,-0.4065666381502844,0.1256825567282661,1.3917942242570479e-05,0,1,0,0,0,0.0029868326953009783
2017-03-07,237.36,237.77,236.76,237.0,64807970,-0.0029868326953009783,0.0029868326953009783,0.004255139871924584,0.1746183926012641,0.1261639301642765,1.2709390892543165e-05,0,0,0,1,0,0.0018565400843881807
2017-03-08,237.34,237.64,236.4,236.56,77619600,-0.0018565400843881807,0.0018565400843881807,0.005224572343473417,0.1803913804473538,0.03960547853128582,9.699627979444292e-06,0,0,0,0,1,0.001268177206628307
2017-03-09,236.7,237.24,235.74,236.86,90332120,0.001268177206628307,0.001268177206628307,0.006337135614702155,0.1516731259575046,0.03196932375647311,8.036610941877738e-06,0,0,1,0,0,0.0035041796842014694
2017-03-10,237.97,238.02,236.59,237.69,81757000,0.0035041796842014694,0.0035041796842014694,0.006009160818590607,-0.09974166620305525,0.045778314552211714,2.1057179259604676e-05,1,0,0,0,0,0.0005048592704783861
2017-03-13,237.62,237.86,237.24,237.81,57058040,0.0005048592704783861,0.0005048592704783861,0.002609207979126355,-0.3596824323400938,0.04083846208981514,1.3172828368681157e-06,0,1,0,0,0,0.0038265842479290324
2017-03-14,237.18,237.24,236.19,236.9,59838300,-0.0038265842479290324,0.0038265842479290324,0.0044270174550974425,0.047576927969291916,0.04503926003453066,1.6940355258982744e-05,0,0,0,1,0,0.008653440270156132
2017-03-15,237.56,239.44,237.29,238.95,95071850,0.008653440270156132,0.008653440270156132,0.009050345175955573,0.46298699116224284,0.07242010346080878,7.831662140442724e-05,0,0,0,0,1,0.00196693869010256
2017-03-16,239.11,239.2,238.1,238.48,77761390,-0.00196693869010256,0.00196693869010256,0.004600393124503343,-0.20098788367903708,0.07796762129621053,9.048691226267427e-06,0,0,1,0,0,0.0060801744381079326
2017-03-17,237.75,237.97,237.03,237.03,88284080,-0.0060801744381079326,0.0060801744381079326,0.003953732912723439,0.1269147598645759,0.09019960127707247,2.4039385791047076e-05,1,0,0,0,0,0.0010969075644432502
2017-03-20,237.03,237.36,236.32,236.77,52529210,-0.0010969075644432502,0.0010969075644432502,0.004387630257773364,-0.5191903933667597,0.08974285163708189,4.812824819731691e-06,0,1,0,0,0,0.012839464459179828
2017-03-21,237.47,237.61,233.58,233.73,131204400,-0.012839464459179828,0.012839464459179828,0.016970564702909845,0.9153870052902207,0.12455077364966062,0.00021789296235522263,0,0,0,1,0,0.0023531425148677343
2017-03-22,233.77,234.61,233.05,234.28,97233080,0.0023531425148677343,0.0023531425148677343,0.006673225820250683,-0.29964542708449926,0.09234531294110396,1.570305138894499e-05,0,0,0,0,1,0.0010670991975414434
2017-03-23,234.0,235.34,233.6,234.03,100172100,-0.0010670991975414434,0.0010670991975414434,0.007435897435897475,0.029778723677118535,0.09375815678906965,7.934840186846673e-06,0,0,1,0,0,0.0007264025979574207
2017-03-24,234.38,235.04,232.96,233.86,112400900,-0.0007264025979574207,0.0007264025979574207,0.00887447734448325,0.11518223669436622,0.09306284076769335,6.4464433985469045e-06,1,0,0,0,0,0.0010262550243735902
2017-03-27,231.93,233.92,231.61,233.62,87245320,-0.0010262550243735902,0.0010262550243735902,0.009959901694476669,-0.25334802130432976,0.09313965603407312,1.0221399156223717e-05,0,1,0,0,0,0.007276774248780038
2017-03-28,233.27,235.81,233.14,235.32,93370670,0.007276774248780038,0.007276774248780038,0.011445963904488429,0.0678533487951043,0.05719926207129632,8.328969539264721e-05,0,0,0,1,0,0.0009348971613123425
2017-03-29,234.99,235.81,234.725,235.54,61043150,0.0009348971613123425,0.0009348971613123425,0.004617217753947011,-0.42499627340134793,0.05653335978327001,4.31662377132601e-06,0,0,0,0,1,0.0031841725396959397
2017-03-30,235.47,236.52,235.27,236.29,56658160,0.0031841725396959397,0.0031841725396959397,0.005308531872425362,-0.07454497041510422,0.05438442975298208,1.690328141427751e-05,0,0,1,0,0,0.0023276482288712153
2017-03-31,235.9,236.51,235.68,235.74,73482420,-0.0023276482288712153,0.0023276482288712153,0.00351844001695627,0.26001017042901964,0.060187738923710286,8.18969067385787e-06,1,0,0,0,0,0.0017392042080257575
2017-04-03,235.8,236.03,233.91,235.33,85424090,-0.0017392042080257575,0.0017392042080257575,0.008990670059372369,0.15058194948661807,0.06232861514244987,1.563661120023161e-05,0,1,0,0,0,0.0006374027960736051
2017-04-04,235.0,235.58,234.555,235.48,56303450,0.0006374027960736051,0.0006374027960736051,0.0043617021276595985,-0.41687232713935174,0.0352890454282139,2.78016113181042e-06,0,0,0,1,0,0.0029726516052318575
2017-04-05,236.26,237.39,234.54,234.78,108227700,-0.0029726516052318575,0.0029726516052318575,0.012062981461102152,0.653481520389267,0.040280026416039935,3.5859041204227445e-05,0,0,0,0,1,0.0028111423460259743
2017-04-06,234.94,236.04,234.425,235.44,68962420,0.0028111423460259743,0.0028111423460259743,0.0068740955137481085,-0.4506756172337987,0.03807337939997878,1.9324060989324485e-05,0,0,1,0,0,0.0010193679918450993
2017-04-07,235.15,236.0,234.64,235.2,74345090,-0.0010193679918450993,0.0010193679918450993,0.005783542419732144,0.07515591212379746,0.03564461514199329,5.895558022153302e-06,1,0,0,0,0,0.0005952380952380931
2017-04-10,235.36,236.255,234.73,235.34,67526890,0.0005952380952380931,0.0005952380952380931,0.0064794357579877875,-0.09619174144221176,0.03417478194545065,3.85680699880224e-06,0,1,0,0,0,0.0011897679952409534
2017-04-11,234.9,235.18,233.34,235.06,87804580,-0.0011897679952409534,0.0011897679952409534,0.007833120476798652,0.26258777094925634,0.03452270446531453,9.319596046161594e-06,0,0,0,1,0,0.004381859950650879
2017-04-12,234.74,234.96,233.77,234.03,81393040,-0.004381859950650879,0.004381859950650879,0.005069438527732801,-0.07582389672521117,0.04191278203077211,2.221356965695892e-05,0,0,0,0,1,0.006494893817032055
2017-04-13,233.64,234.49,232.51,232.51,92625450,-0.006494893817032055,0.006494893817032055,0.008474576271186519,0.1292741747468078,0.045589166882316914,5.504147302569589e-05,0,0,1,0,0,0.008859833985634946
2017-04-17,233.11,234.57,232.88,234.57,68153720,0.008859833985634946,0.008859833985634946,0.007249796233537805,-0.3067981959014716,0.09401104268331578,6.423199105882646e-05,0,1,0,0,0,0.0029841838257236297
2017-04-18,233.72,234.49,233.08,233.87,83143680,-0.0029841838257236297,0.0029841838257236297,0.006032859832277925,0.1988044507629958,0.09476181176654153,1.8003162734341553e-05,0,0,0,1,0,0.0018386282977722601
2017-04-19,234.52,234.95,233.18,233.44,68254750,-0.0018386282977722601,0.0018386282977722601,0.007547330718062347,-0.19732316419784013,0.09485284832284502,1.3876735830875263e-05,0,0,0,0,1,0.008139136394790913
2017-04-20,234.15,235.845,233.78,235.34,92306890,0.008139136394790913,0.008139136394790913,0.00881913303437966,0.30187175407964517,0.11019824476539557,7.178012665062232e-05,0,0,1,0,0,0.00318687855868105
2017-04-21,235.25,235.31,234.13,234.59,109896300,-0.00318687855868105,0.00318687855868105,0.005015940488841687,0.17441840552880095,0.09754199565175707,1.5985193195509717e-05,1,0,0,0,0,0.01099791124941385
2017-04-24,237.18,237.41,234.5628,237.17,119008100,0.01099791124941385,0.01099791124941385,0.01200438485538404,0.07965436345239851,0.10792274587246158,0.00013202315924332138,0,1,0,0,0,0.005818611122823336
2017-04-25,237.91,238.95,237.81,238.55,75528380,0.005818611122823336,0.005818611122823336,0.004791727964356212,-0.4546830735204388,0.0988659412798836,2.7881201630946676e-05,0,0,0,1,0,0.0006287989939216532
2017-04-26,238.51,239.53,238.35,238.4,84210820,-0.0006287989939216532,0.0006287989939216532,0.004947381661146312,0.10881493552600574,0.09465908292351127,3.1109086110752383e-06,0,0,0,0,1,0.0008389261744965459
2017-04-27,238.77,238.95,237.98,238.6,57144960,0.0008389261744965459,0.0008389261744965459,0.004062486912091129,-0.3877322135553882,0.08971478340605643,3.4081266041028967e-06,0,0,1,0,0,0.0021793797150041483
2017-04-28,238.9,238.93,237.93,238.08,63426310,-0.0021793797150041483,0.0021793797150041483,0.004185851820845542,0.10428756047957677,0.08569694103269919,9.122560548363952e-06,1,0,0,0,0,0.002520161290322509
2017-05-01,238.68,239.17,238.195,238.68,66588230,0.002520161290322509,0.002520161290322509,0.004084967320261414,0.04864907486478032,0.04889127622655847,1.0294776512755287e-05,0,1,0,0,0,0.00037707390648566985
2017-05-02,238.84,238.98,238.3,238.77,57123690,0.00037707390648566985,0.00037707390648566985,0.002847094289063718,-0.15330891592828522,0.027689583925360726,1.073564965710297e-06,0,0,0,1,0,0.0012145579427902398
2017-05-03,238.29,238.8775,237.7,238.48,72846400,-0.0012145579427902398,0.0012145579427902398,0.004941457887448106,0.24313419424722227,0.02905362203913282,6.001686926163576e-06,0,0,0,0,1,0.0011741026501175256
2017-05-04,238.83,238.9225,237.78,238.76,61322410,0.0011741026501175256,0.0011741026501175256,0.004783737386425543,-0.1722077569774747,0.02970377430558394,5.616598742868516e-06,0,0,1,0,0,0.003937007874015741
2017-05-05,239.19,239.72,238.68,239.7,61561740,0.003937007874015741,0.003937007874015741,0.004348007859860329,0.003895218361556374,0.03136569992092177,1.7118141180552445e-05,1,0,0,0,0,0.00016687526074254944
2017-05-08,239.75,239.92,239.17,239.66,48260110,-0.00016687526074254944,0.00016687526074254944,0.0031282586027111575,-0.24343522968661446,0.030894836931834348,5.220289699975478e-07,0,1,0,0,0,0.0009179671200867379
2017-05-09,239.96,240.19,239.04,239.44,51126000,-0.0009179671200867379,0.0009179671200867379,0.00479246541090184,0.05768783339771133,0.03333936459227508,4.399325671360867e-06,0,0,0,1,0,0.0017958569996658902
2017-05-10,239.39,239.87,239.15,239.87,54209350,0.0017958569996658902,0.0017958569996658902,0.003007644429591875,0.05856022760629642,0.02990431721719241,5.401299301388693e-06,0,0,0,0,1,0.0020427731687997497
2017-05-11,239.35,239.57,238.13,239.38,62232520,-0.0020427731687997497,0.0020427731687997497,0.006016294129935232,0.13802428752844165,0.03757524997810801,1.2289924224239126e-05,0,0,1,0,0,0.0016709833737154067
2017-05-12,239.09,239.4273,238.67,238.98,53812970,-0.0016709833737154067,0.0016709833737154067,0.003167426492116002,-0.14536317400524723,0.024149907641321827,5.292717005791553e-06,1,0,0,0,0,0.005523474767763048
2017-05-15,239.47,240.44,239.45,240.3,61242740,0.005523474767763048,0.005523474767763048,0.004134129536058835,0.1293307933528638,0.05026043156268035,2.283476017908493e-05,0,1,0,0,0,0.0009155222638368432
2017-05-16,240.64,240.67,239.63,240.08,50523840,-0.0009155222638368432,0.0009155222638368432,0.004321808510638265,-0.19240000422820813,0.05025597393415046,3.95671191152888e-06,0,0,0,1,0,0.01774408530489846
2017-05-17,238.1,238.64,235.75,235.82,171445400,-0.01774408530489846,0.01774408530489846,0.012137757244855047,1.221819530514633,0.13664550813156498,0.00021537339996285725,0,0,0,0,1,0.004028496310745533
2017-05-18,235.73,237.75,235.43,236.77,106885400,0.004028496310745533,0.004028496310745533,0.009841768124549243,-0.47250761258221985,0.14678228661276255,3.964752658095961e-05,0,0,1,0,0,0.006504202390505531
2017-05-19,237.33,239.08,237.27,238.31,114380500,0.006504202390505531,0.006504202390505531,0.007626511608309115,0.06777337679401185,0.1594138470842922,4.9604375033982325e-05,1,0,0,0,0,0.0050774201670094055
2017-05-22,238.9,239.71,238.82,239.52,60274380,0.0050774201670094055,0.0050774201670094055,0.0037254081205525943,-0.6406234641971409,0.15837646029908836,1.891546232163435e-05,0,1,0,0,0,0.0022127588510354457
2017-05-23,239.95,240.24,239.51,240.05,48239370,0.0022127588510354457,0.0022127588510354457,0.00304230047926659,-0.2227316410547111,0.15954892278855004,6.731877313006526e-06,0,0,0,1,0,0.002332847323474274
2017-05-24,240.32,240.73,239.93,240.61,48761320,0.002332847323474274,0.002332847323474274,0.0033288948069240304,0.010761882762569286,0.029056697184649056,7.765803340460135e-06,0,0,0,0,1,0.004779518723244891
2017-05-25,241.2,242.08,240.96,241.76,63952460,0.004779518723244891,0.004779518723244891,0.0046434494195688415,0.27120261434970416,0.029537575309953205,2.21934534412699e-05,0,0,1,0,0,0.00020681667769684164
2017-05-26,241.54,241.9,241.45,241.71,46547760,-0.00020681667769684164,0.00020681667769684164,0.0018630454583092534,-0.3176611067265718,0.034324842897622755,3.853088720857095e-07,1,0,0,0,0,0.0008688097306690512
2017-05-30,241.34,241.79,241.16,241.5,35144010,-0.0008688097306690512,0.0008688097306690512,0.0026104251263777056,-0.281024684076435,0.03582246877173726,2.2679627509799383e-06,0,0,0,1,0,0.0002484472049689712
2017-05-31,241.84,241.88,240.64,241.44,90456540,-0.0002484472049689712,0.0002484472049689712,0.005127356930201824,0.9454153057520287,0.03760318721328939,1.2738774981869276e-06,0,0,0,0,1,0.007952286282306265
2017-06-01,241.97,243.38,241.64,243.36,68657470,0.007952286282306265,0.007952286282306265,0.0071909740876968595,-0.27573957174541164,0.06194858578291687,5.718468459401154e-05,0,0,1,0,0,0.003328402366863825
2017-06-02,243.42,244.35,243.08,244.17,88562440,0.003328402366863825,0.003328402366863825,0.005217319858680396,0.2545778975764925,0.05905104213505125,1.7365339766317468e-05,1,0,0,0,0,0.0007371913011425812
2017-06-05,243.97,244.3,243.76,243.99,44657990,-0.0007371913011425812,0.0007371913011425812,0.002213386891831047,-0.6846745901803217,0.06039949076072231,1.6316895627208632e-06,0,1,0,0,0,0.0031968523300135443
2017-06-06,243.34,243.98,243.12,243.21,50250970,-0.0031968523300135443,0.0031968523300135443,0.0035341497493218757,0.1179966090614073,0.06876854344086747,1.1298154860736421e-05,0,0,0,1,0,0.0018502528678918662
2017-06-07,243.6,243.92,242.83,243.66,53896140,0.0018502528678918662,0.0018502528678918662,0.004474548440065579,0.07002900966898196,0.06715652568563757,8.279046083752413e-06,0,0,0,0,1,0.0004924895345974623
2017-06-08,243.77,244.33,243.17,243.78,65450200,0.0004924895345974623,0.0004924895345974623,0.00475858391106381,0.19423068359323636,0.03961004302861212,2.3435527757027873e-06,0,0,1,0,0,0.0015177619164821188
2017-06-09,244.09,245.01,241.95,243.41,132130500,-0.0015177619164821188,0.0015177619164821188,0.012536359539514123,0.7025005147414198,0.030534858266729695,1.902720908040185e-05,1,0,0,0,0,0.00020541473234458874
2017-06-12,243.13,243.42,242.38,243.36,85851610,-0.00020541473234458874,0.00020541473234458874,0.0042775469913214825,-0.43116972568349965,0.030641461859425106,8.786711703137032e-07,0,1,0,0,0,0.00488987508218286
2017-06-13,243.98,244.61,243.5799,244.55,59719680,0.00488987508218286,0.00488987508218286,0.00422206738257236,-0.3629587213930954,0.03876425839980137,2.0645382089337593e-05,0,0,0,1,0,0.0012676344305867504
2017-06-14,244.86,244.87,243.29,244.24,78152710,-0.0012676344305867504,0.0012676344305867504,0.0064526668300253715,0.26900311490248896,0.04121431015919127,8.179622642845224e-06,0,0,0,0,1,0.0019243367179823112
2017-06-15,242.68,243.91,242.36,243.77,66366470,-0.0019243367179823112,0.0019243367179823112,0.00638701170265363,-0.16347277183461628,0.04459473624033849,1.22907611375991e-05,0,0,1,0,0,0.004635517085777696
2017-06-16,242.77,242.83,241.6337,242.64,83932400,-0.004635517085777696,0.004635517085777696,0.004927709354533129,0.23481975072771277,0.05543325878411664,2.2842480906684903e-05,1,0,0,0,0,0.008325090669304425
2017-06-19,243.59,244.73,243.48,244.66,64836890,0.008325090669304425,0.008325090669304425,0.005131573545712057,-0.25813697793734747,0.08482507950913631,4.272081504425686e-05,0,1,0,0,0,0.0067440529714706265
2017-06-20,244.25,244.26,242.99,243.01,56516390,-0.0067440529714706265,0.0067440529714706265,0.005199590583418554,-0.13734404464643646,0.09180618638253543,3.5066314324534594e-05,0,0,0,1,0,0.0002469034196124209
2017-06-21,243.42,243.59,242.41,242.95,55784180,-0.0002469034196124209,0.0002469034196124209,0.004847588530112591,-0.013040367703005984,0.09207892214065978,1.1968861849587477e-06,0,0,0,0,1,0.0004527680592714134
2017-06-22,242.96,243.53,242.64,242.84,44068300,-0.0004527680592714134,0.0004527680592714134,0.003663154428712606,-0.23574960876383244,0.09178590282848703,1.6585593214996895e-06,0,0,1,0,0,0.0011942019436665952
2017-06-23,242.91,243.51,242.47,243.13,66839890,0.0011942019436665952,0.0011942019436665952,0.004281421102465901,0.41655934715825893,0.08534665559019643,5.112881402219956e-06,1,0,0,0,0,0.000658084152511007
2017-06-26,243.9,244.38,243.045,243.29,56556170,0.000658084152511007,0.000658084152511007,0.005473554735547388,-0.16706575168893778,0.051042509057217085,3.602059629365312e-06,0,1,0,0,0,0.00805622919149973
2017-06-27,243.04,243.38,241.31,241.33,82144080,-0.00805622919149973,0.00805622919149973,0.008517116524028938,0.37324046948457834,0.06018511611159616,6.861584276828666e-05,0,0,0,1,0,0.008950399867401426
2017-06-28,242.5,243.715,242.23,243.49,69904140,0.008950399867401426,0.008950399867401426,0.006123711340206242,-0.1613499015024793,0.09591424319253775,5.480966516738656e-05,0,0,0,0,1,0.008788861965583816
2017-06-29,243.66,243.72,239.955,241.35,106617800,-0.008788861965583816,0.008788861965583816,0.01545185914799305,0.42212559727463983,0.11687283454924387,0.00013580425716335447,0,0,1,0,0,0.0018645121193288094
2017-06-30,242.28,242.71,241.575,241.8,85199080,0.0018645121193288094,0.0018645121193288094,0.004684662374112677,-0.2242598391415207,0.1178339228227414,8.734609771496759e-06,1,0,0,0,0,0.0016956162117451878
2017-07-03,242.88,243.38,242.21,242.21,39153810,0.0016956162117451878,0.0016956162117451878,0.004817193675889277,-0.7774928861424364,0.11901922562789616,8.168111691954251e-06,0,1,0,0,0,0.0023120432682384173
2017-07-05,242.63,243.01,241.7,242.77,54252310,0.0023120432682384173,0.0023120432682384173,0.0053991674566212025,0.32614782934190956,0.10095291096357255,1.2483108772172988e-05,0,0,0,0,1,0.009144457717180865
2017-07-06,241.89,242.03,240.34,240.55,65968410,-0.009144457717180865,0.009144457717180865,0.006986646822936036,0.195530415647017,0.09507094419520681,6.388909645721461e-05,0,0,1,0,0,0.006485138224901377
2017-07-07,241.21,242.28,240.5645,242.11,57080980,0.006485138224901377,0.006485138224901377,0.007112060030678626,-0.1447050273726127,0.0923286218145529,4.6122692362747216e-05,1,0,0,0,0,0.0010738920325470414
2017-07-10,241.95,242.8,241.76,242.37,36531030,0.0010738920325470414,0.0010738920325470414,0.004298408762141023,-0.44630891507903314,0.09183872220499684,4.616026922293635e-06,0,1,0,0,0,0.0007426661715559391
2017-07-11,242.16,242.55,240.85,242.19,50246650,-0.0007426661715559391,0.0007426661715559391,0.007020151965642621,0.31878183416505834,0.09144337105011113,5.213629384064706e-06,0,0,0,1,0,0.007514761137949577
2017-07-12,243.3,244.2,243.3,244.01,59173800,0.007514761137949577,0.007514761137949577,0.0036991368680640247,0.1635349953078098,0.10603715354057994,2.7798129980084046e-05,0,0,0,0,1,0.001680259005778506
2017-07-13,244.02,244.55,243.76,244.42,39374380,0.001680259005778506,0.001680259005778506,0.003237439554134991,-0.40736351687252537,0.05711726201153719,5.43973696649887e-06,0,0,1,0,0,0.004664102773913825
2017-07-14,244.43,245.97,244.31,245.56,60218150,0.004664102773913825,0.004664102773913825,0.006791310395614272,0.4248584421098798,0.051732605941529106,3.167536965469432e-05,1,0,0,0,0,0.00012216973448442303
2017-07-17,245.47,245.91,245.33,245.53,33455300,-0.00012216973448442303,0.00012216973448442303,0.0023628141931803645,-0.5877635691425169,0.05490201441361127,2.8866438261687134e-07,0,1,0,0,0,0.0005294668675925873
2017-07-18,245.06,245.72,244.67,245.66,42462230,0.0005294668675925873,0.0005294668675925873,0.004284664980004943,0.2384047491104937,0.05059828019960396,2.268588145646873e-06,0,0,0,1,0,0.005413986811039662
2017-07-19,246.02,247.0,246.01,246.99,50876400,0.005413986811039662,0.005413986811039662,0.004024063084302126,0.1807841830019683,0.03935393567327695,2.178622446520329e-05,0,0,0,0,1,0.00044536216041124455
2017-07-20,247.28,247.42,246.47,247.1,46994570,0.00044536216041124455,0.00044536216041124455,0.0038417987706243473,-0.07936709706724088,0.0417460787249483,1.7109918003505227e-06,0,0,1,0,0,0.0008903278025090833
2017-07-21,246.44,246.91,246.18,246.88,88656800,-0.0008903278025090833,0.0008903278025090833,0.0029621814640480026,0.6347406626057825,0.039540420641474755,2.637312513518997e-06,1,0,0,0,0,0.00024303305249517848
2017-07-24,246.79,246.98,246.28,246.82,46497170,-0.00024303305249517848,0.00024303305249517848,0.00283641962802378,-0.6453812749727916,0.039779599698678836,6.893437203558579e-07,0,1,0,0,0,0.0024309213191799905
2017-07-25,247.68,247.8,247.16,247.42,54492150,0.0024309213191799905,0.0024309213191799905,0.002583979328165434,0.15866520091605452,0.040492799428185636,6.281450437157743e-06,0,0,0,1,0,4.041710451874181e-05
2017-07-26,247.75,247.79,247.13,247.43,47318940,4.041710451874181e-05,4.041710451874181e-05,0.0026639757820383315,-0.14114601363271007,0.019961914335403636,1.076701876180402e-07,0,0,0,0,1,0.0009295558339733612
2017-07-27,247.96,248.0,245.68,247.2,70410610,-0.0009295558339733612,0.0009295558339733612,0.009356347798031912,0.39743331692180206,0.02187210099803583,8.697247680344375e-06,0,0,1,0,0,0.0011731391585759754
2017-07-28,246.65,247.06,246.13,246.91,50018870,-0.0011731391585759754,0.0011731391585759754,0.0037705250354753976,-0.34194362201489525,0.022738883294176875,4.423350567507257e-06,1,0,0,0,0,0.0005670082216191474
2017-07-31,247.37,247.48,246.53,246.77,65446360,-0.0005670082216191474,0.0005670082216191474,0.003840401018716856,0.2688305368926329,0.02309314008360608,2.1775389519270067e-06,0,1,0,0,0,0.0022287960449001165
2017-08-01,247.46,247.5,246.716,247.32,54942570,0.0022287960449001165,0.0022287960449001165,0.003168188798189573,-0.17494241503828434,0.02173549238710333,7.0612466629017745e-06,0,0,0,1,0,0.00048520135856389146
2017-08-02,247.47,247.6,246.37,247.44,46641310,0.00048520135856389146,0.00048520135856389146,0.004970299430233927,-0.16380182551091238,0.022116880899211197,2.4115960360188367e-06,0,0,0,0,1,0.0019398642095053154
2017-08-03,247.31,247.34,246.64,246.96,40725660,-0.0019398642095053154,0.0019398642095053154,0.002830455703368311,-0.13562826539372708,0.02569163237585026,5.49069971555438e-06,0,0,1,0,0,0.0018221574344023939
2017-08-04,247.52,247.79,246.97,247.41,60164150,0.0018221574344023939,0.0018221574344023939,0.0033128636069812262,0.39021829142350484,0.027247084033014134,6.0365590506219715e-06,1,0,0,0,0,0.0018592619538417843
2017-08-07,247.49,247.87,247.37,247.87,31853630,0.0018592619538417843,0.0018592619538417843,0.0020202836478241545,-0.6359252979363212,0.02723386021104538,3.7562365223681445e-06,0,1,0,0,0,0.0024609674426111505
2017-08-08,247.51,248.91,246.83,247.26,61437080,-0.0024609674426111505,0.0024609674426111505,0.008403700860571225,0.6568621992851398,0.03255338309101076,2.0681234215309095e-05,0,0,0,1,0,4.044325810881322e-05
2017-08-09,246.47,247.31,246.06,247.25,62302650,-4.044325810881322e-05,4.044325810881322e-05,0.005071611149429951,0.013990399109857776,0.032224377280248115,2.051124787439304e-07,0,0,0,0,1,0.014115267947421684
2017-08-10,246.29,246.44,243.7,243.76,119874200,-0.014115267947421684,0.014115267947421684,0.01112509643103662,0.6544388908500345,0.10607798005428896,0.00015703371706498657,0,0,1,0,0,0.0014768624876928538
2017-08-11,244.02,244.8,243.75,244.12,74719460,0.0014768624876928538,0.0014768624876928538,0.004302925989673024,-0.47270228760791966,0.10519845429219599,6.354829981466737e-06,1,0,0,0,0,0.009913157463542488
2017-08-14,245.59,246.79,245.55,246.54,73068140,0.009913157463542488,0.009913157463542488,0.005049065515696814,-0.02234813617525333,0.13754301671952254,5.005218150084488e-05,0,1,0,0,0,0.00012168410805546426
2017-08-15,246.98,247.0,246.16,246.51,55046030,-0.00012168410805546426,0.00012168410805546426,0.0034010851081059334,-0.2832226816450323,0.13702782372141345,4.138580078005927e-07,0,0,0,1,0,0.0017443511419414914
2017-08-16,247.11,247.57,246.45,246.94,56456130,0.0017443511419414914,0.0017443511419414914,0.004532394480191026,0.025294131610085202,0.13805050936526644,7.906087487250529e-06,0,0,0,0,1,0.015590831780999403
2017-08-17,246.24,246.6,243.09,243.09,127904900,-0.015590831780999403,0.015590831780999403,0.014254385964912243,0.8178231327629213,0.14748222001904104,0.00022223773372038566,0,0,1,0,0,0.0015632070426591094
2017-08-18,242.9,244.189,242.2,242.71,136647500,-0.0015632070426591094,0.0015632070426591094,0.008188554960889272,0.06611759776095028,0.1464704126731308,1.2800406784063297e-05,1,0,0,0,0,0.0007828272423879845
2017-08-21,242.64,243.2,241.83,242.9,65355480,0.0007828272423879845,0.0007828272423879845,0.005646224859874613,-0.7375633165962299,0.11383365002514655,4.4200186369581275e-06,0,1,0,0,0,0.010456978180320986
2017-08-22,243.57,245.62,243.55,245.44,62968970,0.010456978180320986,0.010456978180320986,0.008498583569405072,-0.03719922676226162,0.14955859902038143,8.886950294890329e-05,0,0,0,1,0,0.003585397653194211
2017-08-23,244.33,245.05,244.16,244.56,49991840,-0.003585397653194211,0.003585397653194211,0.0036426144967871923,-0.2307822691394783,0.14855294175520745,1.3060221468272012e-05,0,0,0,0,1,0.0023307163886162607
2017-08-24,245.0,245.18,243.75,243.99,50537170,-0.0023307163886162607,0.0023307163886162607,0.005836734693877579,0.010849312815544465,0.08975202131794817,1.3603773207025587e-05,0,0,1,0,0,0.0023361613180867824
2017-08-25,244.9,245.61,244.39,244.56,63764770,0.0023361613180867824,0.0023361613180867824,0.004981625153123836,0.2324917342321804,0.08765959711439583,1.1637879983936048e-05,1,0,0,0,0,4.0889761203866115e-05
2017-08-28,245.17,245.2,244.09,244.57,38914700,4.0889761203866115e-05,4.0889761203866115e-05,0.004527470734592263,-0.49382876219129557,0.08821554126076489,1.8512719719496995e-07,0,1,0,0,0,0.001144866500388364
2017-08-29,243.06,245.15,242.93,244.85,50873040,0.001144866500388364,0.001144866500388364,0.009133547272278445,0.2679610399096042,0.03881221475184736,1.0456692301745112e-05,0,0,0,1,0,0.004737594445578974
2017-08-30,244.83,246.32,244.62,246.01,61742150,0.004737594445578974,0.004737594445578974,0.006943593513866718,0.19363372123839895,0.041711728802266944,3.289593006365316e-05,0,0,0,0,1,0.006016015609121572
2017-08-31,246.72,247.77,246.0473,247.49,102987700,0.006016015609121572,0.006016015609121572,0.006982409208819728,0.5116427152156966,0.03940680561224119,4.200628278953369e-05,0,0,1,0,0,0.0014141985534767976
2017-09-01,247.92,248.33,247.67,247.84,61928670,0.0014141985534767976,0.0014141985534767976,0.0026621490803486005,-0.5086263183258417,0.040694243494346576,3.764807378568578e-06,1,0,0,0,0,0.007182052937378947
2017-09-05,247.26,247.52,244.95,246.06,90176820,-0.007182052937378947,0.007182052937378947,0.010393917333980512,0.37578916564567066,0.08172400341655245,7.464966451938869e-05,0,0,0,1,0,0.003413801511826353
2017-09-06,246.84,247.28,246.23,246.9,57577360,0.003413801511826353,0.003413801511826353,0.004253767622751626,-0.44864296840515294,0.08315674822174765,1.4521518341507491e-05,0,0,0,0,1,0.00012150668286758926
2017-09-07,247.25,247.27,246.4,246.87,57769340,-0.00012150668286758926,0.00012150668286758926,0.0035187057633973896,0.003328750175636941,0.07894919789474582,4.2754626529748516e-07,0,0,1,0,0,0.0011747073358447935
2017-09-08,246.54,247.11,246.3,246.58,63733100,-0.0011747073358447935,0.0011747073358447935,0.003285470917498184,0.09824586412177538,0.06348101083396472,3.859466788489841e-06,1,0,0,0,0,0.010665909643928995
2017-09-11,248.04,249.3,248.02,249.21,71248670,0.010665909643928995,0.010665909643928995,0.005160457990646674,0.11147209979815997,0.1041315140879892,5.504097864952881e-05,0,1,0,0,0,0.003370651257975199
2017-09-12,249.63,250.09,249.42,250.05,56617170,0.003370651257975199,0.003370651257975199,0.002683972278972944,-0.22986385258453268,0.07359865878078749,9.046734538490716e-06,0,0,0,1,0,0.0004799040191960646
2017-09-13,249.72,250.21,249.59,250.17,58999620,0.0004799040191960646,0.0004799040191960646,0.002482780714400146,0.041218706397589955,0.07604573627231641,1.1914964436231067e-06,0,0,0,0,1,0.00031978254786735327
2017-09-14,249.8,250.32,249.6,250.09,94415520,-0.00031978254786735327,0.00031978254786735327,0.002882305844675736,0.4701744568530053,0.07651161112568625,9.217111067433707e-07,0,0,1,0,0,0.0035987044663920997
2017-09-15,248.69,249.29,248.57,249.19,94195140,-0.0035987044663920997,0.0035987044663920997,0.0028951706944388552,-0.0023368784983226476,0.08546573719390362,1.0418863709044626e-05,1,0,0,0,0,0.002126891127252284
2017-09-18,249.61,250.12,249.28,249.72,46389770,0.002126891127252284,0.002126891127252284,0.0033652497896719015,-0.708289616168198,0.04223956844800629,7.157519918640782e-06,0,1,0,0,0,0.0010011212558065363
2017-09-19,250.0,250.07,249.6,249.97,46977870,0.0010011212558065363,0.0010011212558065363,0.0018799999999999954,0.01259767870491757,0.0344058318895318,1.8821079609162836e-06,0,0,0,1,0,0.00036004320518467914
2017-09-20,250.07,250.19,248.92,250.06,59451260,0.00036004320518467914,0.00036004320518467914,0.005078577998160556,0.2354801729659286,0.03429722345467831,1.828507500238118e-06,0,0,0,0,1,0.002679356954330969
2017-09-21,249.88,249.98,249.185,249.39,48070470,-0.002679356954330969,0.002679356954330969,0.0031815271330238016,-0.21248875394479683,0.03906898425845923,8.524446849259993e-06,0,0,1,0,0,0.0002004891936324693
2017-09-22,249.05,249.63,249.02,249.44,51187270,0.0002004891936324693,0.0002004891936324693,0.0024493073679983345,0.06282280778599869,0.028253723563827406,4.910596591680518e-07,1,0,0,0,0,0.0020445798588838437
2017-09-25,249.15,249.5532,248.08,248.93,56897290,-0.0020445798588838437,0.0020445798588838437,0.005912903873168739,0.10575684230226656,0.025757978039422754,1.2089404166597073e-05,0,1,0,0,0,0.0006025790382839791
2017-09-26,249.42,249.7,248.805,249.08,54025690,0.0006025790382839791,0.0006025790382839791,0.003588324913799943,-0.05178803747109484,0.02427851916857579,2.162249375608012e-06,0,0,0,1,0,0.003894331138589946
2017-09-27,249.88,250.49,248.87,250.05,80720860,0.003894331138589946,0.003894331138589946,0.006483111893708999,0.4015373498039736,0.0411883311210624,2.5247384522633787e-05,0,0,0,0,1,0.0011997600479902726
2017-09-28,249.73,250.44,249.63,250.35,44658490,0.0011997600479902726,0.0011997600479902726,0.003243502983221889,-0.5919525852739582,0.03388042623239187,3.8914252948068855e-06,0,0,1,0,0,0.0035150788895546015
2017-09-29,250.34,251.32,250.13,251.23,85201140,0.0035150788895546015,0.0035150788895546015,0.004753535192138682,0.6459703685483831,0.038256216954930415,1.670905120464156e-05,1,0,0,0,0,0.004338653823189986
2017-10-02,251.49,252.32,251.2926,252.32,58696810,0.004338653823189986,0.004338653823189986,0.004085251898683844,-0.3726294274929778,0.026829037623355936,1.772449376891881e-05,0,1,0,0,0,0.0021401395053901595
2017-10-03,252.46,252.89,252.23,252.86,66628100,0.0021401395053901595,0.0021401395053901595,0.0026142755287966273,0.1267410272215237,0.020752245945830493,5.594914337152412e-06,0,0,0,1,0,0.0011864272720081281
2017-10-04,252.69,253.44,252.56,253.16,55799300,0.0011864272720081281,0.0011864272720081281,0.0034825279987336084,-0.17736508306584042,0.02238495970018923,4.131766193229441e-06,0,0,0,0,1,0.005925106651919698
2017-10-05,253.54,254.68,253.196,254.66,63350340,0.005925106651919698,0.005925106651919698,0.005853119823302078,0.12691894711958085,0.02943791307355656,3.4680359199530193e-05,0,0,1,0,0,0.00113877326631584
2017-10-06,254.15,254.7008,253.85,254.37,80525280,-0.00113877326631584,0.00113877326631584,0.0033476293527444126,0.2398908952640113,0.04362398655619045,3.8121908124395362e-06,1,0,0,0,0,0.0016511381059087782
2017-10-09,254.63,254.7,253.65,253.95,35697230,-0.0016511381059087782,0.0016511381059087782,0.004123630365628492,-0.8134980620584606,0.04812809632813971,6.808683231371751e-06,0,1,0,0,0,0.0026383146288639914
2017-10-10,254.6,255.05,253.98,254.62,42854370,0.0026383146288639914,0.0026383146288639914,0.004202670856245175,0.1827345240903817,0.04880612155971962,1.1087968000332002e-05,0,0,0,1,0,0.0015709685020814934
2017-10-11,254.51,255.02,254.32,255.02,47496390,0.0015709685020814934,0.0015709685020814934,0.002750383089073188,0.10284608236408488,0.048780430576341204,4.320765201591577e-06,0,0,0,0,1,0.0014900792094738602
2017-10-12,254.66,255.06,254.365,254.64,46825470,-0.0014900792094738602,0.0014900792094738602,0.00272912903479146,-0.01422642219780812,0.03142094465170686,4.066618434714218e-06,0,0,1,0,0,0.001217404963870461
2017-10-13,255.14,255.27,254.64,254.95,55027240,0.001217404963870461,0.001217404963870461,0.0024692325781924588,0.16140104651663023,0.030548260823846714,3.0060559976421554e-06,1,0,0,0,0,0.0013335948225141614
2017-10-16,255.21,255.51,254.82,255.29,38097990,0.0013335948225141614,0.0013335948225141614,0.0027036558128599886,-0.3676668024418994,0.024276221545030147,3.6055813938903972e-06,0,1,0,0,0,0.000705080496690158
2017-10-17,255.23,255.52,254.98,255.47,31446710,0.000705080496690158,0.000705080496690158,0.002115738745445365,-0.1918671521022297,0.019793693038958633,1.4917661255052298e-06,0,0,0,1,0,0.0009785884839708103
2017-10-18,255.9,255.95,255.5,255.72,40613860,0.0009785884839708103,0.0009785884839708103,0.0017584994138334844,0.2558150133021364,0.018494151866067524,1.720847275446868e-06,0,0,0,0,1,0.00027373689973408943
2017-10-19,254.83,255.83,254.35,255.79,61697310,0.00027373689973408943,0.00027373689973408943,0.005807793430914799,0.41813093583046523,0.00675884779085921,1.5898073680746277e-06,0,0,1,0,0,0.005160483208882294
2017-10-20,256.7,257.14,255.7744,257.11,89064780,0.005160483208882294,0.005160483208882294,0.005319828593689023,0.3671236332491006,0.03140310282284276,2.7452886131864108e-05,1,0,0,0,0,0.0038893858659717617
2017-10-23,257.48,257.51,256.02,256.11,63838430,-0.0038893858659717617,0.0038893858659717617,0.005786857231629676,-0.33300860559121404,0.05094886671801431,2.250732072509694e-05,0,1,0,0,0,0.0017570575143492917
2017-10-24,256.6,256.83,256.15,256.56,65036180,0.0017570575143492917,0.0017570575143492917,0.002650038971161367,0.018588370031562107,0.05156969275250606,4.656270887597546e-06,0,0,0,1,0,0.00495010913626448
2017-10-25,256.18,256.31,254.0,255.29,103485100,-0.00495010913626448,0.00495010913626448,0.009017097353423383,0.46448390484913915,0.06587459274418174,4.463561599176735e-05,0,0,0,0,1,0.0012926475772652157
2017-10-26,255.99,256.3,255.48,255.62,69643520,0.0012926475772652157,0.0012926475772652157,0.0032032501269581687,-0.39603797700771537,0.06685244811043503,4.140673515986972e-06,0,0,1,0,0,0.008176199045458077
2017-10-27,256.47,257.89,255.6254,257.71,85252510,0.008176199045458077,0.008176199045458077,0.008829882637345392,0.20222789663045404,0.08328457822624365,7.219487799097024e-05,1,0,0,0,0,0.0037251173800006976
2017-10-30,257.07,257.6,256.41,256.75,54223350,-0.0037251173800006976,0.0037251173800006976,0.004629089353094479,-0.45250592435210635,0.0827484164714272,1.724390120278843e-05,0,1,0,0,0,0.0015579357351507284
2017-10-31,257.18,257.44,256.805,257.15,59193910,0.0015579357351507284,0.0015579357351507284,0.0024690877984290802,0.08770703594712259,0.08257126805065607,3.846680114397303e-06,0,0,0,1,0,0.0013221854948475276
2017-11-01,258.04,258.43,257.07,257.49,54104920,0.0013221854948475276,0.0013221854948475276,0.0052705006975663216,-0.08989353897160512,0.06720883391649293,6.968579572905966e-06,0,0,0,0,1,0.0003883645966833438
2017-11-02,257.41,257.75,256.19,257.59,56264600,0.0003883645966833438,0.0003883645966833438,0.006060370614972232,0.039140437835818886,0.06787839659068574,2.353633389635279e-06,0,0,1,0,0,0.0033386389223184487
2017-11-03,257.77,258.5,257.3,258.45,59484150,0.0033386389223184487,0.0033386389223184487,0.0046553128758194855,0.0556443265864317,0.04176533042026286,1.5542408762781166e-05,1,0,0,0,0,0.0015476881408398313
2017-11-06,258.3,259.0,258.22,258.85,49529150,0.0015476881408398313,0.0015476881408398313,0.0030197444831590115,-0.18314850199431731,0.016963861646690916,4.673622724951708e-06,0,1,0,0,0,0.000695383426695062
2017-11-07,258.97,259.35,258.09,258.67,57178400,-0.000695383426695062,0.000695383426695062,0.004865428428003428,0.14361481685331867,0.023757306117036865,3.3833382926045925e-06,0,0,0,1,0,0.001701009007615939
2017-11-08,258.47,259.22,258.15,259.11,50277640,0.001701009007615939,0.001701009007615939,0.00413974542500116,-0.12861575682189397,0.02405025704985114,7.041744257163847e-06,0,0,0,0,1,0.0036278028636486104
2017-11-09,257.73,258.39,256.36,258.17,94490930,-0.0036278028636486104,0.0036278028636486104,0.007876459861094838,0.630943396282408,0.0427835782577324,2.857424363949319e-05,0,0,1,0,0,0.00030987333927268157
2017-11-10,257.73,258.2926,257.37,258.09,59830970,-0.00030987333927268157,0.00030987333927268157,0.0035797152058355194,-0.4569804250538354,0.03427387820538109,1.1092583044774471e-06,1,0,0,0,0,0.0009299081715681279
2017-11-13,257.31,258.59,257.27,258.33,50040800,0.0009299081715681279,0.0009299081715681279,0.005129998834091148,-0.1786847439218029,0.032433157243671934,4.770427835956327e-06,0,1,0,0,0,0.002322610614330367
2017-11-14,257.41,257.85,256.52,257.73,61082090,-0.002322610614330367,0.002322610614330367,0.00516685443455981,0.1993800208913754,0.035296416918985815,1.2000590952408543e-05,0,0,0,1,0,0.005005238039809234
2017-11-15,256.62,257.22,255.63,256.44,80248990,-0.005005238039809234,0.005005238039809234,0.0061959317278467456,0.272915475166144,0.03823387475506221,3.1012113176279486e-05,0,0,0,0,1,0.008501013882389774
2017-11-16,257.52,259.04,257.4748,258.62,67487850,0.008501013882389774,0.008501013882389774,0.006077974526250406,-0.17318659222834043,0.08056676453053807,5.166894582446611e-05,0,0,1,0,0,0.0029386745031320105
2017-11-17,258.22,258.5882,257.77,257.86,75679800,-0.0029386745031320105,0.0029386745031320105,0.0031686159089148406,0.1145636987535461,0.0840281413354799,9.311530781746503e-06,1,0,0,0,0,0.001706352284185142
2017-11-20,258.14,258.525,257.86,258.3,47835520,0.001706352284185142,0.001706352284185142,0.002576121484465653,-0.45874281457018284,0.08484360548256992,4.395770779356386e-06,0,1,0,0,0,0.00654277971351136
2017-11-21,259.18,260.2,258.2627,259.99,68920380,0.00654277971351136,0.00654277971351136,0.007474727988270674,0.36518345911564154,0.09261966210778222,4.8905498645672944e-05,0,0,0,1,0,0.0008846494095927637
2017-11-22,260.0,260.15,259.57,259.76,44890370,-0.0008846494095927637,0.0008846494095927637,0.0022307692307691695,-0.42872862238642284,0.07694827254947562,1.9734486829376496e-06,0,0,0,0,1,0.0023098244533417134
2017-11-24,260.32,260.48,260.16,260.36,27856510,0.0023098244533417134,0.0023098244533417134,0.001229256299938511,-0.4771565902066932,0.056904938950723565,2.8393662610223284e-06,1,0,0,0,0,0.0004993086495621579
2017-11-27,260.41,260.75,260.0,260.23,52070370,-0.0004993086495621579,0.0004993086495621579,0.002880073729887485,0.6255293649735236,0.047125294173233925,1.4380457247095674e-06,0,1,0,0,0,0.010144871844137926
2017-11-28,260.76,262.9,260.655,262.87,98662580,0.010144871844137926,0.010144871844137926,0.008609449302040209,0.6391096638413671,0.07531880659214289,8.734175981780063e-05,0,0,0,1,0,0.0006086658804733691
2017-11-29,263.02,263.63,262.2,262.71,77179920,-0.0006086658804733691,0.0006086658804733691,0.0054368489088282524,-0.2455664234870909,0.07435860360210664,3.3092244280926244e-06,0,0,0,0,1,0.00875490084123176
2017-11-30,263.76,266.05,263.67,265.01,126401000,0.00875490084123176,0.00875490084123176,0.009023354564755821,0.4933200684574892,0.08121899153522194,7.899857446971319e-05,0,0,1,0,0,0.0020753933813818515
2017-12-01,264.76,265.31,260.76,264.46,163874800,-0.0020753933813818515,0.0020753933813818515,0.017185375434355686,0.25964332675772894,0.09225420724424224,3.566641443302405e-05,1,0,0,0,0,0.0012100128563865553
2017-12-04,266.31,266.8,264.08,264.14,93827280,-0.0012100128563865553,0.0012100128563865553,0.01021366077128169,-0.5576470717996642,0.09414077273493354,1.2358660844021867e-05,0,1,0,0,0,0.0035965775724994264
2017-12-05,264.43,265.15,263.04,263.19,77839930,-0.0035965775724994264,0.0035965775724994264,0.007979427447717569,-0.18680110449961518,0.07752785893653702,2.8698629799847347e-05,0,0,0,1,0,0.00018997682282773098
2017-12-06,262.87,263.73,262.71,263.24,75513050,0.00018997682282773098,0.00018997682282773098,0.0038802449880170372,-0.030349049200243172,0.07717526847207197,7.371566146167038e-07,0,0,0,0,1,0.003153016258927055
2017-12-07,263.09,264.43,262.94,264.07,76832360,0.003153016258927055,0.003153016258927055,0.0056634611729826645,0.01732041634749848,0.04061165661446291,1.7856985160216432e-05,0,0,1,0,0,0.0054530995569357366
2017-12-08,264.99,265.52,264.0315,265.51,76301480,0.0054530995569357366,0.0054530995569357366,0.00561719310162643,-0.006933570266063782,0.05664451355687133,3.063111321370156e-05,1,0,0,0,0,0.0030130691876013582
2017-12-11,265.58,266.38,265.4793,266.31,82848590,0.0030130691876013582,0.0030130691876013582,0.0033914451389410803,0.0823223887646165,0.0551273831709273,1.0218658849583776e-05,0,1,0,0,0,0.0017648605009199514
2017-12-12,266.57,267.32,266.345,266.78,84494560,0.0017648605009199514,0.0017648605009199514,0.0036575758712532017,0.019672428338132875,0.03079859045667463,6.4551111842926534e-06,0,0,0,1,0,0.00011245220781153087
2017-12-13,267.06,267.56,266.65,266.75,102819600,-0.00011245220781153087,0.00011245220781153087,0.0034074739758856625,0.1962888406242591,0.03239404503317625,3.8317797164867786e-07,0,0,0,0,1,0.004086223055295157
2017-12-14,267.09,267.22,265.6,265.66,99647210,-0.004086223055295157,0.004086223055295157,0.006065371223183214,-0.03133994774256621,0.05688393429152876,2.478445973109504e-05,0,0,1,0,0,0.003199578408491943
2017-12-15,265.45,267.04,265.39,266.51,142356000,0.003199578408491943,0.003199578408491943,0.00621585986061418,0.356694911182327,0.04781137802814354,1.988813100023287e-05,1,0,0,0,0,0.0063412254699635184
2017-12-18,268.1,268.6,267.98,268.2,83360810,0.0063412254699635184,0.0063412254699635184,0.002312569936590841,-0.5351526626471212,0.061569346056867785,1.466452738298176e-05,0,1,0,0,0,0.0038404175988067113
2017-12-19,268.48,268.53,267.09,267.17,78001550,-0.0038404175988067113,0.0038404175988067113,0.005363528009535152,-0.06644959573720755,0.07163611852752448,2.059818735951153e-05,0,0,0,1,0,0.0005240109293709327
2017-12-20,268.27,268.33,266.69,267.03,76604710,-0.0005240109293709327,0.0005240109293709327,0.0061132441197300725,-0.018070134946377436,0.07184480698450073,3.203406732651145e-06,0,0,0,0,1,0.0020596936673782373
2017-12-21,267.74,268.385,267.3,267.58,65925710,0.0020596936673782373,0.0020596936673782373,0.004052438933293417,-0.15013005899677268,0.061092129489164294,8.34678280834147e-06,0,0,1,0,0,0.0002616040062785041
2017-12-22,267.6,267.635,266.9,267.51,78657310,-0.0002616040062785041,0.0002616040062785041,0.0027466367713004994,0.17657206415477944,0.05976460019522815,7.185311831640661e-07,1,0,0,0,0,0.0011962169638517484
2017-12-26,267.05,267.4377,266.885,267.19,45106430,-0.0011962169638517484,0.0011962169638517484,0.002069649878300003,-0.5560757507408347,0.03361287802768094,2.47575029365617e-06,0,0,0,1,0,0.00048654515513302243
2017-12-27,267.38,267.73,267.01,267.32,57677280,0.00048654515513302243,0.00048654515513302243,0.0026927967686439795,0.2458385218977881,0.01974656107656997,1.3101672215415865e-06,0,0,0,0,1,0.002057459224898972
2017-12-28,267.89,267.92,267.45,267.87,44797000,0.002057459224898972,0.002057459224898972,0.0017544514539550836,-0.252722157259921,0.022773509753271245,3.6097123285773006e-06,0,0,1,0,0,0.003770485683353808
2017-12-29,268.53,268.55,266.64,266.86,95651160,-0.003770485683353808,0.003770485683353808,0.007112799314788013,0.7585666385997918,0.034364462478680476,2.681870798497698e-05,1,0,0,0,0,0.007157310949561513
2018-01-02,267.84,268.81,267.4,268.77,86408820,0.007157310949561513,0.007157310949561513,0.005264336917562818,-0.10161806830964792,0.06490186810951902,3.7678496262253256e-05,0,0,0,1,0,0.006325110689437308
2018-01-03,268.96,270.64,268.96,270.47,89133670,0.006325110689437308,0.006325110689437308,0.006246281975014898,0.03104739881855778,0.07093922090356726,3.950842488940631e-05,0,0,0,0,1,0.00421488519983737
2018-01-04,271.2,272.16,270.5447,271.61,80455860,0.00421488519983737,0.00421488519983737,0.005956120943952978,-0.10242844083633784,0.0693543602270993,2.5104366015108794e-05,0,0,1,0,0,0.006663966716983882
2018-01-05,272.51,273.56,271.95,273.42,82724160,0.006663966716983882,0.006663966716983882,0.005908040071924016,0.027802988231069747,0.07223698605419977,3.937098240190871e-05,1,0,0,0,0,0.0018286884646332435
2018-01-08,273.31,274.1,272.98,273.92,57116850,0.0018286884646332435,0.0018286884646332435,0.004097910797263198,-0.3704125247595549,0.035112023584935155,7.493802204051229e-06,0,1,0,0,0,0.0022634345794392274
2018-01-09,274.4,275.25,274.081,274.54,57114650,0.0022634345794392274,0.0022634345794392274,0.0042602040816325905,-3.851827143819264e-05,0.03544614421446915,9.642693233835343e-06,0,0,0,1,0,0.0015298317185110655
2018-01-10,273.68,274.42,272.92,274.12,69394220,-0.0015298317185110655,0.0015298317185110655,0.005480853551593101,0.19474292446379238,0.04818146280696403,8.38478360774115e-06,0,0,0,0,1,0.007296074711805156
2018-01-11,274.75,276.12,274.56,276.12,62236650,0.007296074711805156,0.007296074711805156,0.005677888989990909,-0.10885952257034859,0.058246295827576094,4.1426302276309593e-05,0,0,1,0,0,0.006518904823989535
2018-01-12,276.42,278.11,276.0819,277.92,90463870,0.006518904823989535,0.006518904823989535,0.007337023370233684,0.37400648494673305,0.05772596707981219,4.782935704194032e-05,1,0,0,0,0,0.0034182498560736407
2018-01-16,279.35,280.09,276.18,276.97,106269200,-0.0034182498560736407,0.0034182498560736407,0.013996778235188715,0.16102495124304284,0.07534118993986606,4.7844485187928494e-05,0,0,0,1,0,0.009531718236632125
2018-01-17,278.03,280.05,276.97,279.61,112844200,0.009531718236632125,0.009531718236632125,0.011077941229363682,0.06003260837496427,0.09150434561290664,0.00010559181444026471,0,0,0,0,1,0.00168091269983206
2018-01-18,279.48,279.96,278.58,279.14,100397600,-0.00168091269983206,0.00168091269983206,0.004937741519965634,-0.11686980259672453,0.09205088711395795,8.299912429398294e-06,0,0,1,0,0,0.004549688328437496
2018-01-19,279.8,280.41,279.14,280.41,141303100,0.004549688328437496,0.004549688328437496,0.004538956397426871,0.34176892311355545,0.08713001448657016,2.065083694465974e-05,1,0,0,0,0,0.008130951107307105
2018-01-22,280.17,282.69,280.11,282.69,91146870,0.008130951107307105,0.008130951107307105,0.009208694721062154,-0.4384350631586642,0.09174425010662228,7.487544653907342e-05,0,1,0,0,0,0.002122466305847448
2018-01-23,282.74,283.62,282.37,283.29,96892090,0.002122466305847448,0.002122466305847448,0.004421022847846077,0.061125722833839546,0.07203077571883185,9.383472031935029e-06,0,0,0,1,0,0.0003882946803629439
2018-01-24,284.02,284.7,281.84,283.18,134617200,-0.0003882946803629439,0.0003882946803629439,0.010069713400464805,0.3288373071692767,0.06242876008931739,3.910016146179934e-06,0,0,0,0,1,0.00042375874002398284
2018-01-25,284.16,284.27,282.405,283.3,84342320,0.00042375874002398284,0.00042375874002398284,0.006563203828828861,-0.4675514350044203,0.05476740097103952,2.7812149850250978e-06,0,0,1,0,0,0.011577832686198386
2018-01-26,284.25,286.6285,283.96,286.58,107598800,0.011577832686198386,0.011577832686198386,0.009387862796833754,0.24352573703949432,0.08300528997004415,0.00010869110474272763,1,0,0,0,0,0.006629911368553176
2018-01-29,285.93,286.43,284.5,284.68,89891820,-0.006629911368553176,0.006629911368553176,0.00674990382261395,-0.17980254606958113,0.10431934876083408,4.475126409018877e-05,0,1,0,0,0,0.010257130813545068
2018-01-30,282.6,284.736,281.22,281.76,131479000,-0.010257130813545068,0.010257130813545068,0.012441613588110271,0.3802401921800289,0.1323353602826491,0.00012761525810482688,0,0,0,1,0,0.0004968767745598957
2018-01-31,282.73,283.3,280.68,281.9,118655600,0.0004968767745598957,0.0004968767745598957,0.00926679163866588,-0.10262196281750136,0.1327647097172687,4.604453539938913e-06,0,0,0,0,1,0.001135154310038966
2018-02-01,281.07,283.06,280.68,281.58,89757330,-0.001135154310038966,0.001135154310038966,0.008467641512790391,-0.27911548135205777,0.13226228234484982,9.612079759108884e-06,0,0,1,0,0,0.02177001207472118
2018-02-02,280.08,280.23,275.41,275.45,172897100,-0.02177001207472118,0.02177001207472118,0.017209368751785182,0.6555869191475736,0.14105300300676588,0.00037464816552469274,1,0,0,0,0,0.04182247231802494
2018-02-05,273.45,275.85,263.31,263.93,292453400,-0.04182247231802494,0.04182247231802494,0.04585847504114105,0.525608715528378,0.2772485841363056,0.0019179148029549592,0,1,0,0,0,0.0197021937634978
2018-02-06,259.94,269.7,258.7,269.13,353681700,0.0197021937634978,0.0197021937634978,0.04231745787489421,0.19009201777891604,0.3736588925430179,0.0008337467546298215,0,0,0,1,0,0.005424887600787631
2018-02-07,268.5,272.36,267.58,267.67,166678000,-0.005424887600787631,0.005424887600787631,0.017802607076350202,-0.7523335454968993,0.3665688053024334,9.657714239018636e-05,0,0,0,0,1,0.03750887286584237
2018-02-08,268.01,268.17,257.59,257.63,244841900,-0.03750887286584237,0.03750887286584237,0.03947613895003933,0.3845488867651561,0.4000164029220601,0.0014807054771113534,0,0,1,0,0,0.015021542522221765
2018-02-09,260.8,263.61,252.92,261.5,283273100,0.015021542522221765,0.015021542522221765,0.04098926380368108,0.14579875330410275,0.45586636439709344,0.0006157219691815607,1,0,0,0,0,0.014684512428298158
2018-02-12,263.83,267.01,261.6644,265.34,140752800,0.014684512428298158,0.014684512428298158,0.02026153204715154,-0.6994062861563926,0.3771172386921955,0.00029753071916275816,0,1,0,0,0,0.0024873746890783366
2018-02-13,263.97,266.62,263.31,266.0,81055770,0.0024873746890783366,0.0024873746890783366,0.012539303708754791,-0.5518677187466352,0.3423839791836274,3.118994666382278e-05,0,0,0,1,0,0.013496240601503562
2018-02-14,264.31,270.0,264.3,269.59,120406400,0.013496240601503562,0.013496240601503562,0.021565585865082625,0.3957352473053568,0.35701302706363197,0.0002910543355475394,0,0,0,0,1,0.012760117215030231
2018-02-15,271.57,273.04,268.77,273.03,110226800,0.012760117215030231,0.012760117215030231,0.015723386235593176,-0.0883326254968857,0.08292901588853073,0.00020063225138336187,0,0,1,0,0,0.00029300809434884556
2018-02-16,272.32,275.32,272.27,273.11,160341500,0.00029300809434884556,0.00029300809434884556,0.011200058754406623,0.3747658515116221,0.10783199858145417,3.2817078722237895e-06,1,0,0,0,0,0.006261213430486023
2018-02-20,272.03,273.67,270.5,271.4,85431860,-0.006261213430486023,0.006261213430486023,0.011653126493401523,-0.6295868110851863,0.13439527828146625,7.296271210763811e-05,0,0,0,1,0,0.004974207811348386
2018-02-21,271.9,274.72,269.94,270.05,97671020,-0.004974207811348386,0.004974207811348386,0.017579992644354652,0.13388579212996632,0.1510368103027591,8.744653673499608e-05,0,0,0,0,1,0.0012960562858728153
2018-02-22,271.1,273.05,269.64,270.4,108484800,0.0012960562858728153,0.0012960562858728153,0.012578384360014846,0.10500517724578984,0.11947943975629638,1.630229411592155e-05,0,0,1,0,0,0.015939349112426004
2018-02-23,271.79,274.71,271.25,274.71,92045650,0.015939349112426004,0.015939349112426004,0.012730416865962615,-0.1643254197176418,0.14016697222992816,0.00020291455877329427,1,0,0,0,0,0.01161224564085761
2018-02-26,275.93,278.01,275.26,277.9,85166420,0.01161224564085761,0.01161224564085761,0.009966295799659334,-0.07767742406965894,0.1572486534708787,0.0001157310749550916,0,1,0,0,0,0.012486505937387427
2018-02-27,278.11,278.92,274.36,274.43,98302760,-0.012486505937387427,0.012486505937387427,0.016396389917658488,0.14344487781458426,0.18534974478733254,0.00020473362005856205,0,0,0,1,0,0.010130087818387312
2018-02-28,275.68,276.19,271.29,271.65,121488400,-0.010130087818387312,0.010130087818387312,0.017774230992454936,0.21176667895699453,0.2010105688843418,0.00018005452085786999,0,0,0,0,1,0.014540769372354045
2018-03-01,271.41,273.17,266.0,267.7,176457600,-0.014540769372354045,0.014540769372354045,0.026417596993478558,0.37326183334954877,0.23010076227778656,0.00038413218525396535,0,0,1,0,0,0.005155024280911524
2018-03-02,265.8,269.72,264.82,269.08,138968000,0.005155024280911524,0.005155024280911524,0.018434913468773642,-0.23883692855697802,0.18584581819706059,9.503242654803102e-05,1,0,0,0,0,0.011557900995986303
2018-03-05,267.73,272.89,267.61,272.19,96744650,0.011557900995986303,0.011557900995986303,0.019721361072722415,-0.36216865443570967,0.18555694295231415,0.0002279375387846239,0,1,0,0,0,0.0025349939380578945
2018-03-06,273.3,273.39,271.18,272.88,75247670,0.0025349939380578945,0.0025349939380578945,0.008086351994145553,-0.2512900905759068,0.1729441021149595,2.0498853286161343e-05,0,0,0,1,0,0.00036646144825569493
2018-03-07,270.42,273.18,270.2,272.78,86910350,-0.00036646144825569493,0.00036646144825569493,0.011019894978182154,0.1440921861179909,0.15357827438395533,4.038366673330292e-06,0,0,0,0,1,0.004839064447540231
2018-03-08,273.55,274.24,272.42,274.1,66585910,0.004839064447540231,0.004839064447540231,0.006653262657649399,-0.266384130481228,0.06992164316420357,3.219556678677824e-05,0,0,1,0,0,0.017402407880335646
2018-03-09,275.7,278.87,275.34,278.87,113447100,0.017402407880335646,0.017402407880335646,0.012803772216177112,0.5328436491715998,0.1143812707567301,0.0002228164665128232,1,0,0,0,0,0.0012550650840894573
2018-03-12,279.2,279.91,278.0801,278.52,71759540,-0.0012550650840894573,0.0012550650840894573,0.006554083094555907,-0.4580158363832538,0.1196304467852763,8.2258008501981e-06,0,1,0,0,0,0.006462731581214798
2018-03-13,279.84,280.41,276.03,276.72,89639370,-0.006462731581214798,0.006462731581214798,0.01565180102915971,0.22247381054237536,0.14411119726147775,0.00010115338881404072,0,0,0,1,0,0.005131540907776899
2018-03-14,277.81,278.02,274.67,275.3,105737200,-0.005131540907776899,0.005131540907776899,0.012058601202260415,0.1651621479173251,0.1543775905248495,6.187920535996702e-05,0,0,0,0,1,0.0010897203051217774
2018-03-15,275.88,276.61,274.43,275.0,80722410,-0.0010897203051217774,0.0010897203051217774,0.007901986370885917,-0.2699405355875584,0.15294557625329055,8.610954999149928e-06,0,0,1,0,0,0.0029090909090909722
2018-03-16,274.5,275.39,274.14,274.2,99805450,-0.0029090909090909722,0.0029090909090909722,0.004553734061930784,0.21220655678316191,0.0376940821837933,1.3247226361980748e-05,1,0,0,0,0,0.01353026987600281
2018-03-19,273.35,274.3957,268.62,270.49,108516000,-0.01353026987600281,0.01353026987600281,0.021129321382842407,0.08367483569725565,0.07579315741603569,0.00028588542060665464,0,1,0,0,0,0.0017006173980553818
2018-03-20,270.94,271.67,270.18,270.95,59438810,0.0017006173980553818,0.0017006173980553818,0.0054993725548092166,-0.6019502399168779,0.09190742213124688,9.352328645096827e-06,0,0,0,1,0,0.0019191732792027683
2018-03-21,270.9,273.27,270.19,270.43,78515750,-0.0019191732792027683,0.0019191732792027683,0.01136950904392759,0.2783518574977393,0.09266488345657672,2.1820057954760045e-05,0,0,0,0,1,0.024997226639056236
2018-03-22,267.91,268.87,263.36,263.67,147715200,-0.024997226639056236,0.024997226639056236,0.020566608189317274,0.6319868479763784,0.17315906437706116,0.0005141081661050339,0,0,1,0,0,0.021314521940304143
2018-03-23,264.17,265.02,257.83,258.05,183290800,-0.021314521940304143,0.021314521940304143,0.027217322178899942,0.21578786577924092,0.18569768263155984,0.0005801242107384894,1,0,0,0,0,0.027359038945940606
2018-03-26,262.13,265.43,259.41,265.11,141055300,0.027359038945940606,0.027359038945940606,0.022965704039980092,-0.26192194893866727,0.3330579040184091,0.0006283195912507608,0,1,0,0,0,0.01701180641997657
2018-03-27,266.17,266.77,258.84,260.6,129121800,-0.01701180641997657,0.01701180641997657,0.029792989442837307,-0.08839586646984543,0.339890340318577,0.0005068325690739539,0,0,0,1,0,0.002954719877206635
2018-03-28,260.75,262.64,258.58,259.83,146259600,-0.002954719877206635,0.002954719877206635,0.015570469798657727,0.12462697913094445,0.33888242441955935,4.600637661153958e-05,0,0,0,0,1,0.012777585344263542
2018-03-29,261.12,265.26,259.8389,263.15,123918900,0.012777585344263542,0.012777585344263542,0.020760952818627325,-0.16575580437611848,0.32377405615788807,0.0002652748464682394,0,0,1,0,0,0.021584647539426016
2018-04-02,262.55,263.13,254.67,257.47,185059000,-0.021584647539426016,0.021584647539426016,0.032222433822129144,0.40104737111272826,0.3248861094082512,0.0006955098769131375,0,1,0,0,0,0.01281702722647271
2018-04-03,258.87,261.31,256.84,260.77,119649600,0.01281702722647271,0.01281702722647271,0.01726735427048336,-0.43610721893455917,0.2560486570974933,0.00022131614981393504,0,0,0,1,0,0.010699083483529659
2018-04-04,256.75,264.355,256.6,263.56,123488600,0.010699083483529659,0.010699083483529659,0.03020447906523854,0.03158137259048388,0.23665901822143573,0.000323160243095511,0,0,0,0,1,0.00789194111397773
2018-04-05,265.55,266.64,264.32,265.64,80939550,0.00789194111397773,0.00789194111397773,0.00873658444737335,-0.4224462600996901,0.23385042168036704,6.894860999596415e-05,0,0,1,0,0,0.02228580033127525
2018-04-06,263.42,265.11,258.0,259.72,179290700,-0.02228580033127525,0.02228580033127525,0.02699111684761982,0.7953059243530589,0.2831409895300376,0.0006015186407841748,1,0,0,0,0,0.004928384413984244
2018-04-09,261.37,264.84,259.9356,261.0,104953500,0.004928384413984244,0.004928384413984244,0.018764204001989335,-0.5354911120138794,0.2276333445963223,9.247721054422501e-05,0,1,0,0,0,0.015900383141762342
2018-04-10,264.27,266.04,262.98,265.15,105267300,0.015900383141762342,0.015900383141762342,0.011579066863435133,0.002985434648564933,0.2370312336613858,0.00018411159955270296,0,0,0,1,0,0.005242315670375253
2018-04-11,263.47,265.64,263.39,263.76,91002710,-0.005242315670375253,0.005242315670375253,0.00853987171214939,-0.14561354181918418,0.23320513927131495,4.476870329959509e-05,0,0,0,0,1,0.00822717622080682
2018-04-12,265.26,267.0,265.06,265.93,68430410,0.00822717622080682,0.00822717622080682,0.007313579129910268,-0.28507196619786157,0.23390933874560252,6.0170104306586787e-05,0,0,1,0,0,0.0029331026961983975
2018-04-13,267.41,267.54,264.01,265.15,84883690,-0.0029331026961983975,0.0029331026961983975,0.013200703040275341,0.21546464719614278,0.13602222900787173,3.871901767914599e-05,1,0,0,0,0,0.008221761267207306
2018-04-16,267.0,268.2,266.07,267.33,62762920,0.008221761267207306,0.008221761267207306,0.007977528089887623,-0.3019175091147197,0.13914334992483934,6.558933145749634e-05,0,1,0,0,0,0.010698387760445849
2018-04-17,269.33,270.87,268.75,270.19,64011070,0.010698387760445849,0.010698387760445849,0.007871384546838469,0.019691583609148466,0.11606794972743309,8.421112409365927e-05,0,0,0,1,0,0.0007402198452939324
2018-04-18,270.69,271.3,269.87,270.39,57073780,0.0007402198452939324,0.0007402198452939324,0.005282795818094524,-0.11471121844928689,0.09199871910454288,3.910430303189362e-06,0,0,0,0,1,0.005547542438699704
2018-04-19,269.65,269.88,267.72,268.89,77570630,-0.005547542438699704,0.005547542438699704,0.00801038383089178,0.306844054732494,0.11139953805394125,4.4437944252146066e-05,0,0,1,0,0,0.008479303804529659
2018-04-20,268.81,269.06,265.61,266.61,99469420,-0.008479303804529659,0.008479303804529659,0.012834343960418097,0.24866138123906367,0.13256100185734476,0.00010882630157221542,1,0,0,0,0,0.00015003188177498128
2018-04-23,267.26,267.89,265.35,266.57,65463180,-0.00015003188177498128,0.00015003188177498128,0.009503853925016702,-0.4183624078429524,0.11670736152194862,1.4258810884847976e-06,0,1,0,0,0,0.013467381925948096
2018-04-24,267.73,267.9762,261.28,262.98,112734000,-0.013467381925948096,0.013467381925948096,0.025011018563478253,0.5435432078559579,0.09386424652348324,0.00033683293935133935,0,0,0,1,0,0.0024716708494940676
2018-04-25,262.91,264.13,260.85,263.63,103238300,0.0024716708494940676,0.0024716708494940676,0.012475752158533233,-0.08799115239456867,0.10147400070174267,3.0835952935759286e-05,0,0,0,0,1,0.010165762621856311
2018-04-26,264.79,267.2452,264.29,266.31,67441210,0.010165762621856311,0.010165762621856311,0.011160542316552703,-0.42578364768067445,0.14739541540624596,0.00011345542392125712,0,0,1,0,0,0.0009387555855957519
2018-04-27,267.0,267.34,265.5,266.56,57021920,0.0009387555855957519,0.0009387555855957519,0.006891385767790168,-0.16782049738424476,0.13556813316640554,6.46932688200809e-06,1,0,0,0,0,0.007690576230492185
2018-04-30,267.26,267.89,264.43,264.51,80475460,-0.007690576230492185,0.007690576230492185,0.012946194716755144,0.3445165328051836,0.14621616220169367,9.956369736400062e-05,0,1,0,0,0,0.0017768704396809998
2018-05-01,263.87,265.1,262.11,264.98,75986700,0.0017768704396809998,0.0017768704396809998,0.011331337400992948,-0.057393967523331924,0.10067888031891897,2.0134318469876095e-05,0,0,0,1,0,0.006717488112310432
2018-05-02,264.76,265.68,262.76,263.2,85501550,-0.006717488112310432,0.006717488112310432,0.011028856322707418,0.11797617799681603,0.11534573020590838,7.408621124016683e-05,0,0,0,0,1,0.0022036474164133235
2018-05-03,262.26,263.36,259.05,262.62,136144700,-0.0022036474164133235,0.0022036474164133235,0.01643407305727142,0.46518378192481435,0.06852933395295788,3.621490263380397e-05,0,0,1,0,0,0.012946462569491946
2018-05-04,261.52,266.7892,261.15,266.02,91154240,0.012946462569491946,0.012946462569491946,0.021563169164882292,-0.4011652703099884,0.13262119059039087,0.00027916676247277146,1,0,0,0,0,0.0033832042703556553
2018-05-07,266.89,268.02,266.11,266.92,55054350,0.0033832042703556553,0.0033832042703556553,0.0071565064258682165,-0.5042321304595987,0.11646973456898645,2.421192310082504e-05,0,1,0,0,0,0.0
2018-05-08,266.5,267.325,265.15,266.92,67338050,0.0,0.0,0.008161350844277717,0.20140457335085316,0.1172083851199994,0.0,0,0,0,1,0,0.009665817473400118
2018-05-09,267.68,269.865,267.09,269.5,59538590,0.009665817473400118,0.009665817473400118,0.010366855947400007,-0.1231007800907058,0.10168695805075968,0.00010020413736060093,0,0,0,0,1,0.00935064935064922
2018-05-10,270.34,272.39,270.22,272.02,70764000,0.00935064935064922,0.00935064935064922,0.008026929052304356,0.17272572039341583,0.08326546415086739,7.505699893063708e-05,0,0,1,0,0,0.0030512462318947886
2018-05-11,272.16,273.15,271.58,272.85,59725680,0.0030512462318947886,0.0030512462318947886,0.005768665490887687,-0.16958831553062126,0.06738210023595993,1.7601618842132557e-05,1,0,0,0,0,0.000476452263148186
2018-05-14,273.34,274.08,272.36,272.98,54702570,0.000476452263148186,0.000476452263148186,0.0062925294505011,-0.08785138525568925,0.07477546316810064,2.9980898976178604e-06,0,1,0,0,0,0.006886951425012833
2018-05-15,271.59,271.61,270.03,271.1,86876380,-0.006886951425012833,0.006886951425012833,0.005817592694871096,0.46257549000995013,0.10906151167825284,4.006547830008674e-05,0,0,0,1,0,0.0042050903725561195
2018-05-16,271.14,272.76,271.11,272.24,53759700,0.0042050903725561195,0.0042050903725561195,0.006085417127683032,-0.4799620657180128,0.09434686592316298,2.558972897660803e-05,0,0,0,0,1,0.0008448427857773444
2018-05-17,271.94,273.23,271.13,272.01,56371150,-0.0008448427857773444,0.0008448427857773444,0.007722291681988758,0.047433386103961084,0.06890512701753407,6.524122417196597e-06,0,0,1,0,0,0.002499908091614267
2018-05-18,271.62,272.03,270.93,271.33,64174990,-0.002499908091614267,0.002499908091614267,0.00404977542154468,0.12965606596823065,0.06455205058780775,1.0124066345540124e-05,1,0,0,0,0,0.0075185198835368006
2018-05-21,273.01,273.98,271.3512,273.37,57738110,0.0075185198835368006,0.0075185198835368006,0.009628951320464497,-0.10569612843779908,0.08985559299748164,7.239546196052025e-05,0,1,0,0,0,0.0027801148626402927
2018-05-22,273.96,274.25,272.24,272.61,52880880,-0.0027801148626402927,0.0027801148626402927,0.007336837494524715,-0.08787560231013458,0.07215224758779748,2.0397250963304728e-05,0,0,0,1,0,0.002751183008693703
2018-05-23,271.17,273.39,270.99,273.36,64605540,0.002751183008693703,0.002751183008693703,0.008850536563779095,0.20025832533625376,0.06890046310282401,2.43494458120914e-05,0,0,0,0,1,0.0020485806262803274
2018-05-24,272.91,273.22,270.78,272.8,75966080,-0.0020485806262803274,0.0020485806262803274,0.008940676413469842,0.16198675692810482,0.07123321602112469,1.83156964864758e-05,0,0,1,0,0,0.0023826979472142407
2018-05-25,272.15,272.86,271.58,272.15,56329040,-0.0023826979472142407,0.0023826979472142407,0.004703288627595185,-0.2990767099464051,0.07091725121962512,1.120651615812713e-05,1,0,0,0,0,0.011501010472166118
2018-05-29,270.31,271.17,267.76,269.02,115692100,-0.011501010472166118,0.011501010472166118,0.012615145573600772,0.7197221323918157,0.08190888645885086,0.00014508692134988254,0,0,0,1,0,0.013344732733625797
2018-05-30,270.5,273.11,270.42,272.61,69396900,0.013344732733625797,0.013344732733625797,0.009944547134935297,-0.5110901481404468,0.14370435376630233,0.00013270732367265568,0,0,0,0,1,0.00612596749935812
2018-05-31,272.15,272.49,270.255,270.94,93426970,-0.00612596749935812,0.00612596749935812,0.008212382877089891,0.29733785994869066,0.14690813788218282,5.030879059733781e-05,0,0,1,0,0,0.009817671809256856
2018-06-01,272.41,273.94,272.33,273.6,71088010,0.009817671809256856,0.009817671809256856,0.005910208876326176,-0.2732613713544154,0.16799223753111814,5.802449107192714e-05,1,0,0,0,0,0.004751461988304007
2018-06-04,274.53,275.185,274.26,274.9,45188240,0.004751461988304007,0.004751461988304007,0.003369394965941833,-0.4530818028065511,0.16756474873245875,1.6009552104255494e-05,0,1,0,0,0,0.0007275372862860507
2018-06-05,275.05,275.53,274.18,275.1,50988090,0.0007275372862860507,0.0007275372862860507,0.00490819850936181,0.12075519752796637,0.12134209865860372,3.5708974240543303e-06,0,0,0,1,0,0.008360596146855581
2018-06-06,275.79,277.52,275.09,277.4,62498610,0.008360596146855581,0.008360596146855581,0.008811051887305583,0.2035522368426541,0.10209484990291512,7.366564645875166e-05,0,0,0,0,1,0.00010814708002870876
2018-06-07,277.95,278.28,276.34,277.37,72882070,-0.00010814708002870876,0.00010814708002870876,0.00697967260298614,0.15369833662775179,0.070320411552817,7.548312115693281e-07,0,0,1,0,0,0.0029563399069834073
2018-06-08,276.85,278.25,276.66,278.19,71981550,0.0029563399069834073,0.0029563399069834073,0.005743182228643579,-0.012432819052289545,0.05386843882116742,1.6978798815616917e-05,1,0,0,0,0,0.0013300262410582686
2018-06-11,278.44,279.37,278.31,278.56,58757260,0.0013300262410582686,0.0013300262410582686,0.00380692429248672,-0.20299511319403152,0.05368674771225054,5.063309206729521e-06,0,1,0,0,0,0.001292360712234375
2018-06-12,279.03,279.33,278.19,278.92,72240090,0.001292360712234375,0.001292360712234375,0.004085582195462805,0.20658043192102937,0.052548031952615745,5.280045916020392e-06,0,0,0,1,0,0.003190879105119948
2018-06-13,279.19,279.48,277.8,278.03,78889800,-0.003190879105119948,0.003190879105119948,0.006017407500268659,0.0880567858062733,0.0366604135596714,1.920081985959932e-05,0,0,0,0,1,0.002517713915764608
2018-06-14,279.01,279.33,278.0599,278.73,76394330,0.002517713915764608,0.002517713915764608,0.004552166589010992,-0.03214346275541047,0.038792631227714765,1.1461053168031681e-05,0,0,1,0,0,0.00574032217558218
2018-06-15,276.6,277.51,275.35,277.13,119448800,-0.00574032217558218,0.00574032217558218,0.007809110629067129,0.44697934420005225,0.05614538137906375,4.482681091560855e-05,1,0,0,0,0,0.0020567964493197755
2018-06-18,275.49,276.7,274.95,276.56,52549580,-0.0020567964493197755,0.0020567964493197755,0.00635231768848234,-0.8211307121163074,0.053284922353827875,1.3065424466621681e-05,0,1,0,0,0,0.00383280300838873
2018-06-19,274.0,275.75,273.53,275.5,97395160,-0.00383280300838873,0.00383280300838873,0.008102189781021998,0.6170194037569985,0.049005388039399064,3.105409736723754e-05,0,0,0,1,0,0.0017059891107078506
2018-06-20,276.27,276.72,275.59,275.97,53652060,0.0017059891107078506,0.0017059891107078506,0.004090201614362951,-0.5962566436935859,0.05620952113772284,6.977839414702866e-06,0,0,0,0,1,0.00626879733304353
2018-06-21,275.96,275.98,273.68,274.24,70864990,-0.00626879733304353,0.00626879733304353,0.008334541237860602,0.2782566476209354,0.05121799201203531,5.224754988404186e-05,0,0,1,0,0,0.0018232205367560983
2018-06-22,275.66,275.785,274.49,274.74,56516380,0.0018232205367560983,0.0018232205367560983,0.004697816150330174,-0.22624600628223135,0.05587768612414483,8.565154883186448e-06,1,0,0,0,0,0.013612870350149242
2018-06-25,273.44,273.6162,269.1,271.0,137668700,-0.013612870350149242,0.013612870350149242,0.016516237565827856,0.8903195560888655,0.10166008604057093,0.00022483340065587913,0,1,0,0,0,0.0022140221402215943
2018-06-26,271.64,272.56,270.79,271.6,68525150,0.0022140221402215943,0.0022140221402215943,0.006515977028419901,-0.6976492356616895,0.11105503549972011,1.4426517406096973e-05,0,0,0,1,0,0.008284241531664183
2018-06-27,272.26,273.865,269.18,269.35,104838900,-0.008284241531664183,0.008284241531664183,0.01720781605817969,0.4252240499982882,0.10796539613054065,0.00014255370445841005,0,0,0,0,1,0.005717467978466617
2018-06-28,269.29,271.75,268.49,270.89,76511740,0.005717467978466617,0.005717467978466617,0.012105908128783061,-0.31498068957978376,0.12929852013017254,6.921514207657588e-05,0,0,1,0,0,0.0014396987707185893
2018-06-29,272.12,273.66,271.1495,271.28,97444490,0.0014396987707185893,0.0014396987707185893,0.00922570924592105,0.2418386866206923,0.1285303952254714,1.3282242260359659e-05,1,0,0,0,0,0.002138012385727084
2018-07-02,269.51,272.04,269.24,271.86,63370550,0.002138012385727084,0.002138012385727084,0.010389224889614529,-0.43028363453726115,0.08354266062401161,2.221229149209996e-05,0,1,0,0,0,0.003531229309203354
2018-07-03,272.87,272.98,270.42,270.9,42187070,-0.003531229309203354,0.003531229309203354,0.009381756880565846,-0.4068854585715407,0.08664381931183153,3.312913486847435e-05,0,0,0,1,0,0.0081579918789223
2018-07-05,272.17,273.18,270.96,273.11,56621680,0.0081579918789223,0.0081579918789223,0.00815666678913924,0.2942781687066578,0.07081151128035582,6.654202142487315e-05,0,0,1,0,0,0.008458130423638854
2018-07-06,273.14,275.84,272.715,275.42,66414600,0.008458130423638854,0.008458130423638854,0.011441019257523615,0.15952495848861759,0.08003560074496084,9.676963305949851e-05,1,0,0,0,0,0.009004429598431285
2018-07-09,276.55,277.96,276.5,277.9,49652160,0.009004429598431285,0.009004429598431285,0.005279334659193562,-0.2908750126707105,0.08651988332252926,4.753739726526665e-05,0,1,0,0,0,0.003598416696653395
2018-07-10,278.41,279.01,278.08,278.9,51162450,0.003598416696653395,0.003598416696653395,0.0033403972558457193,0.02996396986862848,0.08423171067751255,1.2020141258890419e-05,0,0,0,1,0,0.007314449623520791
2018-07-11,277.15,278.04,276.52,276.86,76905490,-0.007314449623520791,0.007314449623520791,0.005484394732094673,0.40757139429840095,0.10930977363442702,4.011532898340929e-05,0,0,0,0,1,0.009065953911724378
2018-07-12,278.28,279.43,277.6,279.37,59986150,0.009065953911724378,0.009065953911724378,0.006576110392410465,-0.24846355947058285,0.11145531457548348,5.961871373600499e-05,0,0,1,0,0,0.0007874861295056323
2018-07-13,279.17,279.93,278.66,279.59,48211510,0.0007874861295056323,0.0007874861295056323,0.004549199412544262,-0.21851590894156914,0.10780828715011659,3.5824314377337772e-06,1,0,0,0,0,0.0008941664580278674
2018-07-16,279.64,279.803,278.84,279.34,48070320,-0.0008941664580278674,0.0008941664580278674,0.0034437133457303044,-0.0029328503264274275,0.09543294474694847,3.079252964814963e-06,0,1,0,0,0,0.004045249516718252
2018-07-17,278.47,280.91,278.41,280.47,52171530,0.004045249516718252,0.004045249516718252,0.008977627751642904,0.08187200332617905,0.09623442284576623,3.631674432360983e-05,0,0,0,1,0,0.002103611794487703
2018-07-18,280.56,281.18,280.06,281.06,44475860,0.002103611794487703,0.002103611794487703,0.003992015968063888,-0.1595903704162822,0.060837519651850594,8.39765187420244e-06,0,0,0,0,1,0.003771436703906672
2018-07-19,280.31,280.74,279.46,280.0,61337540,-0.003771436703906672,0.003771436703906672,0.004566372944240411,0.3214454772935831,0.047225909317879046,1.722178652563466e-05,0,0,1,0,0,0.0011428571428571122
2018-07-20,279.77,280.48,279.5,279.68,83120620,-0.0011428571428571122,0.0011428571428571122,0.0035028773635486943,0.30390074804049405,0.04834266110360242,4.003288415484114e-06,1,0,0,0,0,0.0018592677345536934
2018-07-23,279.45,280.43,279.06,280.2,46971110,0.0018592677345536934,0.0018592677345536934,0.0049024870280909095,-0.5707600647341948,0.04883933451255131,9.115035950397454e-06,0,1,0,0,0,0.005032119914347044
2018-07-24,281.79,282.56,280.63,281.61,67830670,0.005032119914347044,0.005032119914347044,0.006849072003974614,0.36748171413211494,0.05348302608931166,3.446535162599747e-05,0,0,0,1,0,0.008522424629807013
2018-07-25,281.33,284.37,281.28,284.01,78136310,0.008522424629807013,0.008522424629807013,0.010983542459033989,0.14144041108977135,0.07731908334200406,9.360641277540234e-05,0,0,0,0,1,0.002359071863666795
2018-07-26,283.2,284.11,283.09,283.34,57764990,-0.002359071863666795,0.002359071863666795,0.003601694915254374,-0.30207197824555365,0.07095016183524748,8.496657136088356e-06,0,0,1,0,0,0.00677631114561994
2018-07-27,283.71,283.82,280.38,281.42,76745550,-0.00677631114561994,0.00677631114561994,0.012125057276796723,0.2841125172291399,0.09558072260823083,8.216316076603779e-05,1,0,0,0,0,0.0052235093454623405
2018-07-30,281.51,281.69,279.36,279.95,63129490,-0.0052235093454623405,0.0052235093454623405,0.008276793009129282,-0.1953073877410958,0.105476883061349,4.323390563364417e-05,0,1,0,0,0,0.004929451687801345
2018-07-31,280.81,282.02,280.38,281.33,68048690,0.004929451687801345,0.004929451687801345,0.00584024785442109,0.07503546343714973,0.10516048013563872,2.8789219643154225e-05,0,0,0,1,0,0.001670635908008311
2018-08-01,281.56,282.13,280.1315,280.86,53750270,-0.001670635908008311,0.001670635908008311,0.007097954254865672,-0.23587478420094854,0.07153083936998296,1.1858097251578968e-05,0,0,0,0,1,0.005447553941465344
2018-08-02,279.39,282.58,279.16,282.39,63362570,0.005447553941465344,0.005447553941465344,0.012240953505851889,0.16452461547890707,0.08972974868474452,6.668325451809747e-05,0,0,1,0,0,0.004284854279542616
2018-08-03,282.53,283.6577,282.33,283.6,53903840,0.004284854279542616,0.004284854279542616,0.00469932396559655,-0.1616715873629211,0.07544313313319435,2.0135918404943552e-05,1,0,0,0,0,0.0036671368124117087
2018-08-06,283.64,284.99,283.2015,284.64,39089820,0.0036671368124117087,0.0036671368124117087,0.006305528134254686,-0.32133963635339313,0.04564717002215177,2.312323434282308e-05,0,1,0,0,0,0.003302417088251852
2018-08-07,285.39,286.01,285.24,285.58,43055550,0.003302417088251852,0.003302417088251852,0.002698062300711244,0.09662906503260515,0.04346872603685912,8.910127047036919e-06,0,0,0,1,0,0.0004201974928216279
2018-08-08,285.39,285.91,284.94,285.46,41980470,-0.0004201974928216279,0.0004201974928216279,0.0033988577034935606,-0.02528663169278289,0.03509223715497111,1.42819148546547e-06,0,0,0,0,1,0.0013662159321795597
2018-08-09,285.53,285.97,284.915,285.07,35577000,-0.0013662159321795597,0.0013662159321795597,0.0036948831996638076,-0.16550514419912687,0.041111875584776914,5.048008294923283e-06,0,0,1,0,0,0.006700108745220312
2018-08-10,283.45,284.055,282.36,283.16,76861430,-0.006700108745220312,0.006700108745220312,0.00597989063326863,0.7703048134715438,0.06679951676299543,4.006591752742418e-05,1,0,0,0,0,0.0037434665913265164
2018-08-13,283.47,284.16,281.77,282.1,65603520,-0.0037434665913265164,0.0037434665913265164,0.008431227290365976,-0.15837483494021498,0.05935121773924634,3.156201768536542e-05,0,1,0,0,0,0.006380716058135283
2018-08-14,282.92,284.17,282.4833,283.9,43699800,0.006380716058135283,0.006380716058135283,0.005961755973420154,-0.4062858199747126,0.07728898741512902,3.804027207428593e-05,0,0,0,1,0,0.007467418104966539
2018-08-15,282.38,282.54,280.16,281.78,102770900,-0.007467418104966539,0.007467418104966539,0.008428358948934045,0.8551587004330656,0.08837964130525253,6.293808021042683e-05,0,0,0,0,1,0.008091418837391062
2018-08-16,283.4,285.04,283.36,284.06,69735140,0.008091418837391062,0.008091418837391062,0.005928016937191274,-0.3877978829996813,0.11732291797158137,4.7966067913962744e-05,0,0,1,0,0,0.003520383017672213
2018-08-17,283.83,285.5601,283.37,285.06,65486180,0.003520383017672213,0.003520383017672213,0.007716238593524197,-0.0628652224656463,0.1062393235609166,2.7164115304949504e-05,1,0,0,0,0,0.002139900371851633
2018-08-20,285.57,285.97,285.06,285.67,39617170,0.002139900371851633,0.002139900371851633,0.0031866092376651085,-0.5025765078937532,0.09618129485523894,6.819026292625414e-06,0,1,0,0,0,0.0023453635313472887
2018-08-21,286.25,287.31,285.7135,286.34,66735600,0.0023453635313472887,0.0023453635313472887,0.005577292576419185,0.521475923265232,0.09008424055687954,1.3080778612387518e-05,0,0,0,1,0,0.0005936997974435032
2018-08-22,285.88,286.76,285.575,286.17,44860080,-0.0005936997974435032,0.0005936997974435032,0.00414509584441025,-0.3971902239467404,0.05034100754716461,2.460942563210272e-06,0,0,0,0,1,0.0013278820281650283
2018-08-23,285.97,286.94,285.43,285.79,49159070,-0.0013278820281650283,0.0013278820281650283,0.005280274154631572,0.09151305233374174,0.03290427921132671,7.0115811537195524e-06,0,0,1,0,0,0.006018405122642401
2018-08-24,286.44,287.67,286.38,287.51,57455140,0.006018405122642401,0.006018405122642401,0.00450356095517393,0.15594309975944398,0.04606781765969457,2.710425432275108e-05,1,0,0,0,0,0.007895377552085137
2018-08-27,288.86,289.9,288.68,289.78,56960210,0.007895377552085137,0.007895377552085137,0.004223499273004121,-0.008651515350301509,0.06402246129049718,3.3346121351324635e-05,0,1,0,0,0,0.0004831251294086236
2018-08-28,290.3,290.4175,289.4,289.92,46825850,0.0004831251294086236,0.0004831251294086236,0.003504994832931591,-0.19591754923346372,0.06630367638713702,1.693351082236632e-06,0,0,0,1,0,0.005380794701986824
2018-08-29,290.16,291.74,289.8854,291.48,61428440,0.005380794701986824,0.005380794701986824,0.006391645988420199,0.2714375141568972,0.062209360793083354,3.439213487146674e-05,0,0,0,0,1,0.004048305201042934
2018-08-30,290.94,291.36,289.63,290.3,61132280,-0.004048305201042934,0.004048305201042934,0.005946243211658824,-0.004832879108587207,0.07722035830760417,2.4072207320424658e-05,0,0,1,0,0,3.444712366507119e-05
2018-08-31,289.84,290.81,289.29,290.31,65239910,3.444712366507119e-05,3.444712366507119e-05,0.005244272702180451,0.06503135629249712,0.07484564996367288,1.8065011030536705e-07,1,0,0,0,0,0.0017222968550859585
2018-09-04,289.84,290.21,288.68,289.81,57127320,-0.0017222968550859585,0.0017222968550859585,0.005278774496273712,-0.1327889349722149,0.05529900525908315,9.09161671364018e-06,0,0,0,1,0,0.0026914185155793025
2018-09-05,289.41,289.64,287.89,289.03,71962480,-0.0026914185155793025,0.0026914185155793025,0.006046784838118931,0.2308624073895693,0.058162462237763494,1.6274428673037487e-05,0,0,0,0,1,0.0030100681590145006
2018-09-06,289.15,289.49,287.0,288.16,65822170,-0.0030100681590145006,0.0030100681590145006,0.00861144734566837,-0.08918815910877953,0.024459859421874584,2.59210434582263e-05,0,0,1,0,0,0.0019433647973348123
2018-09-07,286.98,288.7,286.71,287.6,72113310,-0.0019433647973348123,0.0019433647973348123,0.006934281134573869,0.09128191896957816,0.018830775551209242,1.3475837851753759e-05,1,0,0,0,0,0.00173852573018074
2018-09-10,288.74,289.04,287.88,288.1,49916740,0.00173852573018074,0.00173852573018074,0.0040174551499619895,-0.36788220836136887,0.030151654606827352,6.984449148056042e-06,0,1,0,0,0,0.0032974661575841946
2018-09-11,287.37,289.55,286.975,289.05,50392160,0.0032974661575841946,0.0032974661575841946,0.008960573476702469,0.009479189791182563,0.04532959800085924,2.9547187791972938e-05,0,0,0,1,0,0.0002421726344923325
2018-09-12,289.06,289.8,288.23,289.12,59732730,0.0002421726344923325,0.0002421726344923325,0.005431398325607116,0.17004450085041967,0.04106751545751992,1.3153360414895189e-06,0,0,0,0,1,0.005914499169894727
2018-09-13,290.32,291.0384,289.995,290.83,50918630,0.005914499169894727,0.005914499169894727,0.003593965279691443,-0.15965124009902354,0.0473598479892368,2.1256504663365508e-05,0,0,1,0,0,0.0001719217412234908
2018-09-14,291.06,291.27,290.0,290.88,54931910,0.0001719217412234908,0.0001719217412234908,0.004363361506218587,0.07586554846426807,0.038176870825795836,7.501567077366529e-07,1,0,0,0,0,0.005294279427942916
2018-09-17,290.82,290.86,289.03,289.34,67988580,-0.005294279427942916,0.005294279427942916,0.006292552094078953,0.21324532812252173,0.06651178152291946,3.3314529100941316e-05,0,1,0,0,0,0.005426142254786992
2018-09-18,289.58,291.58,289.55,290.91,61839370,0.005426142254786992,0.005426142254786992,0.007010152634850379,-0.0947995317869399,0.07283027168729259,3.8038085424468007e-05,0,0,0,1,0,0.001065621669932293
2018-09-19,290.97,291.69,290.825,291.22,48973100,0.001065621669932293,0.001065621669932293,0.00297281506684541,-0.23326904462365405,0.07231520760637235,3.1678961559316866e-06,0,0,0,0,1,0.008103839022045145
2018-09-20,292.64,293.94,291.2363,293.58,100066700,0.008103839022045145,0.008103839022045145,0.009238996719518758,0.7145657854420939,0.08185816346931636,7.487134214018319e-05,0,0,1,0,0,0.005415900265685614
2018-09-21,293.09,293.22,291.81,291.99,105393700,-0.005415900265685614,0.005415900265685614,0.004810808966529139,0.05186589787725637,0.0974030243806346,2.6054861559987895e-05,1,0,0,0,0,0.003322031576423967
2018-09-24,291.34,291.5,290.37,291.02,53235550,-0.003322031576423967,0.003322031576423967,0.0038786297796388944,-0.6829764464666113,0.09041371335584156,1.288493060121874e-05,0,1,0,0,0,0.000927771287196677
2018-09-25,291.53,291.65,290.4833,290.75,44311990,-0.000927771287196677,0.000927771287196677,0.004001989503653112,-0.18347110742090678,0.08248144914337475,3.7129309531518387e-06,0,0,0,1,0,0.0029922613929492803
2018-09-26,290.91,292.24,289.41,289.88,79534430,-0.0029922613929492803,0.0029922613929492803,0.00972809459970432,0.5849347046160993,0.08388984741445532,2.9109001897653623e-05,0,0,0,0,1,0.002794259693666312
2018-09-27,290.41,291.91,290.1,290.69,59169340,0.002794259693666312,0.002794259693666312,0.0062325677490444615,-0.29578650301575493,0.04926957911182851,1.7415412849199514e-05,0,0,1,0,0,0.00010320272455199841
2018-09-28,289.99,291.28,289.95,290.72,70041610,0.00010320272455199841,0.00010320272455199841,0.0045863650470705335,0.16868598906946275,0.0396018120355379,4.733253686477335e-07,1,0,0,0,0,0.0034741331865713043
2018-10-01,292.11,292.93,290.98,291.73,61989950,0.0034741331865713043,0.0034741331865713043,0.006675567423230935,-0.12211721703189227,0.04237370871713552,2.319181032424088e-05,0,1,0,0,0,0.0005827306070682603
2018-10-02,291.56,292.355,291.14,291.56,47142170,-0.0005827306070682603,0.0005827306070682603,0.004167238304294251,-0.2738043405096029,0.04171186990092652,2.428377306859496e-06,0,0,0,1,0,0.000548772122376251
2018-10-03,292.74,293.21,291.32,291.72,64562270,0.000548772122376251,0.000548772122376251,0.0064562410329985186,0.31446224916910026,0.028057644097272245,3.5430050942512357e-06,0,0,0,0,1,0.007815713698066773
2018-10-04,291.18,291.24,287.66,289.44,111364900,-0.007815713698066773,0.007815713698066773,0.01229480046706499,0.545182006111407,0.0664816861375286,9.60926404254376e-05,0,0,1,0,0,0.005597014925373123
2018-10-05,289.69,290.27,286.22,287.82,105802000,-0.005597014925373123,0.005597014925373123,0.013980461873036537,-0.05124277374551767,0.07327762827186546,7.824885376699537e-05,1,0,0,0,0,0.0
2018-10-08,287.05,288.22,285.5,287.82,87632150,0.0,0.0,0.009475701097369891,-0.18842148113410317,0.05986710474047725,0.0,0,1,0,0,0,0.0014592453616844026
2018-10-09,287.39,288.86,286.77,287.4,74119800,-0.0014592453616844026,0.0014592453616844026,0.007272347680851915,-0.16746523457657148,0.058224874243395876,1.0612139621839478e-05,0,0,0,1,0,0.03166318719554617
2018-10-10,286.83,286.91,277.88,278.3,211986800,-0.03166318719554617,0.03166318719554617,0.031482062545758915,1.0508412967216962,0.2045278844258691,0.0009968224396882574,0,0,0,0,1,0.022026590010779667
2018-10-11,277.08,278.9,270.36,272.17,272817700,-0.022026590010779667,0.022026590010779667,0.030821423415619907,0.25227979692806457,0.2221251326043708,0.000678890857124504,0,0,1,0,0,0.013888378586912387
2018-10-12,276.77,277.09,272.37,275.95,182875500,0.013888378586912387,0.013888378586912387,0.017053871445604548,-0.39999821131516455,0.29079572410562987,0.00023685062300909078,1,0,0,0,0,0.005616959594129445
2018-10-15,275.55,277.04,274.3,274.4,101950500,-0.005616959594129445,0.005616959594129445,0.009943748865904586,-0.5843181877307444,0.2833936288636373,5.585363559395655e-05,0,1,0,0,0,0.02186588921282806
2018-10-16,276.6,280.82,276.07,280.4,118066700,0.02186588921282806,0.02186588921282806,0.01717281272595806,0.1467623162947369,0.3619369288547742,0.0003754988205384428,0,0,0,1,0,0.00017831669044232612
2018-10-17,280.44,281.15,277.56,280.45,110264900,0.00017831669044232612,0.00017831669044232612,0.012801312223648463,-0.06836406582001331,0.27196132220473823,2.2826876290398886e-06,0,0,0,0,1,0.014441076840791656
2018-10-18,279.4,280.07,274.97,276.4,134193100,-0.014441076840791656,0.014441076840791656,0.018253400143163803,0.19639415321364595,0.23286483379289719,0.00026359875407314586,0,0,1,0,0,0.0005426917510853446
2018-10-19,277.13,279.3,275.47,276.25,139420600,-0.0005426917510853446,0.0005426917510853446,0.013820228773499744,0.038215455894409445,0.2127008763972704,7.500124153490641e-06,1,0,0,0,0,0.004488687782805423
2018-10-22,277.0,277.36,274.41,275.01,82135740,-0.004488687782805423,0.004488687782805423,0.010649819494584796,-0.5291220140798032,0.21087024605543433,4.7803714654425796e-05,0,1,0,0,0,0.005090723973673605
2018-10-23,270.95,274.87,268.61,273.61,145303800,-0.005090723973673605,0.005090723973673605,0.023103893707326042,0.5704534732187483,0.09256705976101504,0.00011761554558109143,0,0,0,1,0,0.030298600197361303
2018-10-24,273.33,273.76,264.7,265.32,175529100,-0.030298600197361303,0.030298600197361303,0.03314674569202065,0.1889781169197775,0.1896563908938558,0.0010042999955661416,0,0,0,0,1,0.0179406000301523
2018-10-25,267.38,271.81,266.23,270.08,137407500,0.0179406000301523,0.0179406000301523,0.02086917495698999,-0.24485387609451337,0.27324883974963976,0.0003744055208626282,0,0,1,0,0,0.017587381516587675
2018-10-26,265.92,271.0,262.29,265.33,201334300,-0.017587381516587675,0.017587381516587675,0.03275421179302038,0.38201574481755074,0.2842831650649885,0.0005760608190789646,1,0,0,0,0,0.005540270606414488
2018-10-29,268.8,270.25,259.85,263.86,159000800,-0.005540270606414488,0.005540270606414488,0.0386904761904761,-0.23605747560315393,0.2835841984742586,0.00021435570798627435,0,1,0,0,0,0.014818464337148285
2018-10-30,263.67,268.12,263.12,267.77,156591000,0.014818464337148285,0.014818464337148285,0.018963097811658513,-0.015271922916529235,0.3286101008462027,0.00028100398864391635,0,0,0,1,0,0.010680808156253496
2018-10-31,270.65,273.23,270.12,270.63,127608600,0.010680808156253496,0.010680808156253496,0.01149085534823578,-0.20466954243173774,0.2398344748398058,0.00012273162152576583,0,0,0,0,1,0.010641835716661108
2018-11-01,271.6,273.73,270.38,273.51,98741380,0.010641835716661108,0.010641835716661108,0.012334315169366799,-0.2564636556357591,0.2178130277750678,0.0001312597557099225,0,0,1,0,0,0.005923000987166804
2018-11-02,274.75,275.23,269.59,271.89,122439600,-0.005923000987166804,0.005923000987166804,0.020527752502274954,0.21511373637356357,0.15692748558652742,0.00012158589833529039,1,0,0,0,0,0.005516936996579513
2018-11-05,272.44,274.01,271.35,273.39,65439740,0.005516936996579513,0.005516936996579513,0.009763617677286625,-0.6264881208702278,0.1272525426149314,5.386526358428032e-05,0,1,0,0,0,0.0063279563992830745
2018-11-06,273.32,275.3,273.25,275.12,58983590,0.0063279563992830745,0.0063279563992830745,0.007500365871505969,-0.1038704478832102,0.10779391249191005,4.746198821356057e-05,0,0,0,1,0,0.02140883977900554
2018-11-07,277.56,281.1,277.08,281.01,102473700,0.02140883977900554,0.02140883977900554,0.01448335495028116,0.552346903468063,0.15649991931706925,0.0003100718255930361,0,0,0,0,1,0.001814882032667886
2018-11-08,280.11,281.22,279.22,280.5,65315460,-0.001814882032667886,0.001814882032667886,0.007140052122380493,-0.4503774130308962,0.16592127629863865,1.2958352309220563e-05,0,0,1,0,0,0.00976827094474153
2018-11-09,279.03,279.24,276.18,277.76,98751520,-0.00976827094474153,0.00976827094474153,0.010966562735189775,0.4133780291776006,0.18335024828423438,0.00010712435612983949,1,0,0,0,0,0.018685195852534586
2018-11-12,277.19,277.46,271.99,272.57,99129960,-0.018685195852534586,0.018685195852534586,0.019733756629026915,0.0038249204276930016,0.24399138720356045,0.00036872910751962063,0,1,0,0,0,0.001871078988883501
2018-11-13,273.09,275.325,271.25,272.06,97769120,-0.001871078988883501,0.001871078988883501,0.014921820645208498,-0.013822935632664013,0.2363462752391885,2.791990508513767e-05,0,0,0,1,0,0.006836727192531145
2018-11-14,274.16,274.61,268.45,270.2,124389400,-0.006836727192531145,0.006836727192531145,0.022468631456084128,0.24080818472135235,0.1106280949554836,0.000153611903654771,0,0,0,0,1,0.010436713545521892
2018-11-15,268.78,273.54,267.0102,273.02,134732600,0.010436713545521892,0.010436713545521892,0.024294218319815552,0.07987510514799467,0.17039825903669292,0.00025355179741628505,0,0,1,0,0,0.0026005420848291827
2018-11-16,271.79,274.75,271.21,273.73,126601900,0.0026005420848291827,0.0026005420848291827,0.013024761764597742,-0.06224455546350427,0.17277865649397356,3.3871441113710434e-05,1,0,0,0,0,0.016914477770065384
2018-11-19,273.05,273.38,268.07,269.1,102555300,-0.016914477770065384,0.016914477770065384,0.01944698773118477,-0.2106453503550867,0.16273355814740745,0.00032893564167385905,0,1,0,0,0,0.018506131549609894
2018-11-20,265.36,267.0,263.15,264.12,135506200,-0.018506131549609894,0.018506131549609894,0.014508592101296437,0.278615228070219,0.1976746735754732,0.0002684979140262229,0,0,0,1,0,0.0034075420263515177
2018-11-21,265.86,267.15,265.01,265.02,73868530,0.0034075420263515177,0.0034075420263515177,0.008049349281576718,-0.6067304980540698,0.20756477958261832,2.7428495961755062e-05,0,0,0,0,1,0.006678741227077123
2018-11-23,263.18,264.8234,263.07,263.25,42807880,-0.006678741227077123,0.006678741227077123,0.0066623603617296115,-0.5455646839052832,0.1647893786795434,4.449618081752801e-05,1,0,0,0,0,0.01614434947768273
2018-11-26,265.78,267.75,265.34,267.5,79705470,0.01614434947768273,0.01614434947768273,0.00906764993603742,0.6216160072077521,0.23055718854458135,0.00014639130950867555,0,1,0,0,0,0.0033644859813082295
2018-11-27,266.34,268.4,265.66,268.4,75273810,0.0033644859813082295,0.0033644859813082295,0.010287602312833042,-0.05720594953241687,0.20539312899288997,3.461249376280089e-05,0,0,0,1,0,0.023025335320417284
2018-11-28,269.6,274.58,268.3272,274.58,127124600,0.023025335320417284,0.023025335320417284,0.023192878338278853,0.5240354368944864,0.18614960464185756,0.000534023800784513,0,0,0,0,1,0.002185155510233683
2018-11-29,273.71,275.55,272.43,273.98,81616860,-0.002185155510233683,0.002185155510233683,0.01139892587044684,-0.44313184519372584,0.19839465430800748,2.4908425676552193e-05,0,0,1,0,0,0.006095335425943427
2018-11-30,273.81,276.28,273.45,275.65,95107720,0.006095335425943427,0.006095335425943427,0.010335634198896987,0.15297428395167856,0.16123341687692008,6.299915728212921e-05,1,0,0,0,0,0.013241429348812117
2018-12-03,280.28,280.4,277.505,279.3,102782300,0.013241429348812117,0.013241429348812117,0.010328956757528122,0.07760301445885176,0.15463963990524915,0.00013677015115174412,0,1,0,0,0,0.0324024346580738
2018-12-04,278.37,278.85,269.9,270.25,176092500,-0.0324024346580738,0.0324024346580738,0.03215145310198673,0.5383962618986828,0.33536740830802536,0.0010417853582992491,0,0,0,1,0,0.0015171137835338078
2018-12-06,265.92,269.97,262.44,269.84,203716500,-0.0015171137835338078,0.0015171137835338078,0.02831678700361022,0.14571989549763842,0.2764683661677208,4.2959787868568055e-05,0,0,1,0,0,0.02323599169878443
2018-12-07,269.46,271.22,262.63,263.57,160872400,-0.02323599169878443,0.02323599169878443,0.0318785719587324,-0.23611781594821935,0.3093052563781827,0.0007407302334022081,1,0,0,0,0,0.0018970292521911514
2018-12-10,263.37,265.1613,258.62,264.07,151022400,0.0018970292521911514,0.0018970292521911514,0.024836921441318216,-0.06318333358025541,0.2988856054233153,4.711636650855427e-05,0,1,0,0,0,0.00022721248153900753
2018-12-11,267.66,267.87,262.48,264.13,120632500,0.00022721248153900753,0.00022721248153900753,0.020137487857729904,-0.2246794346236456,0.24975150641019772,4.575488588116444e-06,0,0,0,1,0,0.005035399235225002
2018-12-12,267.47,269.0,265.37,265.46,97670090,0.005035399235225002,0.005035399235225002,0.013571615508281284,-0.2111533610139702,0.17912757970729173,6.833850235116736e-05,0,0,0,0,1,0.0003390341294355892
2018-12-13,266.52,267.49,264.12,265.37,96168730,-0.0003390341294355892,0.0003390341294355892,0.012644454449947488,-0.015491117913612129,0.18014924095928828,4.286901606625909e-06,0,0,1,0,0,0.01846478501714577
2018-12-14,262.96,264.03,259.85,260.47,116727700,-0.01846478501714577,0.01846478501714577,0.015895953757225245,0.1937396171937671,0.14698959471832324,0.0002935153687696547,1,0,0,0,0,0.019618382155334624
2018-12-17,259.4,260.65,253.525,255.36,165088800,-0.019618382155334624,0.019618382155334624,0.027467232074016856,0.3466396365602904,0.18297726253645322,0.0005388626555773271,0,1,0,0,0,0.0010964912280702066
2018-12-18,257.2,257.95,253.28,255.08,133073600,-0.0010964912280702066,0.0010964912280702066,0.018157076205287666,-0.21558115087333363,0.18006936873595936,1.99090747865002e-05,0,0,0,1,0,0.014975693899953013
2018-12-19,255.17,259.4,249.35,251.26,214312900,-0.014975693899953013,0.014975693899953013,0.03938550770074845,0.47653473518595746,0.15007292817472742,0.000589825307420651,0,0,0,0,1,0.01627795908620555
2018-12-20,249.86,251.62,244.65,247.17,247438000,-0.01627795908620555,0.01627795908620555,0.02789562154806691,0.14372294829719223,0.11882166864782776,0.0004540837862437071,0,0,1,0,0,0.02617631589594205
2018-12-21,246.74,249.71,239.98,240.7,252779300,-0.02617631589594205,0.02617631589594205,0.03943422225824762,0.021356730346713704,0.14618405201826012,0.001032242658942679,1,0,0,0,0,0.026422933111757363
2018-12-24,239.04,240.8355,234.27,234.34,147311600,-0.026422933111757363,0.026422933111757363,0.027466114457831266,-0.5399667019599015,0.16469308056989815,0.0007257353051591473,0,1,0,0,0,0.05052487838183839
2018-12-26,235.97,246.18,233.76,246.18,217567600,0.05052487838183839,0.05052487838183839,0.0526338093825487,0.3899595334281294,0.5145903699307451,0.0026593168178261372,0,0,0,0,1,0.00767730928588839
2018-12-27,242.57,248.29,238.96,248.07,184664900,0.00767730928588839,0.00767730928588839,0.03846312404666688,-0.16396677477134602,0.5166692673852045,0.0002952932994077526,0,0,1,0,0,0.0012899584794614505
2018-12-28,249.58,251.4,246.45,247.75,152931300,-0.0012899584794614505,0.0012899584794614505,0.019833319977562373,-0.18855402917763797,0.501557767509915,2.558415928092877e-05,1,0,0,0,0,0.00875882946518658
2018-12-31,249.56,250.19,247.47,249.92,143399900,0.00875882946518658,0.00875882946518658,0.010899182561307898,-0.06435156969527256,0.44051214604067324,9.546408136443135e-05,0,1,0,0,0,0.0010403329065302724
2019-01-02,245.98,251.21,245.95,250.18,126041700,0.0010403329065302724,0.0010403329065302724,0.021383852345719243,-0.12902442527505897,0.33685072049326614,2.2246325263636283e-05,0,0,0,0,1,0.02386281877048524
2019-01-03,248.23,248.57,243.67,244.21,142029300,-0.02386281877048524,0.02386281877048524,0.019739757482979518,0.11942056887181351,0.20940717970838746,0.0004710462553896701,0,0,1,0,0,0.03349576184431413
2019-01-04,247.59,253.11,247.17,252.39,142444500,0.03349576184431413,0.03349576184431413,0.02399127589967295,0.0029190757947326063,0.32774574267058093,0.0008036060638766784,1,0,0,0,0,0.007884623004080993
2019-01-07,252.69,255.95,251.69,254.38,102307400,0.007884623004080993,0.007884623004080993,0.016858601448415018,-0.33097044079841,0.3255363963495604,0.0001329237167968062,0,1,0,0,0,0.009395392719553364
2019-01-08,256.82,257.31,254.0,256.77,101804900,0.009395392719553364,0.009395392719553364,0.01288840432988086,-0.004923770005756722,0.3259734480608393,0.00012109162020762268,0,0,0,1,0,0.00467344315924767
2019-01-09,257.56,258.91,256.19,257.97,94640560,0.00467344315924767,0.00467344315924767,0.010560646063053375,-0.0729720989973508,0.3237914947301619,4.935457910061263e-05,0,0,0,0,1,0.0035275419622435855
2019-01-10,256.26,259.16,255.5,258.88,96462500,0.0035275419622435855,0.0035275419622435855,0.014282369468508645,0.019068194771762137,0.19620269794394077,5.038165762043086e-05,0,0,1,0,0,0.000386279357231345
2019-01-11,257.68,259.0098,257.03,258.98,72812270,0.000386279357231345,0.000386279357231345,0.0076831729276622615,-0.2812698434597465,0.0567118222439456,2.9678510999946494e-06,1,0,0,0,0,0.006100857209051069
2019-01-14,256.86,258.3,256.41,257.4,69913980,-0.006100857209051069,0.006100857209051069,0.00735809390329357,-0.040618855144973764,0.09108574324288937,4.4890680234783295e-05,0,1,0,0,0,0.011460761460761582
2019-01-15,257.82,260.7,257.81,260.35,84892580,0.011460761460761582,0.011460761460761582,0.011209370878907712,0.19412106079426295,0.1016770109763074,0.00012846792576836868,0,0,0,1,0,0.002419819473785223
2019-01-16,260.83,261.9666,260.6,260.98,77489420,0.002419819473785223,0.002419819473785223,0.005239427979910307,-0.09124528052390346,0.10029561404601596,1.2678469857282133e-05,0,0,0,0,1,0.0075867882596365455
2019-01-17,260.01,263.92,259.96,262.96,94873800,0.0075867882596365455,0.0075867882596365455,0.015230183454482661,0.20240617413869444,0.10722742979498878,0.00011554817702457982,0,0,1,0,0,0.01331000912686342
2019-01-18,264.98,266.98,262.998,266.46,124175900,0.01331000912686342,0.01331000912686342,0.015027549249000028,0.26915151890117883,0.1241545261924532,0.0002000168176585799,1,0,0,0,0,0.013510470614726322
2019-01-22,264.82,265.06,261.06,262.86,115253300,-0.013510470614726322,0.013510470614726322,0.015104599350502228,-0.07456679330694627,0.1709730967014101,0.00020407024567217465,0,0,0,1,0,0.0020923685612113108
2019-01-23,264.01,264.79,260.66,263.41,84305190,0.0020923685612113108,0.0020923685612113108,0.0156433468429226,-0.3126888827383354,0.15857972241513157,3.273164712625546e-05,0,0,0,0,1,0.0005314908317830547
2019-01-24,263.21,264.2,262.08,263.55,58643080,0.0005314908317830547,0.0005314908317830547,0.00805440522776492,-0.36297384368480934,0.15911536390369405,4.280842534022562e-06,0,0,1,0,0,0.008461392525137335
2019-01-25,265.61,266.7,263.6595,265.78,96838230,0.008461392525137335,0.008461392525137335,0.011447234667369483,0.5015722675322039,0.16115735157012503,9.68595458479731e-05,1,0,0,0,0,0.007600270900744888
2019-01-28,263.39,263.83,261.79,263.76,85027280,-0.007600270900744888,0.007600270900744888,0.007745168761152526,-0.13006970672095264,0.13666155773710306,5.8865380756745875e-05,0,1,0,0,0,0.001326963906581602
2019-01-29,263.92,264.55,262.48,263.41,65024130,-0.001326963906581602,0.001326963906581602,0.007843285844195184,-0.2682137107824367,0.09217103298121516,1.040775722424942e-05,0,0,0,1,0,0.015830834060969412
2019-01-30,265.1,268.52,264.25,267.58,92069900,0.015830834060969412,0.015830834060969412,0.016107129385137614,0.34778963487567793,0.14450996901343208,0.00025498929249467785,0,0,0,0,1,0.008782420210778241
2019-01-31,267.51,270.47,267.27,269.93,103347200,0.008782420210778241,0.008782420210778241,0.011962169638518356,0.11554612100208317,0.14683851668272074,0.00010505680039808146,0,0,1,0,0,0.00048160634238514355
2019-02-01,270.15,271.2,269.18,270.06,85738850,0.00048160634238514355,0.00048160634238514355,0.0074773274106976935,-0.18678814293210877,0.14532430975299152,3.6011283050822924e-06,1,0,0,0,0,0.007035473598459463
2019-02-04,270.11,272.03,269.36,271.96,60610790,0.007035473598459463,0.007035473598459463,0.009884861723001587,-0.34683311357058955,0.10925403106062449,6.954468367660018e-05,0,1,0,0,0,0.004191792910722247
2019-02-05,272.44,273.44,271.88,273.1,79447070,0.004191792910722247,0.004191792910722247,0.005726031419762158,0.270618079819986,0.09091111442524394,2.4002337911931856e-05,0,0,0,1,0,0.001318198462101794
2019-02-06,272.79,273.34,271.92,272.74,58009950,-0.001318198462101794,0.001318198462101794,0.0052054694087025144,-0.31447646155406517,0.06765222921268876,6.861841769069589e-06,0,0,0,0,1,0.009532888465205058
2019-02-07,270.94,271.55,268.29,270.14,95030290,-0.009532888465205058,0.009532888465205058,0.012032184247434822,0.4935811286137586,0.1003262026029715,0.00011470147042359342,0,0,1,0,0,0.0012215888058044744
2019-02-08,268.75,270.58,267.83,270.47,75742440,0.0012215888058044744,0.0012215888058044744,0.010232558139534883,-0.22685704277805385,0.10060741999982055,1.2499978477999271e-05,1,0,0,0,0,0.0005545901578731804
2019-02-11,271.2,271.49,270.03,270.62,67807910,0.0005545901578731804,0.0005545901578731804,0.005383480825958836,-0.11065978107583518,0.08218627828251361,2.985625481175751e-06,0,1,0,0,0,0.012859359988175445
2019-02-12,272.42,274.52,272.34,274.1,71990420,0.012859359988175445,0.012859359988175445,0.008002349313559969,0.05985419894302879,0.12722211886930976,0.0001029050905741963,0,0,0,1,0,0.0032469901495804088
2019-02-13,275.03,275.93,274.56,274.99,64930780,0.0032469901495804088,0.0032469901495804088,0.004981274770025105,-0.10321127371229721,0.12665793137968187,1.6174150110624934e-05,0,0,0,0,1,0.002218262482272082
2019-02-14,273.78,275.64,272.87,274.38,82409970,-0.002218262482272082,0.002218262482272082,0.01011761268171518,0.23838464208992605,0.09172690263342818,2.2443520622009013e-05,0,0,1,0,0,0.010897295721262523
2019-02-15,276.36,277.41,276.13,277.37,96744830,0.010897295721262523,0.010897295721262523,0.00463163988999866,0.16037046724987292,0.10393334572951951,5.047234955571122e-05,1,0,0,0,0,0.001730540433356298
2019-02-19,276.481,278.58,276.47,277.85,58802310,0.001730540433356298,0.001730540433356298,0.007631627489773102,-0.49789574727272523,0.10101032865997786,1.320683994336578e-05,0,0,0,1,0,0.002015475976246295
2019-02-20,277.81,278.92,277.25,278.41,76479570,0.002015475976246295,0.002015475976246295,0.006011302688888146,0.2628425025644532,0.07619310463477147,1.2115636155398812e-05,0,0,0,0,1,0.0035559067562228597
2019-02-21,277.7,278.1,276.345,277.42,63984460,-0.0035559067562228597,0.0035559067562228597,0.006319769535469915,-0.17838340241305417,0.08967368486893793,2.2472511188948875e-05,0,0,1,0,0,0.0061999855814287574
2019-02-22,278.11,279.36,277.4029,279.14,77132070,0.0061999855814287574,0.0061999855814287574,0.0070371435762828565,0.18687890335212032,0.08589908918688179,4.363018870739771e-05,1,0,0,0,0,0.0013613240667764703
2019-02-25,280.73,281.31,279.43,279.52,68642630,0.0013613240667764703,0.0013613240667764703,0.006696826131870464,-0.11660537549216343,0.05497802443553931,9.116550584332838e-06,0,1,0,0,0,0.0007155123068116609
2019-02-26,279.13,280.3,278.9,279.32,56491990,-0.0007155123068116609,0.0007155123068116609,0.005015584136424011,-0.19481490897248221,0.05717149279304819,3.5887121754607163e-06,0,0,0,1,0,0.0004296147787483662
2019-02-27,278.52,279.59,277.48,279.2,56131350,-0.0004296147787483662,0.0004296147787483662,0.007575757575757421,-0.006404378102516262,0.05723513495492693,3.254657414760283e-06,0,0,0,0,1,0.0018624641833809852
2019-02-28,278.96,279.45,278.32,278.68,69048080,-0.0018624641833809852,0.0018624641833809852,0.004050759965586448,0.20710859022394956,0.050394408291605956,7.544395351378351e-06,0,0,1,0,0,0.006243720396153396
2019-03-01,280.44,280.88,278.82,280.42,77586110,0.006243720396153396,0.006243720396153396,0.0073455997717872,0.11658534119758457,0.050683721397675456,4.586387111708747e-05,1,0,0,0,0,0.003637401041295285
2019-03-04,281.6,281.87,276.84,279.4,106181700,-0.003637401041295285,0.003637401041295285,0.01786221590909101,0.3137633577820722,0.05958114690067753,6.497204274756886e-05,0,1,0,0,0,0.0013600572655690923
2019-03-05,279.54,279.76,278.41,279.02,58813100,-0.0013600572655690923,0.0013600572655690923,0.00482936252414669,-0.5907871507838678,0.060186727277031594,6.568209589032796e-06,0,0,0,1,0,0.006056913482904491
2019-03-06,279.15,279.16,276.97,277.33,74824560,-0.006056913482904491,0.006056913482904491,0.007845244492208482,0.24078155048906424,0.07331263230458428,4.751796714153975e-05,0,0,0,0,1,0.008365485162081243
2019-03-07,276.83,276.99,274.07,275.01,94692650,-0.008365485162081243,0.008365485162081243,0.010547989740996338,0.23549020752556515,0.08909895967119529,8.823905166809003e-05,0,0,1,0,0,0.0019999272753717934
2019-03-08,272.94,274.65,272.42,274.46,85634780,-0.0019999272753717934,0.0019999272753717934,0.008170293837473296,-0.10054487350856434,0.04627239523927063,1.633999349336492e-05,1,0,0,0,0,0.014501202360999832
2019-03-11,275.26,278.62,275.23,278.44,64752480,0.014501202360999832,0.014501202360999832,0.012315628859986872,-0.2795195042675971,0.14212974648800358,0.0001785914263016393,0,1,0,0,0,0.0037710099123688945
2019-03-12,279.06,280.07,278.85,279.49,79432230,0.0037710099123688945,0.0037710099123688945,0.0043718196803553735,0.20433220142701103,0.1451645892572706,1.6486175349709526e-05,0,0,0,1,0,0.006619199255787134
2019-03-13,280.48,282.38,280.3,281.34,80111580,0.006619199255787134,0.006619199255787134,0.00741585852823725,0.0085162075212466,0.13750002274730627,4.9087045251130675e-05,0,0,0,0,1,0.0006397952655148309
2019-03-14,281.37,281.84,280.6662,281.16,67354180,-0.0006397952655148309,0.0006397952655148309,0.004171731172477419,-0.17345544577319671,0.1046094834897738,2.6690538531516873e-06,0,0,1,0,0,0.0005335040546308178
2019-03-15,280.54,282.21,280.33,281.31,80558110,0.0005335040546308178,0.0005335040546308178,0.00670136165965636,0.17901382015095635,0.09595634843216377,3.575203616974175e-06,1,0,0,0,0,0.003625893142796155
2019-03-18,281.55,282.66,281.3,282.33,61813150,0.003625893142796155,0.003625893142796155,0.004830403125555012,-0.26486265859609404,0.04571941717551573,1.7514525569891033e-05,0,1,0,0,0,0.00024793681153267855
2019-03-19,283.51,284.36,281.41,282.4,90060530,0.00024793681153267855,0.00024793681153267855,0.010405276709816192,0.37636586974750585,0.04771568637064922,2.579851130547067e-06,0,0,0,1,0,0.003009915014164144
2019-03-20,282.16,283.5,280.32,281.55,84349430,-0.003009915014164144,0.003009915014164144,0.011270201304224577,-0.06551394765853757,0.037939183716058,3.392234811823787e-05,0,0,0,0,1,0.011294619072988787
2019-03-21,280.64,285.18,280.59,284.73,79394020,0.011294619072988787,0.011294619072988787,0.016355473204105016,-0.060545000116064784,0.08618543663107892,0.00018472883959884157,0,0,1,0,0,0.019246303515611296
2019-03-22,283.22,283.8034,279.18,279.25,122400900,-0.019246303515611296,0.019246303515611296,0.016324412117788303,0.4328786680115151,0.17928524091161316,0.00031418459033287667,1,0,0,0,0,0.0007520143240823396
2019-03-25,278.87,280.1853,277.64,279.04,84898680,-0.0007520143240823396,0.0007520143240823396,0.009127191881521847,-0.36584317389024434,0.17414683437980305,6.863779033552469e-06,0,1,0,0,0,0.007454128440366858
2019-03-26,280.99,282.18,279.56,281.12,67884060,0.007454128440366858,0.007454128440366858,0.009324175237552954,-0.22365729253166933,0.18775408012425185,6.950359982120788e-05,0,0,0,1,0,0.005229083665338696
2019-03-27,281.11,281.76,277.93,279.65,72092750,-0.005229083665338696,0.005229083665338696,0.013624559780868642,0.0601522335806024,0.19000845952172601,7.124396299757079e-05,0,0,0,0,1,0.003790452351153162
2019-03-28,280.35,281.21,279.07,280.71,55987830,0.003790452351153162,0.003790452351153162,0.007633315498483988,-0.25281913477105533,0.16442893588704932,2.8933718678322503e-05,0,0,1,0,0,0.006305439777706701
2019-03-29,282.39,282.84,281.14,282.48,81882480,0.006305439777706701,0.006305439777706701,0.006020043202662944,0.3801506972238293,0.08356046689339358,3.795901987358376e-05,1,0,0,0,0,0.011859246672330626
2019-04-01,284.7,286.16,284.4,285.83,77289510,0.011859246672330626,0.011859246672330626,0.006181945907973473,-0.05772680649600659,0.10063077128230612,7.331322143766234e-05,0,1,0,0,0,0.0004898016303398478
2019-04-02,286.04,286.23,285.09,285.97,39939210,0.0004898016303398478,0.0004898016303398478,0.003985456579499521,-0.6601996811171027,0.10135904606122285,1.952083130287539e-06,0,0,0,1,0,0.0015735916354862045
2019-04-03,287.32,287.76,285.75,286.42,68027480,0.0015735916354862045,0.0015735916354862045,0.006995684254489736,0.5325531827289645,0.07192131064698228,1.1008350227367593e-05,0,0,0,0,1,0.0026534459884086647
2019-04-04,286.78,287.459,286.01,287.18,48868830,0.0026534459884086647,0.0026534459884086647,0.0050526536020643435,-0.330771965499288,0.0733688818765225,1.3406943431216223e-05,0,0,1,0,0,0.004840169928267857
2019-04-05,287.92,288.63,287.6,288.57,58454610,0.004840169928267857,0.004840169928267857,0.0035773826062794273,0.17911078235472289,0.07191635881851571,1.7315139712822176e-05,1,0,0,0,0,0.0007623800117824153
2019-04-08,288.1,288.91,287.37,288.79,53462150,0.0007623800117824153,0.0007623800117824153,0.005345366192294413,-0.08927662715342066,0.028025792233983313,4.075200340662739e-06,0,1,0,0,0,0.005124831192215851
2019-04-09,287.72,288.08,286.7,287.31,66072820,-0.005124831192215851,0.005124831192215851,0.0047963297650493375,0.21178353667811933,0.05905785392968345,2.4580380388078168e-05,0,0,0,1,0,0.003410949845115141
2019-04-10,287.77,288.3899,287.31,288.29,52463390,0.003410949845115141,0.003410949845115141,0.003752649685512768,-0.2306418701945212,0.06168010604321567,1.2800099863571159e-05,0,0,0,0,1,0.0002774983523536889
2019-04-11,288.83,288.84,287.578,288.21,54940520,-0.0002774983523536889,0.0002774983523536889,0.004369352214105185,0.04613555161943239,0.0611610802216598,1.2124880402671314e-06,0,0,1,0,0,0.006765899864682234
2019-04-12,290.0,290.47,288.261,290.16,69638530,0.006765899864682234,0.006765899864682234,0.007617241379310356,0.2370668567841605,0.07019093232089114,5.153749241752785e-05,1,0,0,0,0,0.0006548111386820432
2019-04-15,290.24,290.35,289.075,289.97,49795630,-0.0006548111386820432,0.0006548111386820432,0.004392916207276854,-0.33539077122043537,0.07134141289429863,2.876530463821759e-06,0,1,0,0,0,0.0006552401972617083
2019-04-16,290.95,291.01,289.5,290.16,52066270,0.0006552401972617083,0.0006552401972617083,0.005189895170991548,0.04459010021851739,0.04940643924573777,3.4006279356080895e-06,0,0,0,1,0,0.0024469258340227285
2019-04-17,291.4,291.425,288.99,289.45,58028490,-0.0024469258340227285,0.0024469258340227285,0.008356211393273858,0.10841676459642002,0.05580548331147084,2.044702953275686e-05,0,0,0,0,1,0.0019692520297114324
2019-04-18,290.1,290.32,288.66,290.02,68662280,0.0019692520297114324,0.0019692520297114324,0.0057221647707685905,0.1682658950764555,0.05532868442615616,1.1268384589179301e-05,0,0,1,0,0,0.0008620095165849939
2019-04-22,289.17,290.435,289.07,290.27,39992680,0.0008620095165849939,0.0008620095165849939,0.004720406681191026,-0.5405035467777566,0.026842671609945072,4.069035481338052e-06,0,1,0,0,0,0.008991628483825398
2019-04-23,290.68,293.14,290.42,292.88,52136160,0.008991628483825398,0.008991628483825398,0.009357368928030723,0.26516231473068075,0.06723850624498774,8.413798498694379e-05,0,0,0,1,0,0.0022193389784210815
2019-04-24,292.79,293.16,292.07,292.23,49470960,-0.0022193389784210815,0.0022193389784210815,0.003722804740599173,-0.052472926137017595,0.07366688969720522,8.262165669862528e-06,0,0,0,0,1,0.000615953187557805
2019-04-25,292.12,292.78,290.73,292.05,57578550,-0.000615953187557805,0.000615953187557805,0.0070176639737092785,0.1517642689139116,0.06856422013855337,4.322552493815802e-06,0,0,1,0,0,0.004656736860126687
2019-04-26,292.1,293.49,291.2401,293.41,50868100,0.004656736860126687,0.004656736860126687,0.0077024991441288085,-0.12391409219183558,0.07157669050568899,3.586851167955888e-05,1,0,0,0,0,0.0015677720595752564
2019-04-29,293.51,294.45,293.41,293.87,57043380,0.0015677720595752564,0.0015677720595752564,0.0035433205001531927,0.11457602085523533,0.07083317133579815,5.555118878260399e-06,0,1,0,0,0,0.0005104297818763204
2019-04-30,293.49,294.34,291.92,294.02,78594690,0.0005104297818763204,0.0005104297818763204,0.008245596102081703,0.3204921040817226,0.04098810626027052,4.208797819825801e-06,0,0,0,1,0,0.007516495476498131
2019-05-01,294.72,294.95,291.8,291.81,71671870,-0.007516495476498131,0.007516495476498131,0.01068811074918559,-0.09220579719706379,0.07138682602106783,8.033713609856453e-05,0,0,0,0,1,0.002158939035673879
2019-05-02,291.68,292.7,289.52,291.18,65030170,-0.002158939035673879,0.002158939035673879,0.01090235874931434,-0.09724702399440943,0.07267381293403037,2.353752788481538e-05,0,0,1,0,0,0.009787760148361802
2019-05-03,292.82,294.34,291.2998,294.03,56543650,0.009787760148361802,0.009787760148361802,0.010382487535004339,-0.13983840749944676,0.09999608688842454,0.00010162129773597862,1,0,0,0,0,0.004115226337448541
2019-05-06,289.25,293.31,288.9,292.82,107198100,-0.004115226337448541,0.004115226337448541,0.01524632670700095,0.6396656099938127,0.10400986957007675,6.27420852139954e-05,0,1,0,0,0,0.01669967898367597
2019-05-07,290.15,290.81,285.81,287.93,144729900,-0.01669967898367597,0.01669967898367597,0.01723246596587972,0.30019071968938604,0.15206709197309667,0.00028777664972731297,0,0,0,1,0,0.00138922654811946
2019-05-08,287.53,289.43,286.87,287.53,91568290,-0.00138922654811946,0.00138922654811946,0.008903418773693189,-0.45778420998914626,0.14970040649761052,1.2368865729439784e-05,0,0,0,0,1,0.0030257712238721535
2019-05-09,285.23,287.33,283.3,286.66,103471100,-0.0030257712238721535,0.0030257712238721535,0.014128948567822363,0.12220731269788843,0.14955098713541606,4.275096600008658e-05,0,0,1,0,0,0.005023372636572931
2019-05-10,285.62,288.94,282.3,288.1,112429300,0.005023372636572931,0.005023372636572931,0.023247671731671405,0.08303223221484046,0.1256176964897512,0.00011678171804090819,1,0,0,0,0,0.025130163137799366
2019-05-13,282.42,283.49,279.93,280.86,127290500,-0.025130163137799366,0.025130163137799366,0.01260533956518661,0.12414729522848589,0.19553405643756855,0.0003167742396804964,0,1,0,0,0,0.009043651641386985
2019-05-14,281.99,285.1,281.85,283.4,77003230,0.009043651641386985,0.009043651641386985,0.011525231391184084,-0.5026245017567064,0.2102574980560889,0.00010423017778824674,0,0,0,1,0,0.0058574453069866195
2019-05-15,281.59,285.77,281.36,285.06,73956410,0.0058574453069866195,0.0058574453069866195,0.015661067509499516,-0.04037150290121261,0.22002957841373405,9.173384638591857e-05,0,0,0,0,1,0.009261208166701618
2019-05-16,285.84,289.21,285.76,287.7,76749640,0.009261208166701618,0.009261208166701618,0.012069689336691817,0.03707282982084337,0.23213410821379782,0.00011177990545452168,0,0,1,0,0,0.006465067778936406
2019-05-17,285.14,288.6,285.1207,285.84,100353000,-0.006465067778936406,0.006465067778936406,0.012202076173108029,0.2681452711945944,0.23332553963993422,7.888724950288837e-05,1,0,0,0,0,0.006612090680100713
2019-05-20,284.06,285.43,283.12,283.95,62877610,-0.006612090680100713,0.006612090680100713,0.008132084770823073,-0.46750382572987803,0.12867364015337598,5.3770081922948184e-05,0,1,0,0,0,0.009015671773199507
2019-05-21,285.83,286.93,285.55,286.51,46847090,0.009015671773199507,0.009015671773199507,0.004828044641920007,-0.2943012394222819,0.12858024000630083,4.3528065797905326e-05,0,0,0,1,0,0.003071446022826385
2019-05-22,285.45,286.69,285.1,285.63,49482470,-0.003071446022826385,0.003071446022826385,0.005570152390961552,0.05472957067242845,0.1282540945712232,1.710842240775574e-05,0,0,0,0,1,0.012218604488324125
2019-05-23,283.16,283.21,280.57,282.14,98733850,-0.012218604488324125,0.012218604488324125,0.009323350755756413,0.690809370584045,0.1256572488175122,0.00011391833539050544,0,0,1,0,0,0.002268377401290156
2019-05-24,283.74,284.2,282.09,282.78,55268100,0.002268377401290156,0.002268377401290156,0.007436385423274877,-0.580231949579165,0.12953221914737673,1.6868528641440263e-05,1,0,0,0,0,0.009300516302425899
2019-05-28,283.09,284.15,280.13,280.15,70029360,-0.009300516302425899,0.009300516302425899,0.014200430958352404,0.23671869031325699,0.13661369211988122,0.00013207133962962996,0,0,0,1,0,0.006710690701409949
2019-05-29,278.91,279.36,276.71,278.27,104972900,-0.006710690701409949,0.006710690701409949,0.009501272812018334,0.40478763416845,0.08938664597909218,6.37601031111706e-05,0,0,0,0,1,0.0027311603837998355
2019-05-30,279.11,280.04,277.805,279.03,62523780,0.0027311603837998355,0.0027311603837998355,0.00800759557163847,-0.518155250761275,0.10810496691532412,2.1870027794749987e-05,0,0,1,0,0,0.013475253556965217
2019-05-31,276.2,277.12,275.24,275.27,86862780,-0.013475253556965217,0.013475253556965217,0.006806661839246907,0.32878266326094163,0.11386524763300322,9.172149416037129e-05,1,0,0,0,0,0.002542957823228109
2019-06-03,275.31,276.5521,273.09,274.57,96427950,-0.002542957823228109,0.002542957823228109,0.01257527877665185,0.10446646408939131,0.09893388844308221,3.197840354436123e-05,0,1,0,0,0,0.021706668609097868
2019-06-04,277.12,280.68,276.62,280.53,77231890,0.021706668609097868,0.021706668609097868,0.01465069284064666,-0.22198364013739535,0.21166396896362227,0.0003180177343855997,0,0,0,1,0,0.008662175168431263
2019-06-05,282.33,282.99,280.32,282.96,71169720,0.008662175168431263,0.008662175168431263,0.009457018382743656,-0.08174500647264438,0.20748952535637322,8.191834980240007e-05,0,0,0,0,1,0.006502685891998983
2019-06-06,283.29,285.55,282.57,284.8,69430380,0.006502685891998983,0.006502685891998983,0.010519255886194423,-0.024742922820870206,0.2084303206994028,6.840341684548374e-05,0,0,1,0,0,0.010007022471909988
2019-06-07,285.93,288.85,285.74,287.65,74272200,0.010007022471909988,0.010007022471909988,0.010876788025041141,0.06741219806567855,0.13792924354601593,0.00010884426218878815,1,0,0,0,0,0.004588910133843438
2019-06-10,289.37,290.82,288.8734,288.97,60799050,0.004588910133843438,0.004588910133843438,0.006727027680823822,-0.2001625560595386,0.10646468179678717,3.086972549517775e-05,0,1,0,0,0,0.00024223967885961262
2019-06-11,290.99,291.4,288.1805,288.9,58641330,-0.00024223967885961262,0.00024223967885961262,0.011063954087769277,-0.03613442515968046,0.06364988381892989,2.680128685138728e-06,0,0,0,1,0,0.0017653167185877061
2019-06-12,288.64,289.26,287.815,288.39,47096310,-0.0017653167185877061,0.0017653167185877061,0.00500623614190685,-0.21924507990062736,0.07685820142780987,8.837592358506178e-06,0,0,0,0,1,0.004126356669787334
2019-06-13,289.4,289.98,288.62,289.58,48945160,0.004126356669787334,0.004126356669787334,0.004699378023496938,0.038505832877092416,0.07340306971853214,1.939130985110861e-05,0,0,1,0,0,0.001105048691207977
2019-06-14,289.26,289.93,288.41,289.26,52324720,-0.001105048691207977,0.001105048691207977,0.005254788079928029,0.06676842814414385,0.047757677769445984,5.806796690299748e-06,1,0,0,0,0,0.00038028071631068805
2019-06-17,289.52,290.22,289.18,289.37,39205710,0.00038028071631068805,0.00038028071631068805,0.003592152528322812,-0.28864651129825347,0.03652769048617915,1.366026336567848e-06,0,1,0,0,0,0.01047102325742122
2019-06-18,291.39,293.57,290.99,292.4,85434820,0.01047102325742122,0.01047102325742122,0.008854113044373465,0.7789313327776277,0.08009704595617773,9.271162361147115e-05,0,0,0,1,0,0.0022571819425445394
2019-06-19,292.55,293.65,291.47,293.06,78674380,0.0022571819425445394,0.0022571819425445394,0.007451717655101521,-0.08243618262907049,0.07147747865106725,1.681988253203549e-05,0,0,0,0,1,0.009554357469460317
2019-06-20,296.04,296.3093,293.1255,295.86,116570000,0.009554357469460317,0.009554357469460317,0.010754627753006415,0.39317438440136954,0.08491043684284012,0.00010275355800320207,0,0,1,0,0,0.0062867572500507896
2019-06-21,294.13,295.52,293.76,294.0,83309470,-0.0062867572500507896,0.0062867572500507896,0.005983748682555302,-0.33592971932155535,0.1099977502153578,3.76183754125364e-05,1,0,0,0,0,0.001224489795918382
2019-06-24,294.23,294.58,293.47,293.64,47582730,-0.001224489795918382,0.001224489795918382,0.0037725588825067353,-0.5600923388947017,0.11320185020489316,4.619459856130752e-06,0,1,0,0,0,0.00980792807519415
2019-06-25,293.7,293.73,290.64,290.76,82028660,-0.00980792807519415,0.00980792807519415,0.01052093973442299,0.5445988092910561,0.1197268264319587,0.00010318862019867292,0,0,0,1,0,0.000997386160407121
2019-06-26,291.75,292.31,290.345,290.47,51584900,-0.000997386160407121,0.000997386160407121,0.006735218508997344,-0.46383969719712326,0.11615091885400376,6.717613728191835e-06,0,0,0,0,1,0.0035459772093502373
2019-06-27,291.31,292.06,290.89,291.5,40355240,0.0035459772093502373,0.0035459772093502373,0.004016339981463101,-0.2455077386309341,0.08216221403714574,1.4241850039270309e-05,0,0,1,0,0,0.005145797598627766
2019-06-28,292.58,293.55,292.01,293.0,59350930,0.005145797598627766,0.005145797598627766,0.005263517670380821,0.3857465327805123,0.09239805919005761,2.7084996588580442e-05,1,0,0,0,0,0.00907849829351548
2019-07-01,296.68,296.92,294.33,295.66,79107470,0.00907849829351548,0.00907849829351548,0.008729944721585654,0.28733951283916426,0.11473668326994571,7.925478825739983e-05,0,1,0,0,0,0.0026043428262192414
2019-07-02,295.61,296.49,294.68,296.43,61504540,0.0026043428262192414,0.0026043428262192414,0.006122932241805088,-0.2516963108916954,0.05840993436465402,1.594621465937158e-05,0,0,0,1,0,0.007995142192085858
2019-07-03,297.18,298.82,297.02,298.8,40898900,0.007995142192085858,0.007995142192085858,0.006056935190793497,-0.40800781721290846,0.04434118592141684,4.842605809864269e-05,0,0,0,0,1,0.0011378848728247348
2019-07-05,297.44,298.64,296.01,298.46,51677330,-0.0011378848728247348,0.0011378848728247348,0.00884211941904248,0.23391602113177967,0.06578528610173641,1.006131393063827e-05,1,0,0,0,0,0.0054948736849158575
2019-07-08,297.01,298.2579,296.22,296.82,45841770,-0.0054948736849158575,0.0054948736849158575,0.006861385138547454,-0.11982350736322189,0.0973978591569506,3.770244463987715e-05,0,1,0,0,0,0.0012465467286570941
2019-07-09,295.54,297.52,295.48,297.19,41101280,0.0012465467286570941,0.0012465467286570941,0.006902618934831033,-0.10915641714095514,0.07869960559668933,8.60443705238014e-06,0,0,0,1,0,0.004778088091793142
2019-07-10,298.37,299.66,297.78,298.61,58595560,0.004778088091793142,0.004778088091793142,0.006300901565170936,0.3546196539607891,0.08282215985456527,3.0106262736104025e-05,0,0,0,0,1,0.0023441947690967524
2019-07-11,299.32,299.58,298.2,299.31,50889480,0.0023441947690967524,0.0023441947690967524,0.004610450354136026,-0.14100270077902977,0.0618723499524337,1.0807793603345943e-05,0,0,1,0,0,0.00447696368313788
2019-07-12,299.85,300.73,299.51,300.65,40354410,0.00447696368313788,0.00447696368313788,0.004068701017175345,-0.23195553487687803,0.06607919570280729,1.821542669144017e-05,1,0,0,0,0,0.00033261267254292015
2019-07-15,301.13,301.13,300.19,300.75,33910260,0.00033261267254292015,0.00033261267254292015,0.0031215753993291857,-0.17398305425205862,0.031045736553128353,1.0382755361151137e-06,0,1,0,0,0,0.003458021612635198
2019-07-16,300.65,300.88,299.44,299.71,40567960,-0.003458021612635198,0.003458021612635198,0.004789622484616657,0.17926096419089177,0.053877491922450726,1.6562618068167896e-05,0,0,0,1,0,0.006573020586566947
2019-07-17,299.75,299.93,297.74,297.74,44102440,-0.006573020586566947,0.006573020586566947,0.007306088407005831,0.08353651525147754,0.0706174139018569,4.802306950652744e-05,0,0,0,0,1,0.003660912205279754
2019-07-18,297.19,299.25,296.7,298.83,51701690,0.003660912205279754,0.003660912205279754,0.00858036946061446,0.15897535651497208,0.07455594092870041,3.1411979284173136e-05,0,0,1,0,0,0.005554997824850139
2019-07-19,300.04,300.07,296.96,297.17,71081240,-0.005554997824850139,0.005554997824850139,0.010365284628716215,0.3183329734250826,0.06765601920520839,5.757913356647115e-05,1,0,0,0,0,0.002456506376821155
2019-07-22,297.61,298.5,297.04,297.9,43687400,0.002456506376821155,0.002456506376821155,0.004905749134773628,-0.4867637084378984,0.07425735121405252,1.205100403265628e-05,0,1,0,0,0,0.0071500503524672965
2019-07-23,299.14,300.03,298.22,300.03,44657970,0.0071500503524672965,0.0071500503524672965,0.0060506786120209455,0.021973059328846745,0.09536697396951534,4.326265674254669e-05,0,0,0,1,0,0.004699530046995415
2019-07-24,299.19,301.44,299.09,301.44,47213230,0.004699530046995415,0.004699530046995415,0.007854540592934332,0.05564135788053903,0.07641722906060035,3.6912649521840075e-05,0,0,0,0,1,0.004777070063694211
2019-07-25,300.94,301.0,299.11,300.0,55394090,-0.004777070063694211,0.004777070063694211,0.006280321658802374,0.15979875630834073,0.09041610917399154,3.0001536586635188e-05,0,0,1,0,0,0.006699999999999928
2019-07-26,300.76,302.23,300.62,302.01,45084080,0.006699999999999928,0.006699999999999928,0.005353105466152459,-0.20594371439029047,0.0770680086881982,3.5865806623221094e-05,1,0,0,0,0,0.0018211317506042768
2019-07-29,301.88,301.93,300.85,301.46,38126460,-0.0018211317506042768,0.0018211317506042768,0.0035775804955610973,-0.16762065751967015,0.08536465200473257,6.5152454308088976e-06,0,1,0,0,0,0.002454720360910101
2019-07-30,299.91,301.17,299.49,300.72,45849050,-0.002454720360910101,0.002454720360910101,0.005601680504151268,0.18444594505543677,0.07858957269441934,1.3750559188853276e-05,0,0,0,1,0,0.010940409683426466
2019-07-31,300.99,301.2,295.2,297.43,104245200,-0.010940409683426466,0.010940409683426466,0.01993421708362404,0.8213913254859477,0.10083830552079277,0.00021808850161320574,0,0,0,0,1,0.008707931277947889
2019-08-01,297.6,300.87,293.96,294.84,142646600,-0.008707931277947889,0.008707931277947889,0.023219086021505457,0.3136244237794905,0.10952784594369057,0.00020219020541202998,0,0,1,0,0,0.007529507529507429
2019-08-02,293.85,294.12,290.9,292.62,116749700,-0.007529507529507429,0.007529507529507429,0.010957971754296502,-0.20033791430779146,0.0633436782841824,8.250813083210524e-05,1,0,0,0,0,0.03007313239013054
2019-08-05,288.09,288.21,281.72,283.82,178745400,-0.03007313239013054,0.03007313239013054,0.02252768232149659,0.42593011705390893,0.16831450058557754,0.0006774779728971703,0,1,0,0,0,0.01402297230639138
2019-08-06,285.91,288.04,284.28,287.8,120711700,0.01402297230639138,0.01402297230639138,0.013150991570774186,-0.3925573863334968,0.24841436727833577,0.00018441599059855287,0,0,0,1,0,0.0005906879777624052
2019-08-07,284.4,288.82,282.04,287.97,140572300,0.0005906879777624052,0.0005906879777624052,0.02383966244725729,0.15231688804018972,0.25510199237675646,1.4081802001508762e-05,0,0,0,0,1,0.019620099315900807
2019-08-08,289.62,293.62,289.01,293.62,87713900,0.019620099315900807,0.019620099315900807,0.015917409018714225,-0.47164156118976663,0.3115569700269743,0.0003123011457989883,0,0,1,0,0,0.006811525100470006
2019-08-09,292.58,293.24,289.65,291.62,93729960,-0.006811525100470006,0.006811525100470006,0.012270148335498093,0.06633749958081481,0.3106018634430169,8.357842337373553e-05,1,0,0,0,0,0.012173376311638506
2019-08-12,289.96,291.6052,287.02,288.07,65527630,-0.012173376311638506,0.012173376311638506,0.015813215615947177,-0.3579459916526595,0.2144562278623462,0.00019250022439000348,0,1,0,0,0,0.015551775610094909
2019-08-13,287.74,294.15,287.36,292.55,94792970,0.015551775610094909,0.015551775610094909,0.023597692361159252,0.3692233599255559,0.2195974261839192,0.0003669860165167994,0,0,0,1,0,0.029567595282857795
2019-08-14,288.07,292.4644,283.76,283.9,135622100,-0.029567595282857795,0.029567595282857795,0.030216266879577954,0.35817708800862746,0.32337160295822726,0.0008934223500541813,0,0,0,0,1,0.002641775272983482
2019-08-15,284.88,285.64,282.39,284.65,101929800,0.002641775272983482,0.002641775272983482,0.011408312271833755,-0.2855879980928684,0.267207891069731,3.0138197266204428e-05,0,0,1,0,0,0.014754962234323044
2019-08-16,286.48,289.33,284.7138,288.85,85825290,0.014754962234323044,0.014754962234323044,0.016113515777715692,-0.1719706208997387,0.30468283423122516,0.00023775431676236356,1,0,0,0,0,0.01204777566210824
2019-08-19,292.19,293.08,291.44,292.33,53640150,0.01204777566210824,0.01204777566210824,0.005612786200759733,-0.4700158564855563,0.30102272657595713,6.762158898613009e-05,0,1,0,0,0,0.007662573119419869
2019-08-20,291.77,292.36,289.95,290.09,51652750,-0.007662573119419869,0.007662573119419869,0.008259930767385355,-0.03775441698295268,0.28515309346641493,6.329232346643615e-05,0,0,0,1,0,0.008135406253231725
2019-08-21,292.48,292.86,291.72,292.45,49723430,0.008135406253231725,0.008135406253231725,0.0038977024070021415,-0.03806718579222945,0.1410347790188083,3.1709392535161565e-05,0,0,0,0,1,0.00030774491366036827
2019-08-22,293.23,293.93,290.4,292.36,51739290,-0.00030774491366036827,0.00030774491366036827,0.012038331685025506,0.03974120283523419,0.14687129690765383,3.70473534502305e-06,0,0,1,0,0,0.025687508551101357
2019-08-23,290.92,292.76,283.47,284.85,149318200,-0.025687508551101357,0.025687508551101357,0.0319331775058434,1.0598621324901423,0.23727986899007336,0.0008202837702451899,1,0,0,0,0,0.011058451816745585
2019-08-26,287.27,288.0,285.58,288.0,72620600,0.011058451816745585,0.011058451816745585,0.00842413060883495,-0.7208309641141142,0.2334808704299633,9.315784243577293e-05,0,1,0,0,0,0.003923611111111058
2019-08-27,289.54,289.95,286.03,286.87,68263000,-0.003923611111111058,0.003923611111111058,0.013538716584927871,-0.061880735142498366,0.23015389114486004,5.312065882280656e-05,0,0,0,1,0,0.007041517063478109
2019-08-28,286.14,289.07,285.25,288.89,59852320,0.007041517063478109,0.007041517063478109,0.013350108338575499,-0.13148769523039405,0.227187528182277,9.400501566536076e-05,0,0,0,0,1,0.012773027796046943
2019-08-29,291.72,293.16,290.61,292.58,57998910,0.012773027796046943,0.012773027796046943,0.00874125874125878,-0.03145597702800629,0.2522432465029087,0.00011165234087453671,0,0,1,0,0,0.0004443229202268917
2019-08-30,294.22,294.2399,291.42,292.45,62961780,-0.0004443229202268917,0.0004443229202268917,0.00958432465501992,0.08210365700275091,0.1150521415358989,4.258535119121047e-06,1,0,0,0,0,0.005847153359548551
2019-09-03,290.57,291.58,289.27,290.74,69231880,-0.005847153359548551,0.005847153359548551,0.007949891592387385,0.09493357311188788,0.12400537069736815,4.6484235332474676e-05,0,0,0,1,0,0.01135034738942009
2019-09-04,293.14,294.055,292.31,294.04,47003960,0.01135034738942009,0.01135034738942009,0.005952787064201421,-0.3872295898679923,0.12605320086022723,6.756620111393228e-05,0,0,0,0,1,0.012855393823969496
2019-09-05,296.79,298.83,294.001,297.82,83356780,0.012855393823969496,0.012855393823969496,0.01627076383975204,0.5728980868617306,0.13822823175578122,0.00020916707697681458,0,0,1,0,0,0.0007722785575179358
2019-09-06,298.17,298.76,297.42,298.05,49584290,0.0007722785575179358,0.0007722785575179358,0.004494080558070815,-0.5194558917596339,0.1277964914648735,3.4706820507563292e-06,1,0,0,0,0,0.0005032712632107028
2019-09-09,299.14,299.24,297.16,298.2,51260290,0.0005032712632107028,0.0005032712632107028,0.006953266029283894,0.03324232800407145,0.1260076403508365,3.4993789779977732e-06,0,1,0,0,0,0.00023474178403748436
2019-09-10,297.36,298.2,295.97,298.13,57947100,-0.00023474178403748436,0.00023474178403748436,0.007499327414581522,0.1226141447891429,0.10273109185896646,1.7604054963800816e-06,0,0,0,1,0,0.007110991849193393
2019-09-11,298.47,300.34,297.75,300.25,68821070,0.007110991849193393,0.007110991849193393,0.008677589037424112,0.17197941993473265,0.08996509445270211,6.17062649157728e-05,0,0,0,0,1,0.0034637801831807202
2019-09-12,301.25,302.46,300.41,301.29,72908750,0.0034637801831807202,0.0034637801831807202,0.006804979253111882,0.057698710377739104,0.047942878454816776,2.3570952283884875e-05,0,0,1,0,0,0.0006638122738891195
2019-09-13,301.78,302.17,300.68,301.09,62104840,-0.0006638122738891195,0.0006638122738891195,0.004937371595201833,-0.1603847321499714,0.051798479283052506,3.277487865646478e-06,1,0,0,0,0,0.0030887774419606773
2019-09-16,299.84,301.1378,299.45,300.16,58191180,-0.0030887774419606773,0.0030887774419606773,0.005629002134471847,-0.0650901267664814,0.06345902783029375,1.7386734813705145e-05,0,1,0,0,0,0.0025319829424306217
2019-09-17,299.94,301.02,299.75,300.92,42904430,0.0025319829424306217,0.0025319829424306217,0.004234180169367146,-0.3047587067325068,0.06222322484266471,1.0720871964015614e-05,0,0,0,1,0,0.000598165625415481
2019-09-18,300.49,301.22,298.24,301.1,74192090,0.000598165625415481,0.000598165625415481,0.009917135345602244,0.5476824468821384,0.041344685817561476,5.932089466332139e-06,0,0,0,0,1,6.64231152441852e-05
2019-09-19,301.53,302.63,300.7103,301.08,78099220,-6.64231152441852e-05,6.64231152441852e-05,0.006366530693463263,0.051322528208398666,0.03239667546124858,4.228848019575527e-07,0,0,1,0,0,0.009299853859439433
2019-09-20,300.36,300.67,297.41,298.28,97455980,-0.009299853859439433,0.009299853859439433,0.010853642295911542,0.22142071673024333,0.07335422938056486,0.00010093728719460802,1,0,0,0,0,0.00023467882526484463
2019-09-23,297.55,299.0,297.27,298.21,47541320,-0.00023467882526484463,0.00023467882526484463,0.00581414888254081,-0.7178015504617115,0.07315256676340817,1.3644576296695865e-06,0,1,0,0,0,0.0078468193554877
2019-09-24,299.41,299.84,294.81,295.87,97367570,-0.0078468193554877,0.0078468193554877,0.0167997060886409,0.7168939599249278,0.07600527861814778,0.000131824258902852,0,0,0,1,0,0.00591475986074963
2019-09-25,295.96,298.11,294.33,297.62,73434080,0.00591475986074963,0.00591475986074963,0.012771996215704925,-0.2821050619386085,0.09929553456141757,7.554329055829767e-05,0,0,0,0,1,0.0020831933337813746
2019-09-26,297.63,297.86,295.45,297.0,58722360,-0.0020831933337813746,0.0020831933337813746,0.008097302019285775,-0.22356755539532358,0.09744403153545202,1.686824558819059e-05,0,0,1,0,0,0.005387205387205496
2019-09-27,297.83,297.9465,293.69,295.4,84781110,-0.005387205387205496,0.005387205387205496,0.014291710035926592,0.3672521790807899,0.08377425665613894,7.699237729792258e-05,1,0,0,0,0,0.004637779282329113
2019-09-30,295.97,297.55,295.92,296.77,52562760,0.004637779282329113,0.004637779282329113,0.005507314930567271,-0.4780648671063261,0.0961971594393073,2.5541711086246687e-05,0,1,0,0,0,0.011894733295144344
2019-10-01,297.74,298.455,293.0,293.24,89900420,-0.011894733295144344,0.011894733295144344,0.018321354201652394,0.5366947212096171,0.116601307292008,0.00021792762183452745,0,0,0,1,0,0.017664711499113417
2019-10-02,291.5,291.51,286.64,288.06,124524000,-0.017664711499113417,0.017664711499113417,0.016706689536878233,0.32579585199402317,0.13714422295546316,0.0002951188507742107,0,0,0,0,1,0.008192737624106217
2019-10-03,287.81,290.45,284.82,290.42,85906800,0.008192737624106217,0.008192737624106217,0.01956151627810012,-0.3712354771280566,0.17268844822393045,0.00016026237039615707,0,0,1,0,0,0.013532125886646984
2019-10-04,291.14,294.63,290.82,294.35,66700680,0.013532125886646984,0.013532125886646984,0.013086487600467137,-0.25304783654915397,0.21345623538775438,0.00017708799762356612,1,0,0,0,0,0.004314591472736717
2019-10-07,293.47,295.26,292.77,293.08,60656560,-0.004314591472736717,0.004314591472736717,0.008484683272566221,-0.09498735515438028,0.20892645291594128,3.660794209668608e-05,0,1,0,0,0,0.015524771393476189
2019-10-08,291.04,291.85,288.49,288.53,101575500,-0.015524771393476189,0.015524771393476189,0.011544804837823025,0.5155745665675191,0.2205526994872856,0.00017923045588950042,0,0,0,1,0,0.009496412851349945
2019-10-09,290.75,292.3,288.6559,291.27,65707330,0.009496412851349945,0.009496412851349945,0.012533447979363843,-0.4355918719591827,0.19018724987653987,0.0001190227964629568,0,0,0,0,1,0.006763484052597413
2019-10-10,291.18,294.21,291.0,293.24,57255970,0.006763484052597413,0.006763484052597413,0.011024108798681157,-0.13767856827943348,0.18763979592091048,7.456138405397882e-05,0,0,1,0,0,0.010366934933842442
2019-10-11,296.27,298.74,296.1448,296.28,101228600,0.010366934933842442,0.010366934933842442,0.008759577412495475,0.5698494015623012,0.17638217640022866,9.080996908329652e-05,1,0,0,0,0,0.0011138112596191796
2019-10-14,295.93,296.67,295.57,295.95,40546670,-0.0011138112596191796,0.0011138112596191796,0.0037170952590140326,-0.9149276544875455,0.17128770377168884,4.1401425525669e-06,0,1,0,0,0,0.00990032100016891
2019-10-15,297.1,299.7,296.97,298.88,47832360,0.00990032100016891,0.00990032100016891,0.009188825311342852,0.16524873778503846,0.07606353418185915,9.097232019677126e-05,0,0,0,1,0,0.0016059957173447659
2019-10-16,298.37,299.16,297.92,298.4,50563600,-0.0016059957173447659,0.0016059957173447659,0.004155913798304149,0.0555295508137128,0.0928522740378042,6.674379761730483e-06,0,0,0,0,1,0.0029490616621983268
2019-10-17,299.68,300.24,298.515,299.28,46784890,0.0029490616621983268,0.0029490616621983268,0.0057561398825414535,-0.07767166069394094,0.09187523786354455,1.697521144985378e-05,0,0,1,0,0,0.004377171879176522
2019-10-18,298.69,299.395,296.99,297.97,64338030,-0.004377171879176522,0.004377171879176522,0.008051826308212436,0.3185906093776829,0.08805513893534685,3.524422769232119e-05,1,0,0,0,0,0.006779205960331547
2019-10-21,299.42,300.21,298.935,299.99,39460900,0.006779205960331547,0.006779205960331547,0.004258232582993712,-0.48884058471362835,0.09296090220144795,2.8867435707108972e-05,0,1,0,0,0,0.0032667755591854197
2019-10-22,300.58,300.9,298.91,299.01,49126040,-0.0032667755591854197,0.0032667755591854197,0.006620533634972228,0.21907892722194333,0.07404208004612846,2.162779746749228e-05,0,0,0,1,0,0.002909601685562313
2019-10-23,298.73,299.94,298.495,299.88,34991830,0.002909601685562313,0.002909601685562313,0.004837143909215656,-0.3392746265572022,0.07444280399910044,1.4074162071561349e-05,0,0,0,0,1,0.0016339869281045694
2019-10-24,300.91,301.07,299.4601,300.37,35857460,0.0016339869281045694,0.0016339869281045694,0.005350104682463134,0.0244370282996762,0.07284047024158431,8.74200111513581e-06,0,0,1,0,0,0.0040949495622066845
2019-10-25,299.74,302.2,299.6806,301.6,45205410,0.0040949495622066845,0.0040949495622066845,0.00840528457996918,0.23166512951553742,0.05886668845111751,3.4419216410967384e-05,1,0,0,0,0,0.005636604774535758
2019-10-28,302.94,303.85,302.91,303.3,42146970,0.005636604774535758,0.005636604774535758,0.003102924671552115,-0.07005397259317547,0.05389776055290247,1.748996001869545e-05,0,1,0,0,0,0.00029673590504464276
2019-10-29,303.0,304.23,302.86,303.21,44284920,-0.00029673590504464276,0.00029673590504464276,0.004521452145214536,0.04948141589078148,0.03609880195699767,1.3416771944262768e-06,0,0,0,1,0,0.0030671811615712308
2019-10-30,303.43,304.55,301.99,304.14,49643930,0.0030671811615712308,0.0030671811615712308,0.008436871766140467,0.11423191201003391,0.03614743266806066,2.587741414369824e-05,0,0,0,0,1,0.0026632471887946263
2019-10-31,304.13,304.13,301.73,303.33,69053790,-0.0026632471887946263,0.0026632471887946263,0.007891362246407711,0.3300096332227298,0.05369729952393278,2.1016648318505384e-05,0,0,1,0,0,0.00926383806415454
2019-11-01,304.92,306.19,304.74,306.14,71141520,0.00926383806415454,0.00926383806415454,0.004755345664436536,0.02978536607549387,0.07493570224362814,4.405275217441945e-05,1,0,0,0,0,0.0040177696478735925
2019-11-04,307.85,308.0,306.96,307.37,60606920,0.0040177696478735925,0.0040177696478735925,0.003378268637323438,-0.16026205219364087,0.07218001112913965,1.3573105193401392e-05,0,1,0,0,0,0.0011061587012396457
2019-11-05,307.59,307.9195,306.71,307.03,42933220,-0.0011061587012396457,0.0011061587012396457,0.003932182450665003,-0.3447631859357365,0.07447372138972601,4.349617832664927e-06,0,0,0,1,0,0.0002279907500897238
2019-11-06,307.03,307.4,306.06,307.1,46487110,0.0002279907500897238,0.0002279907500897238,0.004364394358857359,0.07952918283626431,0.0758642676114107,9.950415435632486e-07,0,0,0,0,1,0.0035167697818299093
2019-11-07,308.57,309.65,307.66,308.18,54272270,0.0035167697818299093,0.0035167697818299093,0.006449103931036563,0.15483834214835568,0.06394973667104653,2.2680013824549866e-05,0,0,1,0,0,0.002466091245376001
2019-11-08,307.8,309.0036,307.03,308.94,49068800,0.002466091245376001,0.002466091245376001,0.0064119558154646945,-0.10079001820178135,0.03480053690248414,1.581246810225522e-05,1,0,0,0,0,0.0019097559396645813
2019-11-11,307.42,308.54,307.27,308.35,35934910,-0.0019097559396645813,0.0019097559396645813,0.004131156073124841,-0.31151414109862685,0.03665815867300449,7.889499848331573e-06,0,1,0,0,0,0.0021079941624775334
2019-11-12,308.75,309.99,308.15,309.0,46484620,0.0021079941624775334,0.0021079941624775334,0.005959514170040589,0.25741225248359,0.03402553262721384,1.2562621081647704e-05,0,0,0,1,0,0.00032362459546941835
2019-11-13,307.91,309.54,307.66,309.1,54459020,0.00032362459546941835,0.00032362459546941835,0.006105680231236385,0.15832698388062738,0.033845226324117884,1.9759482948994995e-06,0,0,0,0,1,0.001455839534131309
2019-11-14,308.79,309.64,308.09,309.55,52001870,0.001455839534131309,0.001455839534131309,0.005019592603387452,-0.04616881188415789,0.028003048633735154,7.307721357244553e-06,0,0,1,0,0,0.007236310773703902
2019-11-15,311.02,311.84,310.26,311.79,62706190,0.007236310773703902,0.007236310773703902,0.005080059160182574,0.18718048409293075,0.05365700767399909,3.676088683188236e-05,1,0,0,0,0,0.0007376759998716231
2019-11-18,311.53,312.28,311.03,312.02,49327980,0.0007376759998716231,0.0007376759998716231,0.004012454659262351,-0.23996869682935085,0.04450345780097806,2.9598915027109077e-06,0,1,0,0,0,0.0002884430485224909
2019-11-19,312.68,312.69,311.22,311.93,67927820,-0.0002884430485224909,0.0002884430485224909,0.004701292055775778,0.3199541995835524,0.04847478317580837,1.356055012562534e-06,0,0,0,1,0,0.0037187830603020444
2019-11-20,311.28,311.85,309.06,310.77,79696280,-0.0037187830603020444,0.0037187830603020444,0.008962991518889811,0.15977723667262822,0.06302972124026676,3.3331421030078324e-05,0,0,0,0,1,0.0016089069086462349
2019-11-21,310.89,311.01,309.39,310.27,54664690,-0.0016089069086462349,0.0016089069086462349,0.005210846280034754,-0.37700492396401586,0.0655953378932018,8.383766579841449e-06,0,0,1,0,0,0.002223869532987477
2019-11-22,311.09,311.24,309.85,310.96,44850230,0.002223869532987477,0.002223869532987477,0.004468160339451562,-0.19788925926589584,0.03600883147205659,9.936605647409312e-06,1,0,0,0,0,0.007750192950861878
2019-11-25,311.98,313.37,311.98,313.37,48762680,0.007750192950861878,0.007750192950861878,0.004455413808577429,0.08363654770142404,0.06997125130650136,3.453031669240946e-05,0,1,0,0,0,0.0022656923126016526
2019-11-26,313.41,314.28,313.06,314.08,37727950,0.0022656923126016526,0.0022656923126016526,0.003892664560798859,-0.2565640611106659,0.06965230854795866,8.819580170938863e-06,0,0,0,1,0,0.004457463066734668
2019-11-27,314.61,315.48,314.37,315.48,44793180,0.004457463066734668,0.004457463066734668,0.0035281777438734103,0.1716546924304474,0.05445591434769941,1.5726721986190974e-05,0,0,0,0,1,0.0037086344617726086
2019-11-29,314.86,315.13,314.06,314.31,36592740,-0.0037086344617726086,0.0037086344617726086,0.003398335768277943,-0.20220603061109088,0.06642051114748143,1.2603185142910075e-05,1,0,0,0,0,0.008494798129235481
2019-12-02,314.59,314.66,311.17,311.64,76110030,-0.008494798129235481,0.008494798129235481,0.0110938046346038,0.732330182181105,0.10347478976882409,9.423963085613628e-05,0,1,0,0,0,0.006706456167372532
2019-12-03,308.65,309.64,307.13,309.55,75172710,-0.006706456167372532,0.006706456167372532,0.008132188563097331,-0.012391790125864333,0.08916301539118233,5.4538166143220464e-05,0,0,0,1,0,0.006170247132934792
2019-12-04,310.7,312.12,310.32,311.46,49190400,0.006170247132934792,0.006170247132934792,0.005793369810106248,-0.42408977662112335,0.10503423926434459,3.574652346083906e-05,0,0,0,0,1,0.0017979836897192847
2019-12-05,312.23,312.25,310.58,312.02,40781670,0.0017979836897192847,0.0017979836897192847,0.005348621208724389,-0.18746576256201664,0.0966433071964708,9.616733695773098e-06,0,0,1,0,0,0.0091340298698801
2019-12-06,314.12,315.31,314.11,314.87,48956770,0.0091340298698801,0.0091340298698801,0.0038201961033999384,0.18270494395633818,0.12325780549863342,3.4893785317254605e-05,1,0,0,0,0,0.0031441547305237627
2019-12-09,314.44,315.18,313.8,313.88,34904320,-0.0031441547305237627,0.0031441547305237627,0.004388754611372584,-0.3383270517990695,0.10320877398497699,1.3798923572455088e-05,0,1,0,0,0,0.001115075825156131
2019-12-10,313.82,314.55,312.81,313.53,53107130,-0.001115075825156131,0.001115075825156131,0.0055445796953668,0.41970058058390336,0.08050567528948689,6.182626778955064e-06,0,0,0,1,0,0.0028386438299365935
2019-12-11,314.03,314.7,313.4393,314.42,53521450,0.0028386438299365935,0.0028386438299365935,0.00401458459382857,0.007771313796101964,0.07435508354933623,1.1395975787029976e-05,0,0,0,0,1,0.008619044590038705
2019-12-12,314.43,317.99,314.17,317.13,96585800,0.008619044590038705,0.008619044590038705,0.012148967973793827,0.5903492160243964,0.08822692519382153,0.00010471249668908116,0,0,1,0,0,0.0005991233878850366
2019-12-13,316.87,318.67,316.02,317.32,81546490,0.0005991233878850366,0.0005991233878850366,0.008363051093508485,-0.16925844351252195,0.07173162354653971,5.010499504198464e-06,1,0,0,0,0,0.00687003655615781
2019-12-16,319.22,320.15,317.2542,319.5,82836130,0.00687003655615781,0.00687003655615781,0.009071486748950414,0.015691031621532403,0.06530470659695493,6.232144558399051e-05,0,1,0,0,0,0.00021909233176842235
2019-12-17,319.92,320.25,319.48,319.57,61131770,0.00021909233176842235,0.00021909233176842235,0.002406851712928175,-0.3038326162798164,0.05973371438911709,5.273227540062554e-07,0,0,0,1,0,6.258409738069126e-05
2019-12-18,320.0,320.25,319.53,319.59,48199960,6.258409738069126e-05,6.258409738069126e-05,0.0022500000000000853,-0.2376735027386978,0.06559726138452476,1.4081421910656067e-07,0,0,0,0,1,0.0040990018461153355
2019-12-19,319.8,320.98,319.5246,320.9,85388420,0.0040990018461153355,0.0040990018461153355,0.004550969355847396,0.5718522941942901,0.047838898349101565,1.8654431791232795e-05,0,0,1,0,0,0.0005297600498596067
2019-12-20,320.46,321.9742,319.3873,320.73,149338200,-0.0005297600498596067,0.0005297600498596067,0.008072458341134663,0.5590030330758928,0.05103599227857542,4.276465933289097e-06,1,0,0,0,0,0.0015277647865805655
2019-12-23,321.59,321.65,321.06,321.22,53015640,0.0015277647865805655,0.0015277647865805655,0.0018346341615099195,-1.0356265559754476,0.029359685700960685,2.802889468212617e-06,0,1,0,0,0,3.1131311873489054e-05
2019-12-24,321.47,321.52,320.9,321.23,20270010,3.1131311873489054e-05,3.1131311873489054e-05,0.0019286403085824633,-0.9614444800846691,0.02973314187110574,6.004110293826283e-08,0,0,0,1,0,0.0053232886094074505
2019-12-26,321.65,322.95,321.64,322.94,31024190,0.0053232886094074505,0.0053232886094074505,0.004072749883413656,0.42562475186766235,0.04040088345940291,2.168042306334144e-05,0,0,1,0,0,0.0002477240354245014
2019-12-27,323.74,323.8,322.28,322.86,42554820,-0.0002477240354245014,0.0002477240354245014,0.00469512571816902,0.3160258955935191,0.038527151781699034,1.16309548973019e-06,1,0,0,0,0,0.005513225546676659
2019-12-30,322.95,323.1,320.55,321.08,49782730,-0.005513225546676659,0.005513225546676659,0.00789595912679985,0.15687500622588502,0.061929924970482234,4.3532203573387655e-05,0,1,0,0,0,0.002429301108757942
2019-12-31,320.53,322.13,320.15,321.86,57107000,0.002429301108757942,0.002429301108757942,0.006177268898387104,0.13725856177840257,0.06343776750194494,1.5006446183947741e-05,0,0,0,1,0,0.009351892127011707
2020-01-02,323.54,324.89,322.53,324.87,59253830,0.009351892127011707,0.009351892127011707,0.007294306731779729,0.03690371754970201,0.08924335391850764,6.821556969693935e-05,0,0,1,0,0,0.007572259673099935
2020-01-03,321.16,323.64,321.1,322.41,77783120,-0.007572259673099935,0.007572259673099935,0.007908830489475537,0.27209401776613973,0.10668855649852861,5.9887718176838824e-05,1,0,0,0,0,0.003815018144598392
2020-01-06,320.49,323.73,320.36,323.64,55761950,0.003815018144598392,0.003815018144598392,0.010515148678585929,-0.3328326988392156,0.1106635890905697,4.011548300195513e-05,0,1,0,0,0,0.0028117661599307286
2020-01-07,323.02,323.54,322.24,322.73,42854810,-0.0028117661599307286,0.0028117661599307286,0.004024518605659127,-0.2632738409591475,0.10279449393181965,1.1316005225403934e-05,0,0,0,1,0,0.005329532426486372
2020-01-08,322.94,325.78,322.67,324.45,68434150,0.005329532426486372,0.005329532426486372,0.009630271877128744,0.46805406953302864,0.10722611683316614,5.132484624503742e-05,0,0,0,0,1,0.006780705809831922
2020-01-09,326.16,326.73,325.52,326.65,48569600,0.006780705809831922,0.006780705809831922,0.003709835663478159,-0.34287414227722834,0.09657402332451501,2.5155304236868014e-05,0,0,1,0,0,0.0028776978417266452
2020-01-10,327.29,327.46,325.2,325.71,53057390,-0.0028776978417266452,0.0028776978417266452,0.006905191114913351,0.08837633537416778,0.07281933481677776,1.9871053568096156e-05,1,0,0,0,0,0.006877283473028184
2020-01-13,326.39,327.96,325.92,327.95,47262010,0.006877283473028184,0.006877283473028184,0.006250191488709715,-0.11566735405624229,0.08035795252699289,4.2984338628564744e-05,0,1,0,0,0,0.0015246226558927045
2020-01-14,327.47,328.62,326.844,327.45,63036380,-0.0015246226558927045,0.0015246226558927045,0.005423397563135586,0.2880052132124611,0.07519010352500022,8.268634796669798e-06,0,0,0,1,0,0.00225988700564983
2020-01-15,327.35,329.02,327.26,328.19,72056600,0.00225988700564983,0.00225988700564983,0.005376508324423372,0.1337398992748433,0.07207887668360179,1.2150301298132518e-05,0,0,0,0,1,0.008318352174045529
2020-01-16,329.7,330.92,329.45,330.92,54050330,0.008318352174045529,0.008318352174045529,0.004458598726114733,-0.287536267155879,0.07862590300135923,3.7088194406573116e-05,0,0,1,0,0,0.003112534751601448
2020-01-17,331.7,332.18,330.8539,331.95,95846020,0.003112534751601448,0.003112534751601448,0.003997889659330711,0.5728272878238272,0.06203306239509833,1.2443570497734912e-05,1,0,0,0,0,0.001958126223828849
2020-01-21,330.9,332.18,330.82,331.3,77742420,-0.001958126223828849,0.001958126223828849,0.004110003022061087,-0.20934188864131897,0.06607873409234595,8.047904697513633e-06,0,0,0,1,0,0.00012073649260480046
2020-01-22,332.24,332.95,331.17,331.34,48914900,0.00012073649260480046,0.00012073649260480046,0.0053575728389115475,-0.4633189932199713,0.0613474443515906,6.468545534449239e-07,0,0,0,0,1,0.0011468582121085813
2020-01-23,330.63,332.1682,329.41,331.72,51962990,0.0011468582121085813,0.0011468582121085813,0.008342255693675674,0.06044967966777648,0.06197970202580704,9.567384449801516e-06,0,0,1,0,0,0.00889304232485244
2020-01-24,332.44,332.53,327.36,328.77,87578440,-0.00889304232485244,0.00889304232485244,0.015551678498375524,0.5220031066909598,0.07341995256193491,0.00013830173510855117,1,0,0,0,0,0.016029443075706418
2020-01-27,323.03,325.12,322.66,323.5,84062460,-0.016029443075706418,0.016029443075706418,0.007615391759279261,-0.04097475449150423,0.1150184614653902,0.00012207048870457066,0,1,0,0,0,0.010479134466769624
2020-01-28,325.06,327.85,323.6038,326.89,63833950,0.010479134466769624,0.010479134466769624,0.013062819171845335,-0.2752749097095446,0.16119686468618183,0.00013688703861686348,0,0,0,1,0,0.0008259659212578319
2020-01-29,328.38,328.63,326.4,326.62,54040890,-0.0008259659212578319,0.0008259659212578319,0.006790912966684994,-0.1665441954030875,0.160314894047617,5.609062684709727e-06,0,0,0,0,1,0.003245361582266959
2020-01-30,324.36,327.91,323.54,327.68,75491840,0.003245361582266959,0.003245361582266959,0.013472684671352831,0.33428358344733766,0.16423423167947696,4.372373324240543e-05,0,0,1,0,0,0.018157958984375
2020-01-31,327.0,327.17,320.73,321.73,113845600,-0.018157958984375,0.018157958984375,0.019694189602446475,0.41081856901351443,0.19716339386655612,0.0003576062870317277,1,0,0,0,0,0.0074285891896932466
2020-02-03,323.35,326.16,323.22,324.12,69242290,0.0074285891896932466,0.0074285891896932466,0.009092314829132512,-0.4972313356326197,0.17836427979037903,6.754307164898137e-05,0,1,0,0,0,0.015241268665926233
2020-02-04,328.07,330.01,327.72,329.06,62573190,0.015241268665926233,0.015241268665926233,0.006980217636479909,-0.10127488998000445,0.19744430967037407,0.00010638737234422691,0,0,0,1,0,0.01154804594906711
2020-02-05,332.27,333.09,330.67,332.86,65951150,0.01154804594906711,0.01154804594906711,0.007283233514912449,0.052577404035520914,0.20797157076497244,8.410711528799451e-05,0,0,0,0,1,0.003364777984738332
2020-02-06,333.91,334.19,332.8,333.98,50359690,0.003364777984738332,0.003364777984738332,0.004162798358839167,-0.26972325829140686,0.2079510251463211,1.4006892272726889e-05,0,0,1,0,0,0.005329660458710195
2020-02-07,332.82,333.9941,331.6,332.2,64139440,-0.005329660458710195,0.005329660458710195,0.007193377801814736,0.24186840558153122,0.12612821167834792,3.833826123489566e-05,1,0,0,0,0,0.007465382299819412
2020-02-10,331.23,334.75,331.19,334.68,42070010,0.007465382299819412,0.007465382299819412,0.01074781873622559,-0.4217243198453957,0.1261464540952309,8.023657575508596e-05,0,1,0,0,0,0.0017329986853114043
2020-02-11,336.16,337.02,334.684,335.26,54864530,0.0017329986853114043,0.0017329986853114043,0.006949071870537707,0.26553191508004304,0.10079697232857421,1.2042732415776309e-05,0,0,0,1,0,0.006442760842331419
2020-02-12,336.83,337.65,336.43,337.42,43992660,0.006442760842331419,0.006442760842331419,0.0036220051658105586,-0.22084424959961169,0.08038341292091306,2.3335713053006383e-05,0,0,0,0,1,0.001066919566119373
2020-02-13,335.862,338.12,335.56,337.06,54501920,-0.001066919566119373,0.001066919566119373,0.007622178156504761,0.21421312420262595,0.08426044548089505,8.132251011622623e-06,0,0,1,0,0,0.0016020886489052089
2020-02-14,337.51,337.73,336.2,337.6,64582210,0.0016020886489052089,0.0016020886489052089,0.00453319901632553,0.16970305259539487,0.05702395402824909,7.26258668728339e-06,1,0,0,0,0,0.002577014218009488
2020-02-18,336.51,337.6677,335.21,336.73,57342530,-0.002577014218009488,0.002577014218009488,0.00730349766723142,-0.1188964016525027,0.05460777535372245,1.8821217329654498e-05,0,0,0,1,0,0.004781278769340203
2020-02-19,337.79,339.08,337.48,338.34,48814690,0.004781278769340203,0.004781278769340203,0.0047366707125727995,-0.16101128706123546,0.06037181080636086,2.2647343115379857e-05,0,0,0,0,1,0.00410829343264163
2020-02-20,337.7423,338.64,333.6817,336.95,74163360,-0.00410829343264163,0.00410829343264163,0.014680719590054335,0.4182389285222712,0.05596183603546062,6.0312703878273546e-05,0,0,1,0,0,0.01029826383736454
2020-02-21,335.47,335.81,332.58,333.48,113788200,-0.01029826383736454,0.01029826383736454,0.009628282707842781,0.42806859326046265,0.09137422600053788,9.915459562609965e-05,1,0,0,0,0,0.03316540722082284
2020-02-24,323.14,333.5623,321.24,322.42,161088400,-0.03316540722082284,0.03316540722082284,0.03813300736522865,0.34761445441353445,0.23014375925896888,0.0012646967178224448,0,1,0,0,0,0.03030209044103971
2020-02-25,323.94,324.61,311.69,312.65,218913200,-0.03030209044103971,0.03030209044103971,0.03988392912267709,0.30672201995395554,0.2627030904911102,0.0012085664274193786,0,0,0,1,0,0.0036782344474651785
2020-02-26,314.18,318.11,310.7,311.5,194773800,-0.0036782344474651785,0.0036782344474651785,0.023585205932904783,-0.11683641840915726,0.2279066697629615,8.675191691297047e-05,0,0,0,0,1,0.04491171749598721
2020-02-27,305.46,311.5637,297.51,297.51,284353500,-0.04491171749598721,0.04491171749598721,0.046008315327702456,0.37837929559104566,0.2704056901758996,0.0020663124604640712,0,0,1,0,0,0.004201539444052327
2020-02-28,288.7,297.892,285.54,296.26,385764000,-0.004201539444052327,0.004201539444052327,0.04278489781780387,0.3050076001445916,0.2930529523454354,0.0001797624357912513,1,0,0,0,0,0.043306555052993856
2020-03-02,298.21,309.16,294.46,309.09,238703600,0.043306555052993856,0.043306555052993856,0.04929412159216675,-0.48000316699993917,0.5339428894653205,0.0021347585905201424,0,1,0,0,0,0.02863243715422681
2020-03-03,309.5,313.84,297.57,300.24,300139100,-0.02863243715422681,0.02863243715422681,0.05256865912762514,0.22902341808162774,0.5296552831071936,0.0015051688287536984,0,0,0,1,0,0.04203304023447907
2020-03-04,306.12,313.1,303.33,312.86,176613400,0.04203304023447907,0.04203304023447907,0.031915588658042726,-0.53028286855141,0.639194528985989,0.0013415092221705938,0,0,0,0,1,0.03324170555520056
2020-03-05,304.98,308.47,300.01,302.46,186366800,-0.03324170555520056,0.03324170555520056,0.027739523903206886,0.05375361152244551,0.5892038511046513,0.0009221090858318511,0,0,1,0,0,0.016531111551940758
2020-03-06,293.15,298.78,290.23,297.46,228667200,-0.016531111551940758,0.016531111551940758,0.029165955995224136,0.20455089562421946,0.6060820920906017,0.00048214567207604554,1,0,0,0,0,0.07809453371881925
2020-03-09,275.3,284.19,273.45,274.23,309417300,-0.07809453371881925,0.07809453371881925,0.03901198692335637,0.30242317869150526,0.6847743870670594,0.0030466229282241895,0,1,0,0,0,0.05174488567990365
2020-03-10,284.64,288.52,273.5,288.42,276444100,0.05174488567990365,0.05174488567990365,0.05276840921866211,-0.11268222032250819,0.8581392739202904,0.0027304953025300447,0,0,0,1,0,0.0487483530961792
2020-03-11,280.7,281.94,270.88,274.36,256416600,-0.0487483530961792,0.0487483530961792,0.03940149625935163,-0.07520516471832295,0.7700541861496025,0.0019207580521686573,0,0,0,0,1,0.09567721242163585
2020-03-12,256.0,266.66,247.68,248.11,392220700,-0.09567721242163585,0.09567721242163585,0.07414062500000007,0.42502122467293546,0.9243873981467247,0.007093568327197852,0,0,1,0,0,0.08548627624843808
2020-03-13,263.09,271.4754,248.5237,269.32,329566100,0.08548627624843808,0.08548627624843808,0.0872389676536546,-0.17404775027510766,1.2837728143982414,0.007457734488468871,1,0,0,0,0,0.10942373384821036
2020-03-16,241.18,256.9,237.36,239.85,297240000,-0.10942373384821036,0.10942373384821036,0.08101832656107456,-0.10323704718468818,1.3922939606342375,0.008865327802446416,0,1,0,0,0,0.05399207838232245
2020-03-17,245.04,256.17,237.07,252.8,262070500,0.05399207838232245,0.05399207838232245,0.07794645772118847,-0.12592634130382052,1.3999972702855752,0.004208491254906791,0,0,0,1,0,0.05063291139240511
2020-03-18,236.25,248.37,228.02,240.0,327597100,-0.05063291139240511,0.05063291139240511,0.08613756613756611,0.2231709473836787,1.402253646149117,0.00436139575380082,0,0,0,0,1,0.0021249999999999325
2020-03-19,239.25,247.38,232.22,240.51,289322000,0.0021249999999999325,0.0021249999999999325,0.06336468129571576,-0.12424424455890914,1.247354141539772,0.00013464994775339172,0,0,1,0,0,0.04868820423267217
2020-03-20,242.53,244.47,228.5,228.8,347158800,-0.04868820423267217,0.04868820423267217,0.06584752401764729,0.18224205685666917,0.9775526367792954,0.003205997697586997,1,0,0,0,0,0.02556818181818188
2020-03-23,228.19,229.6833,218.26,222.95,326025200,-0.02556818181818188,0.02556818181818188,0.0500604759191902,-0.06280763297125702,0.6902080759761706,0.0012799553502065707,0,1,0,0,0,0.09060327427674375
2020-03-24,234.42,244.1,233.8,243.15,235494500,0.09060327427674375,0.09060327427674375,0.043938230526405525,-0.32528711919453457,0.9254500277424431,0.0039809475516187146,0,0,0,1,0,0.01497018301460007
2020-03-25,244.87,256.35,239.75,246.79,299430300,0.01497018301460007,0.01497018301460007,0.06779107281414637,0.24019410974401723,0.8414303088197093,0.0010148447667838506,0,0,0,0,1,0.05838972405689047
2020-03-26,249.52,262.8,249.05,261.2,257632800,0.05838972405689047,0.05838972405689047,0.0551058031420327,-0.15034635341083202,0.9138958071125347,0.003217612639396617,0,0,1,0,0,0.02978560490045945
2020-03-27,253.27,260.81,251.05,253.42,224341200,-0.02978560490045945,0.02978560490045945,0.03853594977691788,-0.1383672075144915,0.8333789164453469,0.0011478165745192244,1,0,0,0,0,0.03247573198642573
2020-03-30,255.7,262.43,253.53,261.65,170961900,0.03247573198642573,0.03247573198642573,0.03480641376613221,-0.2717273811748697,0.7200454338582118,0.0011303637648775486,0,1,0,0,0,0.014905407987769848
2020-03-31,260.56,263.33,256.22,257.75,194881100,-0.014905407987769848,0.014905407987769848,0.027287381025483406,0.13094890362691203,0.5640344562905666,0.00040672954710255975,0,0,0,1,0,0.04500484966052376
2020-04-01,247.98,257.6591,243.9,246.15,189554600,-0.04500484966052376,0.04500484966052376,0.055484716509395994,-0.027712519189542206,0.6918877161607349,0.0024970813249621474,0,0,0,0,1,0.023075360552508695
2020-04-02,245.19,252.68,244.59,251.83,177660400,0.023075360552508695,0.023075360552508695,0.032994820343407165,-0.06480324648722302,0.5317819340951434,0.0007613673757893691,0,0,1,0,0,0.01445419529047376
2020-04-03,250.76,253.32,245.22,248.19,135561200,-0.01445419529047376,0.01445419529047376,0.03230180252033815,-0.2704506622141558,0.5002918820215829,0.00046689656186328513,1,0,0,0,0,0.0671662838954028
2020-04-06,257.84,267.0,248.1698,264.86,188061200,0.0671662838954028,0.0671662838954028,0.07303056158858204,0.32734424084305047,0.6850864693370401,0.0049051914326994,0,1,0,0,0,0.0010194064788944246
2020-04-07,274.21,275.03,264.89,265.13,201427200,0.0010194064788944246,0.0010194064788944246,0.0369789577331242,0.06866058365941186,0.667716404397904,3.76965890959099e-05,0,0,0,1,0,0.033568438124693456
2020-04-08,267.96,276.0,265.2542,274.03,153774500,0.033568438124693456,0.033568438124693456,0.040102254067771216,-0.2699407806593008,0.4984724291766251,0.0013461700343347146,0,0,0,0,1,0.015217311973141578
2020-04-09,277.58,281.2,275.47,278.2,190282700,0.015217311973141578,0.015217311973141578,0.020642697600691554,0.213023616245696,0.5005961402730528,0.0003141263693569445,0,0,1,0,0,0.00913012221423426
2020-04-13,277.14,277.51,271.41,275.66,114839100,-0.00913012221423426,0.00913012221423426,0.02201053619109463,-0.5049788393946564,0.47809452307036154,0.00020095888542552023,0,1,0,0,0,0.029492853515199924
2020-04-14,280.98,284.9,275.5106,283.79,134143400,0.029492853515199924,0.029492853515199924,0.033416613282084014,0.15537735751843584,0.2892393330455693,0.000985551280502588,0,0,0,1,0,0.021248105993868838
2020-04-15,277.57,283.9407,275.46,277.76,121775000,-0.021248105993868838,0.021248105993868838,0.030553373923694973,-0.09673429655335752,0.3810036477265504,0.000649201327600979,0,0,0,0,1,0.004824308755760454
2020-04-16,279.15,280.03,275.76,279.1,131798300,0.004824308755760454,0.004824308755760454,0.015296435608095942,0.07909764333729541,0.31610981839192065,7.379472823606323e-05,0,0,1,0,0,0.02701540666427782
2020-04-17,285.38,287.3,282.4,286.64,146684800,0.02701540666427782,0.02701540666427782,0.01717008900413496,0.10701334254105888,0.3519473140923331,0.00046385693690855086,1,0,0,0,0,0.017617917945855432
2020-04-20,282.61,286.7912,281.35,281.59,100109300,-0.017617917945855432,0.017617917945855432,0.019253388061285803,-0.3820234746952593,0.37931923731257433,0.0003392046110434459,0,1,0,0,0,0.03036329415107053
2020-04-21,276.73,278.04,272.02,273.04,126385700,-0.03036329415107053,0.03036329415107053,0.021754056300365116,0.2330757512260746,0.36866065410729515,0.0006605248104269351,0,0,0,1,0,0.022194550249047706
2020-04-22,278.35,281.0,276.91,279.1,93524580,0.022194550249047706,0.022194550249047706,0.014693730914316416,-0.3011140501750056,0.3945299863281793,0.0003261207491237814,0,0,0,0,1,7.16589036189319e-05
2020-04-23,280.49,283.94,278.75,279.08,104709700,-7.16589036189319e-05,7.16589036189319e-05,0.018503333452172973,0.11296746865097518,0.3932337245666336,1.3259285884782215e-06,0,0,1,0,0,0.013938655582628856
2020-04-24,280.73,283.7,278.5,282.97,85165950,0.013938655582628856,0.013938655582628856,0.018523136109428948,-0.20659005098038463,0.34513771259453035,0.000258187614539486,1,0,0,0,0,0.014418489592536332
2020-04-27,285.12,288.27,284.62,287.05,77896610,0.014418489592536332,0.014418489592536332,0.01280162738496064,-0.08921927037181376,0.33068691058574545,0.00018458013121758308,0,1,0,0,0,0.004598502003135274
2020-04-28,291.02,291.4,285.4,285.73,105270000,-0.004598502003135274,0.004598502003135274,0.020617139715483474,0.30114604032520376,0.17657586520446586,9.480795828057057e-05,0,0,0,1,0,0.026178560179189958
2020-04-29,291.53,294.88,290.41,293.21,118745600,0.026178560179189958,0.026178560179189958,0.015332898844029674,0.12045491025545374,0.19624975928368246,0.00040139321510986297,0,0,0,0,1,0.009310732921796516
2020-04-30,291.71,293.3239,288.59,290.48,122901700,-0.009310732921796516,0.009310732921796516,0.016228103253230968,0.03440145897888769,0.23347266466381114,0.00015109553521817072,0,0,1,0,0,0.026473423299366527
2020-05-01,285.31,290.6572,281.52,282.79,125180000,-0.026473423299366527,0.026473423299366527,0.03202551610528901,0.018367852488093916,0.3274421515716989,0.000847825044235996,1,0,0,0,0,0.0027582304890554354
2020-05-04,280.74,283.9,279.13,283.57,80873210,0.0027582304890554354,0.0027582304890554354,0.016990810002137143,-0.43687007746506623,0.3048774950814177,4.6864570181642715e-05,0,1,0,0,0,0.009239341256127354
2020-05-05,286.64,289.25,283.7134,286.19,79569940,0.009239341256127354,0.009239341256127354,0.01931551772257892,-0.01624623611630227,0.31396608866892334,0.0001784626597776825,0,0,0,1,0,0.006778713442118889
2020-05-06,288.04,288.46,283.78,284.25,73632630,-0.006778713442118889,0.006778713442118889,0.016247743368976553,-0.07754811244381443,0.21585954468833918,0.0001101387963793794,0,0,0,0,1,0.012066842568161817
2020-05-07,287.75,289.78,287.13,287.68,75250410,0.012066842568161817,0.012066842568161817,0.009209383145091146,0.02173308194821999,0.24701216289378455,0.0001111281765616978,0,0,1,0,0,0.016546162402669706
2020-05-08,291.09,292.95,289.86,292.44,76622130,0.016546162402669706,0.016546162402669706,0.010615273626713303,0.018064586059221455,0.1440539219224886,0.00017564204137637495,1,0,0,0,0,0.00020517029134192732
2020-05-11,290.34,294.0,289.88,292.5,79514230,0.00020517029134192732,0.00020517029134192732,0.014190259695529396,0.03705006046256898,0.14956405665616324,2.911419715949375e-06,0,1,0,0,0,0.019931623931623843
2020-05-12,293.79,294.24,286.52,286.67,95870790,-0.019931623931623843,0.019931623931623843,0.026277272881990627,0.18706534588121926,0.23300380001921947,0.0005237487210324947,0,0,0,1,0,0.017685840862315505
2020-05-13,286.06,287.19,278.965,281.6,144721100,-0.017685840862315505,0.017685840862315505,0.02875270922184165,0.41180709104136426,0.2649187811828648,0.0005085158396579229,0,0,0,0,1,0.011967329545454541
2020-05-14,278.95,285.11,272.99,284.97,121977900,0.011967329545454541,0.011967329545454541,0.043448646710880105,-0.17096855987118076,0.26459231223732016,0.0005199642734931317,0,0,1,0,0,0.004596975120187974
2020-05-15,282.37,286.33,281.34,286.28,111146300,0.004596975120187974,0.004596975120187974,0.01767184899245674,-0.09299252847707251,0.22274176359415843,8.123705014604255e-05,1,0,0,0,0,0.030459689814168023
2020-05-18,293.05,296.75,292.7,295.0,120320200,0.030459689814168023,0.030459689814168023,0.013820167206961307,0.07930917024113526,0.33529650412830597,0.00042095800630397826,0,1,0,0,0,0.010271186440677926
2020-05-19,294.35,296.205,291.95,291.97,95189320,-0.010271186440677926,0.010271186440677926,0.014455580091727519,-0.2342887696097904,0.3009588838953132,0.00014847595823028547,0,0,0,1,0,0.01698804671712839
2020-05-20,295.82,297.87,295.57,296.93,85861690,0.01698804671712839,0.01698804671712839,0.007774998309783014,-0.10313000368099523,0.23925482024975972,0.00013208203451218814,0,0,0,0,1,0.006903984103997618
2020-05-21,296.79,297.67,293.6886,294.88,78293930,-0.006903984103997618,0.006903984103997618,0.013414872468748973,-0.09226766704036748,0.26887310370398776,9.26160662813982e-05,0,0,1,0,0,0.0018990775908844792
2020-05-22,294.57,295.63,293.22,295.44,63958200,0.0018990775908844792,0.0018990775908844792,0.0081814169806836,-0.20224032979835727,0.2710490599030754,1.553714564969798e-05,1,0,0,0,0,0.012320606552937985
2020-05-26,301.93,302.19,295.4646,299.08,88951440,0.012320606552937985,0.012320606552937985,0.02227469943364349,0.3298608534772107,0.18745657975855734,0.000274437807806872,0,0,0,1,0,0.014878962150595143
2020-05-27,302.12,303.57,296.87,303.53,104817400,0.014878962150595143,0.014878962150595143,0.02217661856216069,0.16412918408710553,0.15992909790362914,0.0003299650682145746,0,0,0,0,1,0.0018449576648105204
2020-05-28,304.65,306.84,302.24,302.97,90767810,-0.0018449576648105204,0.0018449576648105204,0.015099294272115432,-0.14391507982973195,0.14743523994829366,2.7857558700568954e-05,0,0,1,0,0,0.004455886721457469
2020-05-29,302.46,304.96,299.47,304.32,119265700,0.004455886721457469,0.004455886721457469,0.01815116048403079,0.27304906732124223,0.11195375479947166,8.087951497983633e-05,1,0,0,0,0,0.004041798107255579
2020-06-01,303.62,306.205,303.06,305.55,56779840,0.004041798107255579,0.004041798107255579,0.010358342665173511,-0.7421724349125469,0.10754325938197301,4.1866329778403006e-05,0,1,0,0,0,0.008280150548191756
2020-06-02,306.55,308.13,305.1,308.08,74267160,0.008280150548191756,0.008280150548191756,0.009884195074212926,0.26848752479764926,0.09778947322734029,8.18426232621784e-05,0,0,0,1,0,0.013308231628148537
2020-06-03,310.24,313.22,309.94,312.18,92567570,0.013308231628148537,0.013308231628148537,0.01057246003094388,0.22026999957562765,0.08900801241988192,0.0001407007469711436,0,0,0,0,1,0.0026266897302837933
2020-06-04,311.11,313.0,309.08,311.36,75794360,-0.0026266897302837933,0.0026266897302837933,0.012600045000160766,-0.19991497839121308,0.09322709351855481,3.309640880303594e-05,0,0,1,0,0,0.025629496402877594
2020-06-05,317.23,321.275,317.16,319.34,150524700,0.025629496402877594,0.025629496402877594,0.012971660940011828,0.6861033002263603,0.1688869999615055,0.00033245713740138094,1,0,0,0,0,0.012087430325045556
2020-06-08,320.22,323.41,319.63,323.2,73641220,0.012087430325045556,0.012087430325045556,0.011804384485666196,-0.7149222600774365,0.1613144698598906,0.00014268467500053885,0,1,0,0,0,0.007456683168316713
2020-06-09,320.3,323.2849,319.36,320.79,77479230,-0.007456683168316713,0.007456683168316713,0.01225382453949416,0.05080497645746718,0.211098390022531,9.13728871911524e-05,0,0,0,1,0,0.0055799744381059835
2020-06-10,321.42,322.39,318.2209,319.0,95000770,-0.0055799744381059835,0.0055799744381059835,0.012970879223446002,0.20387509400951132,0.22440720023215863,7.237717450658868e-05,0,0,0,0,1,0.05764890282131652
2020-06-11,311.46,312.15,300.01,300.61,209243600,-0.05764890282131652,0.05764890282131652,0.03897771784498808,0.7896141208997456,0.5017276983257075,0.0022470226682424124,0,0,1,0,0,0.011975649512657505
2020-06-12,308.24,309.08,298.6,304.21,194678900,0.011975649512657505,0.011975649512657505,0.03399948092395523,-0.07214758846879832,0.4535309148045275,0.0004071658671575726,1,0,0,0,0,0.009335656290062833
2020-06-15,298.02,308.28,296.74,307.05,135782700,0.009335656290062833,0.009335656290062833,0.038722233407153764,-0.3602957186392608,0.4456993537332129,0.0003614974618727762,0,1,0,0,0,0.0192476795310208
2020-06-16,315.48,315.64,307.67,312.96,137627500,0.0192476795310208,0.0192476795310208,0.025263091162672658,0.013494946299349664,0.49267214423600963,0.000486255882662087,0,0,0,1,0,0.0041538854805724945
2020-06-17,314.07,314.39,310.86,311.66,83398940,-0.0041538854805724945,0.0041538854805724945,0.011239532588276412,-0.5009151560057603,0.49258541347944634,4.6687731226862774e-05,0,0,0,0,1,0.0003850349740099901
2020-06-18,310.005,312.3,309.51,311.78,80828660,0.0003850349740099901,0.0003850349740099901,0.008999854841051017,-0.03130399346538937,0.14801308887568534,3.465258874817762e-06,0,0,1,0,0,0.010071204054140748
2020-06-19,314.17,314.38,306.53,308.64,135549600,-0.010071204054140748,0.010071204054140748,0.02498647229207124,0.5170060144001134,0.18324349245034235,0.00025164386104658333,1,0,0,0,0,0.006415241057542875
2020-06-22,307.99,311.05,306.75,310.62,74649390,0.006415241057542875,0.006415241057542875,0.013961492256242122,-0.5965352664961578,0.17792636424834918,8.956633834681137e-05,0,1,0,0,0,0.004603695834138222
2020-06-23,313.49,314.5,311.6101,312.05,68471250,0.004603695834138222,0.004603695834138222,0.00921847586844879,-0.08638840213933818,0.10636801618513805,4.2439058952681425e-05,0,0,0,1,0,0.025508732574907933
2020-06-24,309.84,310.51,302.1,304.09,132813500,-0.025508732574907933,0.025508732574907933,0.0271430415698424,0.6625319322899266,0.2096587306010531,0.000692384588674719,0,0,0,0,1,0.010720510375217929
2020-06-25,303.47,307.64,301.28,307.35,89467970,0.010720510375217929,0.010720510375217929,0.020957590536132116,-0.3950652007217812,0.23693619484861456,0.00022467606678217342,0,0,1,0,0,0.02375142345859771
2020-06-26,306.16,306.39,299.42,300.05,127961000,-0.02375142345859771,0.02375142345859771,0.02276587405278276,0.3578448424980998,0.2795701341266756,0.0005407219150327453,1,0,0,0,0,0.014697550408265148
2020-06-29,301.41,304.61,298.93,304.46,79773260,0.014697550408265148,0.014697550408265148,0.018844762947480196,-0.4725371646902694,0.3066846147808845,0.00027697185335239747,0,1,0,0,0,0.012809564474808077
2020-06-30,303.99,310.2,303.82,308.36,113394800,0.012809564474808077,0.012809564474808077,0.02098753248462119,0.3516871705642579,0.3258641008348092,0.0002688411505288841,0,0,0,1,0,0.007004799584900745
2020-07-01,309.57,311.89,309.07,310.52,72396540,0.007004799584900745,0.007004799584900745,0.009109409826533557,-0.44871702167456107,0.2529909170253976,6.380959017159303e-05,0,0,0,0,1,0.005506891665593372
2020-07-02,314.24,315.7,311.51,312.23,69344220,0.005506891665593372,0.005506891665593372,0.013333757637474535,-0.043075709648697114,0.24729362306557465,7.342755880485048e-05,0,0,1,0,0,0.01543733785991086
2020-07-06,316.37,317.68,315.56,317.05,61713830,0.01543733785991086,0.01543733785991086,0.006701014634763108,-0.11657474125246381,0.0721943847065738,0.00010344582692104528,0,1,0,0,0,0.010313830626084375
2020-07-07,315.38,317.52,313.37,313.78,82909960,-0.010313830626084375,0.010313830626084375,0.013158729152133862,0.29524714063234114,0.15929730489042038,0.0001357169037296275,0,0,0,1,0,0.007648671043406274
2020-07-08,314.61,316.3,312.7,316.18,54638600,0.007648671043406274,0.007648671043406274,0.01144273862877856,-0.4170146007568363,0.1494917949163516,8.752174360720499e-05,0,0,0,0,1,0.005692959706496303
2020-07-09,316.84,317.1,310.68,314.38,83354160,-0.005692959706496303,0.005692959706496303,0.020262593106930994,0.42235791898473707,0.16540031386737197,0.00011535412610688789,0,0,1,0,0,0.01021057319167884
2020-07-10,314.31,317.88,312.76,317.59,57550370,0.01021057319167884,0.01021057319167884,0.016289650345200614,-0.3704379482510234,0.1739086364824433,0.00016632666711652736,1,0,0,0,0,0.008658962813690607
2020-07-13,320.13,322.71,314.13,314.84,102997500,-0.008658962813690607,0.008658962813690607,0.026801611845187843,0.5820441440840689,0.152108684140682,0.00023207416031445122,0,1,0,0,0,0.012958963282937441
2020-07-14,313.3,319.76,312.0,318.92,93656950,0.012958963282937441,0.012958963282937441,0.024768592403447146,-0.09506607649230503,0.1555078859092257,0.0003209752795263148,0,0,0,1,0,0.009187256992349235
2020-07-15,322.41,323.04,319.265,321.85,87196520,0.009187256992349235,0.009187256992349235,0.011708693899072715,-0.07147421597703385,0.1585760396460309,0.00010757077989553264,0,0,0,0,1,0.003293459686189215
2020-07-16,319.79,321.28,319.09,320.79,54622520,-0.003293459686189215,0.003293459686189215,0.006848244160230143,-0.46771816309512104,0.15042155195077828,2.2554416062898694e-05,0,0,1,0,0,0.0028990928644907488
2020-07-17,321.88,322.57,319.735,321.72,62774910,0.0028990928644907488,0.0028990928644907488,0.008807630172735118,0.13910921704587054,0.1402638575668882,2.55341377868498e-05,1,0,0,0,0,0.00808156160636564
2020-07-20,321.43,325.13,320.62,324.32,56308850,0.00808156160636564,0.00808156160636564,0.014031048750894412,-0.10870375312388703,0.10005258644609782,0.00011339278488227284,0,1,0,0,0,0.002127528367044995
2020-07-21,326.45,326.93,323.94,325.01,57498970,0.002127528367044995,0.002127528367044995,0.009159136161739958,0.020915317834095504,0.07987901571831178,1.9486322001729377e-05,0,0,0,1,0,0.005692132549767859
2020-07-22,324.62,327.2,324.5,326.86,57792920,0.005692132549767859,0.005692132549767859,0.008317417287905825,0.005099242138328464,0.06800030754564501,4.734384167449065e-05,0,0,0,0,1,0.011931713883620021
2020-07-23,326.47,327.23,321.48,322.96,75737990,-0.011931713883620021,0.011931713883620021,0.01761264434710693,0.27041360303873674,0.12387543474122538,0.00021014903308363744,0,0,1,0,0,0.006440426058954674
2020-07-24,320.95,321.99,319.246,320.88,73766600,-0.006440426058954674,0.006440426058954674,0.008549618320610776,-0.026373828973877522,0.13396386705931865,5.506318462617794e-05,1,0,0,0,0,0.007292445774121248
2020-07-27,321.63,323.41,320.775,323.22,48292970,0.007292445774121248,0.007292445774121248,0.008192643721046071,-0.42362004607619497,0.13086262898404524,5.97444100824234e-05,0,1,0,0,0,0.006342429305117303
2020-07-28,322.43,323.64,320.85,321.17,57494980,-0.006342429305117303,0.006342429305117303,0.008653040970132938,0.17441163491906053,0.13332056236413178,5.488130062735181e-05,0,0,0,1,0,0.012298782576205758
2020-07-29,322.12,325.73,322.075,325.12,48454160,0.012298782576205758,0.012298782576205758,0.01134670309201549,-0.17107944003501885,0.16329564416377257,0.00013955063428546012,0,0,0,0,1,0.0035679133858268486
2020-07-30,321.9,324.41,319.64,323.96,61861710,-0.0035679133858268486,0.0035679133858268486,0.014818266542404595,0.24428320910289614,0.1367363812750577,5.287029155139549e-05,0,0,1,0,0,0.007902210149401068
2020-07-31,325.9,326.63,321.33,326.52,85210760,0.007902210149401068,0.007902210149401068,0.016262657256827285,0.32022630257170803,0.12749317925470222,0.0001285109352311315,1,0,0,0,0,0.006952100943280692
2020-08-03,328.32,329.62,327.73,328.79,53077950,0.006952100943280692,0.006952100943280692,0.00575657894736838,-0.47336612206773765,0.12687958209944164,4.002031793006949e-05,0,1,0,0,0,0.003862647890750859
2020-08-04,327.86,330.06,327.86,330.06,41917890,0.003862647890750859,0.003862647890750859,0.006710181174891687,-0.23604887797621643,0.09358223879309883,2.5919067161751496e-05,0,0,0,1,0,0.006210991940859278
2020-08-05,331.47,332.39,331.18,332.11,42866350,0.006210991940859278,0.006210991940859278,0.0036504057682444245,0.022374430556478586,0.0735012289560296,2.2672640807432344e-05,0,0,0,0,1,0.006684532233296014
2020-08-06,331.48,334.46,331.13,334.33,43679450,0.006684532233296014,0.006684532233296014,0.010045854953541643,0.018790603487179425,0.023925594729719613,6.715184124796554e-05,0,0,1,0,0,0.0007178536176830619
2020-08-07,333.28,334.88,332.3,334.57,57308270,0.0007178536176830619,0.0007178536176830619,0.007741238598175661,0.2715671961772692,0.04175915045814557,5.557076133048153e-06,1,0,0,0,0,0.0029889111396719237
2020-08-10,335.06,335.77,332.955,335.57,44282090,0.0029889111396719237,0.0029889111396719237,0.00840148033188085,-0.2578646299058889,0.038775428364369015,2.5111278153693245e-05,0,1,0,0,0,0.008254611556456126
2020-08-11,336.85,337.54,332.01,332.8,69601090,-0.008254611556456126,0.008254611556456126,0.016416802731186075,0.4521999135571484,0.09620467940607857,0.00013551432954490907,0,0,0,1,0,0.013942307692307754
2020-08-12,335.44,338.28,332.8377,337.44,53826130,0.013942307692307754,0.013942307692307754,0.01622436203195799,-0.25702118693456555,0.12919733926006746,0.00022620504756095376,0,0,0,0,1,0.0018077287814129983
2020-08-13,336.61,338.2514,335.83,336.83,41816150,-0.0018077287814129983,0.0018077287814129983,0.0071934880128338595,-0.2524764031082398,0.12889954785780508,1.3003875319549164e-05,0,0,1,0,0,2.9688566932861704e-05
2020-08-14,336.41,337.42,335.62,336.84,47260390,2.9688566932861704e-05,2.9688566932861704e-05,0.005350613834309358,0.12238989264376343,0.12926052948241637,1.5885205695178918e-07,1,0,0,0,0,0.003176582353639823
2020-08-17,337.94,338.34,336.8517,337.91,35480970,0.003176582353639823,0.003176582353639823,0.004404036219447184,-0.28667602050793306,0.1294144953471809,1.3989783739486563e-05,0,1,0,0,0,0.0021603385516852924
2020-08-18,338.34,339.1,336.61,338.64,38733910,0.0021603385516852924,0.0021603385516852924,0.007359460897322248,0.08771894498207189,0.09758501956930997,1.5898927096105688e-05,0,0,0,1,0,0.004163713678242309
2020-08-19,339.05,339.61,336.62,337.23,68054240,-0.004163713678242309,0.004163713678242309,0.008818758295236716,0.563589579397771,0.04715146383619612,3.671878453898994e-05,0,0,0,0,1,0.0031136019927051617
2020-08-20,335.36,338.8,335.22,338.28,42207830,0.0031136019927051617,0.0031136019927051617,0.010675095419847281,-0.4776992764311423,0.04896920179816888,3.323799837155424e-05,0,0,1,0,0,0.003547357218872005
2020-08-21,337.92,339.72,337.55,339.48,55106630,0.003547357218872005,0.003547357218872005,0.006421638257575805,0.26666428119899876,0.05149906490151436,2.2779844829996172e-05,1,0,0,0,0,0.01013314480970906
2020-08-24,342.12,343.0,339.4504,342.92,48588660,0.01013314480970906,0.01013314480970906,0.010375306909856184,-0.12587986281800667,0.08063614301190275,0.00010513448736274775,0,1,0,0,0,0.003499358450950618
2020-08-25,343.53,344.21,342.27,344.12,38463380,0.003499358450950618,0.003499358450950618,0.005647250604022932,-0.23368354511439193,0.0803613726562438,1.976175412582363e-05,0,0,0,1,0,0.010025572474718025
2020-08-26,344.76,347.86,344.17,347.57,50790240,0.010025572474718025,0.010025572474718025,0.010703097807170199,0.27799758401724617,0.05825518383778838,0.0001073046827697804,0,0,0,0,1,0.0021866098915326315
2020-08-27,348.51,349.9,346.53,348.33,58034140,0.0021866098915326315,0.0021866098915326315,0.009669736879859989,0.13332724546765817,0.061494412716305284,2.1143942310019738e-05,0,0,1,0,0,0.006459391955903948
2020-08-28,349.44,350.72,348.15,350.58,48588940,0.006459391955903948,0.006459391955903948,0.007354624542124685,-0.17763552172574393,0.057910717260246145,4.7506402606093946e-05,1,0,0,0,0,0.003622568315363006
2020-08-31,350.35,351.3,349.06,349.31,66099180,-0.003622568315363006,0.003622568315363006,0.006393606393606419,0.30776040289081763,0.08077974479762738,2.316127594238095e-05,0,1,0,0,0,0.009418568034124553
2020-09-01,350.21,352.71,349.24,352.6,54999330,0.009418568034124553,0.009418568034124553,0.009908340709859714,-0.18383533494104753,0.09019078272804244,9.332238108109969e-05,0,0,0,1,0,0.014463981849120788
2020-09-02,354.67,358.75,353.43,357.7,69540040,0.014463981849120788,0.014463981849120788,0.014999859023881335,0.23458169464613832,0.10953209917162993,0.0002169576886607903,0,0,0,0,1,0.03441431367067371
2020-09-03,355.87,356.38,342.59,345.39,148011100,-0.03441431367067371,0.03441431367067371,0.03875010537555855,0.7553845615397385,0.30998665586960833,0.0013335582811661315,0,0,1,0,0,0.00816468340137233
2020-09-04,346.13,347.83,334.87,342.57,139156300,-0.00816468340137233,0.00816468340137233,0.0374425793776904,-0.06168950869160028,0.3035331421529751,0.0003057068063495947,1,0,0,0,0,0.02732288291444085
2020-09-08,336.71,342.64,332.88,333.21,114465300,-0.02732288291444085,0.02732288291444085,0.028986368091235757,-0.19532603998538178,0.34340962026765787,0.0007919911414717189,0,0,0,1,0,0.019747306503406392
2020-09-09,337.55,342.46,336.61,339.79,91462290,0.019747306503406392,0.019747306503406392,0.017330765812472126,-0.22434496191300468,0.3841127568484646,0.00034223594443764395,0,0,0,0,1,0.01736366579357851
2020-09-10,341.82,342.53,332.85,333.89,90569550,-0.01736366579357851,0.01736366579357851,0.02831899830320037,-0.009808692234894778,0.3346150313920599,0.0004917216221456881,0,0,1,0,0,0.0005091497199676276
2020-09-11,335.82,336.97,331.0,334.06,84680190,0.0005091497199676276,0.0005091497199676276,0.017777380739682054,-0.0672363730686989,0.28534735223912966,9.051348425367014e-06,1,0,0,0,0,0.013171286595222265
2020-09-14,337.49,340.38,334.2208,338.46,65605690,0.013171286595222265,0.013171286595222265,0.018250022222880673,-0.2552192565784317,0.3161362324240125,0.00024037627306673664,0,1,0,0,0,0.005052295692253184
2020-09-15,341.12,342.02,338.4683,340.17,52920860,0.005052295692253184,0.005052295692253184,0.010411878517823589,-0.2148648362803236,0.2247154873667012,5.260388898386358e-05,0,0,0,1,0,0.003968603933327541
2020-09-16,341.51,343.06,338.52,338.82,82211260,-0.003968603933327541,0.003968603933327541,0.01329390061784434,0.44049467885730564,0.1801534427058463,5.275822628124248e-05,0,0,0,0,1,0.008795230505873386
2020-09-17,333.56,337.6996,332.991,335.84,91523340,-0.008795230505873386,0.008795230505873386,0.014116200983331304,0.107301744834011,0.13405457132441603,0.00012415524151563538,0,0,1,0,0,0.015453787517865636
2020-09-18,335.37,335.49,327.97,330.65,105877900,-0.015453787517865636,0.015453787517865636,0.02242299549751016,0.14569252018597822,0.17941666312779886,0.00034652020793257986,1,0,0,0,0,0.011129593225464807
2020-09-21,325.7,327.13,321.73,326.97,99450830,-0.011129593225464807,0.011129593225464807,0.016579674547129192,-0.06262319161012897,0.12451390672632652,0.00018452503352014033,0,1,0,0,0,0.010184420589044896
2020-09-22,328.57,330.9,325.86,330.3,63612110,0.010184420589044896,0.010184420589044896,0.01533919712694392,-0.4468594844769065,0.156632007393908,0.00015622083503906596,0,0,0,1,0,0.02319103844989412
2020-09-23,330.9,331.2,322.1,322.64,93112240,-0.02319103844989412,0.02319103844989412,0.027500755515261308,0.3810017811711752,0.1965755252804043,0.0006377710785555627,0,0,0,0,1,0.0026655095462435607
2020-09-24,321.22,326.797,319.8,323.5,76681330,0.0026655095462435607,0.0026655095462435607,0.02178257891787564,-0.19414738203949966,0.21572040460172948,5.806167204740125e-05,0,0,1,0,0,0.01616692426584243
2020-09-25,322.58,329.58,321.64,328.73,71069430,0.01616692426584243,0.01616692426584243,0.02461404922809845,-0.07600097526193039,0.2545202602928151,0.00039793346974638496,1,0,0,0,0,0.016609375475314048
2020-09-28,333.22,334.96,332.15,334.19,64584610,0.016609375475314048,0.016609375475314048,0.008432867174839452,-0.09568113802020761,0.2614749818532727,0.00014006465724035924,0,1,0,0,0,0.005446003770310237
2020-09-29,333.97,334.77,331.6209,332.37,51531590,-0.005446003770310237,0.005446003770310237,0.00942929005599298,-0.22578112551364526,0.26355603405700123,5.135194919628659e-05,0,0,0,1,0,0.00758191172488476
2020-09-30,333.09,338.29,332.88,334.89,104081100,0.00758191172488476,0.00758191172488476,0.016241856555285435,0.7029753754677053,0.14829567082611306,0.00012314432265041504,0,0,0,0,1,0.006420018513541903
2020-10-01,337.69,338.74,335.01,337.04,88698750,0.006420018513541903,0.006420018513541903,0.011045633569249957,-0.15992460450562618,0.14285539868039263,7.091317200838466e-05,0,0,1,0,0,0.00949442202705919
2020-10-02,331.7,337.0126,331.19,333.84,89431110,-0.00949442202705919,0.00949442202705919,0.017553813687066697,0.00822281136125369,0.16748566668632067,0.00016666331532937914,1,0,0,0,0,0.017733045770429
2020-10-05,336.06,339.96,336.01,339.76,45713110,0.017733045770429,0.017733045770429,0.011753853478545464,-0.6710834698718671,0.17327128210143325,0.00020843162171396283,0,1,0,0,0,0.014215917117965549
2020-10-06,339.91,342.17,334.38,334.93,90128880,-0.014215917117965549,0.014215917117965549,0.022917831190609337,0.6788555075579801,0.20887503557589523,0.00032579798872922806,0,0,0,1,0,0.017406622279282136
2020-10-07,338.12,341.63,338.09,340.76,56999600,0.017406622279282136,0.017406622279282136,0.01046965574352307,-0.45819638928121975,0.23641621588402223,0.00018224134292162285,0,0,0,0,1,0.008862542551942632
2020-10-08,342.85,343.85,341.86,343.78,45242480,0.008862542551942632,0.008862542551942632,0.005804287589324803,-0.2310077772170267,0.23889425680337514,5.144074574410359e-05,0,0,1,0,0,0.00893012973413243
2020-10-09,345.56,347.35,344.89,346.85,59528610,0.00893012973413243,0.00893012973413243,0.007118879499942228,0.27442056352667166,0.20668025570871626,6.35725174961399e-05,1,0,0,0,0,0.01608764595646539
2020-10-12,349.59,354.02,349.06,352.43,80388530,0.01608764595646539,0.01608764595646539,0.014188048857232701,0.30041446263612315,0.20194577743758052,0.00022825230682819308,0,1,0,0,0,0.006526118661861924
2020-10-13,352.28,352.4651,349.09,350.13,73255510,-0.006526118661861924,0.006526118661861924,0.009580731236516498,-0.092918036193808,0.15101211643736018,6.252498891691378e-05,0,0,0,1,0,0.006283380458686705
2020-10-14,350.75,351.93,347.14,347.93,57958750,-0.006283380458686705,0.006283380458686705,0.013656450463293002,-0.23422191268609538,0.1607914947582421,8.580867397607824e-05,0,0,0,0,1,0.0012358807806167604
2020-10-15,343.71,348.02,343.13,347.5,60357660,-0.0012358807806167604,0.0012358807806167604,0.014227110063716466,0.04055631444453667,0.15836350721358974,1.7583011891466474e-05,0,0,1,0,0,0.0006043165467625178
2020-10-16,348.96,350.75,347.1,347.29,89501870,-0.0006043165467625178,0.0006043165467625178,0.0104596515359926,0.393971647769785,0.1468633308748561,6.320940496570313e-06,1,0,0,0,0,0.015203432290017083
2020-10-19,348.65,349.33,341.04,342.01,68425610,-0.015203432290017083,0.015203432290017083,0.02377742721927424,-0.26851234571852345,0.09285779396111454,0.0003614985047590451,0,1,0,0,0,0.004005730826583953
2020-10-20,343.46,346.88,342.64,343.38,60051880,0.004005730826583953,0.004005730826583953,0.01234496011180344,-0.13053831243955116,0.11608524533615376,4.9450587272800325e-05,0,0,0,1,0,0.0018929465897838949
2020-10-21,343.33,348.6847,342.4,342.73,63574980,-0.0018929465897838949,0.0018929465897838949,0.018305129176011545,0.057011140516362246,0.11449472997864817,3.4650631849284735e-05,0,0,0,0,1,0.0054853674904442595
2020-10-22,342.96,345.24,340.65,344.61,55399290,0.0054853674904442595,0.0054853674904442595,0.01338348495451374,-0.1376532166111133,0.12987744829243708,7.341333327833953e-05,0,0,1,0,0,0.003395142334813084
2020-10-23,345.93,345.99,343.13,345.78,49143930,0.003395142334813084,0.003395142334813084,0.008267568583239423,-0.11981343601388517,0.13489705154345008,2.8069572102926795e-05,1,0,0,0,0,0.018479958355023363
2020-10-26,342.13,342.98,335.62,339.39,91473000,-0.018479958355023363,0.018479958355023363,0.021512290649753057,0.6212904978776734,0.15705822173533002,0.00039754623532859497,0,1,0,0,0,0.0034473614425880594
2020-10-27,339.76,340.12,337.99,338.22,65994110,-0.0034473614425880594,0.0034473614425880594,0.006269131151400976,-0.3264783469284893,0.14932871006457413,2.161196100986741e-05,0,0,0,1,0,0.034178936786706915
2020-10-28,332.1,338.2483,326.13,326.66,127094300,-0.034178936786706915,0.034178936786706915,0.036489912676904476,0.6553638277077383,0.2652937213452105,0.0012471864187363734,0,0,0,0,1,0.010163472723933031
2020-10-29,326.91,333.395,325.09,329.98,90597690,0.010163472723933031,0.010163472723933031,0.025404545593588467,-0.3385006114074933,0.2833450344239072,0.00025819840620434946,0,0,1,0,0,0.010424874234802095
2020-10-30,328.28,329.69,322.6,326.54,120448700,-0.010424874234802095,0.010424874234802095,0.021597416839283463,0.2847952173718653,0.2630220193104562,0.0002251503543461271,1,0,0,0,0,0.011208427757701811
2020-11-02,330.2,332.36,327.24,330.2,86068300,0.011208427757701811,0.011208427757701811,0.015505754088431268,-0.33608276572498497,0.29435660624614174,0.00017379512452887137,0,1,0,0,0,0.01765596608116282
2020-11-03,333.69,338.25,330.2935,336.03,93294190,0.01765596608116282,0.01765596608116282,0.023843986933980658,0.08061666567316195,0.3378061760749959,0.000420988624546052,0,0,0,1,0,0.02234919501235022
2020-11-04,340.86,347.94,339.59,343.54,126959700,0.02234919501235022,0.02234919501235022,0.024496860881300306,0.30811187674991913,0.1991598590502596,0.000547485121026594,0,0,0,0,1,0.019502823543109837
2020-11-05,349.24,352.19,348.86,350.24,82039750,0.019502823543109837,0.019502823543109837,0.009534990264574458,-0.4366658230481697,0.20983084031841426,0.00018595923261526583,0,0,1,0,0,0.00022841480127910874
2020-11-06,349.93,351.51,347.65,350.16,74972970,-0.00022841480127910874,0.00022841480127910874,0.011030777584088285,-0.09007623617998206,0.14277115457895567,2.519592869823573e-06,1,0,0,0,0,0.012565684258624588
2020-11-09,363.97,364.38,354.06,354.56,172304200,0.012565684258624588,0.012565684258624588,0.028353985218561948,0.8321338632139366,0.1413589648973673,0.0003562872257301581,0,1,0,0,0,0.0014666064981948557
2020-11-10,353.49,355.18,350.51,354.04,85552020,-0.0014666064981948557,0.0014666064981948557,0.013211123369826631,-0.7001369014576078,0.17462138024392349,1.9375519382641655e-05,0,0,0,1,0,0.007428539148118807
2020-11-11,356.4,357.56,355.06,356.67,58649050,0.007428539148118807,0.007428539148118807,0.007014590347923681,-0.37755322943568004,0.13971465876150463,5.210815900756739e-05,0,0,0,0,1,0.009700843917346713
2020-11-12,355.58,356.7182,351.26,353.21,68118560,-0.009700843917346713,0.009700843917346713,0.015350132178412829,0.14967833684974963,0.13623499106380074,0.00014890923637342414,0,0,1,0,0,0.013844455140001877
2020-11-13,355.27,358.9,354.71,358.1,62959430,0.013844455140001877,0.013844455140001877,0.011793846933318315,-0.07875916450096909,0.15838927811836762,0.00016327938479637413,1,0,0,0,0,0.012482546774643888
2020-11-16,360.98,362.78,359.59,362.57,74541140,0.012482546774643888,0.012482546774643888,0.008837054684470047,0.16886063456736622,0.15812457072186908,0.00011030894844898324,0,1,0,0,0,0.0053782717820006765
2020-11-17,359.97,361.92,358.34,360.62,66111010,-0.0053782717820006765,0.0053782717820006765,0.009945273217212659,-0.12001588722900891,0.1694815633933365,5.3488382308421927e-05,0,0,0,1,0,0.012034828905773454
2020-11-18,360.91,361.5,356.24,356.28,70591300,-0.012034828905773454,0.012034828905773454,0.014574270593776816,0.06557160768756631,0.19687403491061223,0.00017539885302254927,0,0,0,0,1,0.004210171775008487
2020-11-19,355.6,358.18,354.15,357.78,59940950,0.004210171775008487,0.004210171775008487,0.011332958380202558,-0.1635469939815941,0.1782833592756822,4.77137014996747e-05,0,0,1,0,0,0.006847783554139397
2020-11-20,357.5,357.72,355.25,355.33,70411890,-0.006847783554139397,0.006847783554139397,0.006909090909090985,0.16100222752242033,0.155282215036363,4.731195910132726e-05,1,0,0,0,0,0.0059944277150818515
2020-11-23,357.28,358.82,354.865,357.46,63230610,0.0059944277150818515,0.0059944277150818515,0.011069749216300898,-0.10757361999252169,0.12162347610624687,6.63568115011997e-05,0,1,0,0,0,0.016113691042354494
2020-11-24,360.21,363.81,359.29,363.22,62415880,0.016113691042354494,0.016113691042354494,0.012548235751367208,-0.01296878895835718,0.1764109163998648,0.0002021983940241582,0,0,0,1,0,0.0015417653212929094
2020-11-25,363.13,363.16,361.48,362.66,45330890,-0.0015417653212929094,0.0015417653212929094,0.004626442320931916,-0.3198310255834329,0.1370851243826119,7.13288833137471e-06,0,0,0,0,1,0.002784977665030608
2020-11-27,363.84,364.18,362.58,363.67,28514070,0.002784977665030608,0.002784977665030608,0.004397537379067785,-0.46359103588305217,0.1370495246598598,1.2247043381841019e-05,1,0,0,0,0,0.004427090494129371
2020-11-30,362.83,363.12,359.17,362.06,83872710,-0.004427090494129371,0.004427090494129371,0.010886641126698423,1.0789026195748441,0.12642206740992484,4.819614544500445e-05,0,1,0,0,0,0.010937413688338893
2020-12-01,365.57,367.68,364.93,366.02,74504970,0.010937413688338893,0.010937413688338893,0.007522499110977378,-0.11843445631669525,0.13634562672543424,8.227668474692112e-05,0,0,0,1,0,0.002103710179771623
2020-12-02,364.82,366.96,364.2,366.79,45927000,0.002103710179771623,0.002103710179771623,0.007565374705334113,-0.4838126467999899,0.09200089736115583,1.5915355781398116e-05,0,0,0,0,1,0.0002726355680362502
2020-12-03,366.68,368.19,365.5,366.69,62882000,-0.0002726355680362502,0.0002726355680362502,0.00733609686920475,0.31420676894197186,0.08935068302509697,2.000080937104594e-06,0,0,1,0,0,0.008617633423327664
2020-12-04,367.32,369.85,367.22,369.85,50749860,0.008617633423327664,0.008617633423327664,0.007159969508875083,-0.21435109113182094,0.10054590877470578,6.170199254968888e-05,1,0,0,0,0,0.0020548871163986737
2020-12-07,369.02,369.62,367.72,369.09,48944270,-0.0020548871163986737,0.0020548871163986737,0.005148772424258786,-0.03622655466849167,0.08975549277786318,1.0580146119878147e-05,0,1,0,0,0,0.002926115581565636
2020-12-08,367.72,370.78,367.67,370.17,42458860,0.002926115581565636,0.002926115581565636,0.0084575220276296,-0.14214669366538146,0.06444348973329098,2.4747686986481566e-05,0,0,0,1,0,0.008968852149012552
2020-12-09,370.88,371.05,365.95,366.85,74098310,-0.008968852149012552,0.008968852149012552,0.013751078515962098,0.5568571078519824,0.10274091360686763,0.00012333139009912698,0,0,0,0,1,0.0003271091726864128
2020-12-10,365.37,367.86,364.43,366.73,57735350,-0.0003271091726864128,0.0003271091726864128,0.009387743930809883,-0.24952308363349118,0.10275240019219463,3.0708171505991137e-06,0,0,1,0,0,0.0011725247457257115
2020-12-11,364.9,366.7402,363.26,366.3,57698610,-0.0011725247457257115,0.0011725247457257115,0.009537407508906618,-0.0006365544525017697,0.06932516194203325,1.1182846314263223e-05,1,0,0,0,0,0.004477204477204455
2020-12-14,368.64,369.8,364.47,364.66,69216170,-0.004477204477204455,0.004477204477204455,0.01445855034722218,0.18200141986063656,0.0717150107305495,6.473388634846918e-05,0,1,0,0,0,0.013519442768606282
2020-12-15,367.4,369.59,365.92,369.59,64071100,0.013519442768606282,0.013519442768606282,0.009989112683723352,-0.07724110046171972,0.1338400789093596,0.00013504723723675697,0,0,0,1,0,0.0015693065288564512
2020-12-16,369.82,371.16,368.8676,370.17,58420520,0.0015693065288564512,0.0015693065288564512,0.006198691255205352,-0.09232620473438757,0.10945350756427065,9.727646657159149e-06,0,0,0,0,1,0.0055920252856795916
2020-12-17,371.94,372.46,371.05,372.24,64119470,0.0055920252856795916,0.0055920252856795916,0.0037909340216163044,0.0930808624528261,0.11019427501332532,2.1198998905221396e-05,0,0,1,0,0,0.00822050290135401
2020-12-18,370.97,371.15,367.02,369.18,136542300,-0.00822050290135401,0.00822050290135401,0.011132975712321738,0.7558863865012597,0.13548893813204324,9.151865914384457e-05,1,0,0,0,0,0.0035754916300990702
2020-12-21,364.97,378.46,362.03,367.86,96386750,-0.0035754916300990702,0.0035754916300990702,0.04501739869030333,-0.34826570964089143,0.13307197337489024,0.0001609593322260124,0,1,0,0,0,0.0016854238025335588
2020-12-22,368.21,368.3317,366.03,367.24,48388460,-0.0016854238025335588,0.0016854238025335588,0.006251052388582709,-0.6891073782040174,0.0828469230943153,1.0535672486601556e-05,0,0,0,1,0,0.0008985949243001112
2020-12-23,368.28,369.62,367.2172,367.57,46201400,0.0008985949243001112,0.0008985949243001112,0.006524383621157852,-0.04625125390447593,0.08152816734544618,5.862778006159225e-06,0,0,0,0,1,0.003890415431074379
2020-12-24,368.08,369.03,367.45,369.0,26457850,0.003890415431074379,0.003890415431074379,0.004292545098891503,-0.5574571838459157,0.07276028145446456,1.6699783691310198e-05,0,0,1,0,0,0.008590785907859111
2020-12-28,371.74,372.59,371.07,372.17,39000400,0.008590785907859111,0.008590785907859111,0.004088879324258841,0.38801898967074777,0.0762083672535388,3.512668687777934e-05,0,1,0,0,0,0.0019077303382863953
2020-12-29,373.81,374.0,370.83,371.46,53680450,-0.0019077303382863953,0.0019077303382863953,0.00848024397421154,0.31947696613940835,0.06968024011332144,1.6178018705673746e-05,0,0,0,1,0,0.0014268023474937053
2020-12-30,372.34,373.1,371.57,371.99,49455260,0.0014268023474937053,0.0014268023474937053,0.004109147553311569,-0.08198045156457567,0.06257025780853565,5.862941375262962e-06,0,0,0,0,1,0.005080781741444662
2020-12-31,371.78,374.66,371.232,373.88,78520700,0.005080781741444662,0.005080781741444662,0.009220506751304529,0.4622938543272497,0.06253528061563489,4.684738234889529e-05,0,0,1,0,0,0.013613993794800439
2021-01-04,375.31,375.45,364.82,368.79,110210800,-0.013613993794800439,0.013613993794800439,0.028323252777703752,0.33903260758990683,0.13530541746278038,0.00038559258756422316,0,1,0,0,0,0.006887388486672474
2021-01-05,368.1,372.5,368.05,371.33,66426230,0.006887388486672474,0.006887388486672474,0.012089106221135529,-0.50630288096675,0.12880915409708002,8.326237100160943e-05,0,0,0,1,0,0.005978509681415556
2021-01-06,369.71,376.98,369.12,373.55,107997700,0.005978509681415556,0.005978509681415556,0.021259906413134657,0.4860179162073024,0.13510486069394192,0.0001271025563169142,0,0,0,0,1,0.014857448802034545
2021-01-07,376.1,379.9,375.91,379.1,68766810,0.014857448802034545,0.014857448802034545,0.01060888061685709,-0.45138870956859733,0.1667627058104162,0.00015762090061185088,0,0,1,0,0,0.005697705091004979
2021-01-08,380.59,381.49,377.1,381.26,71677210,0.005697705091004979,0.005697705091004979,0.011534722404687423,0.041451628577508615,0.16710949777279044,6.572144656851672e-05,1,0,0,0,0,0.0067408067985101905
2021-01-11,377.85,380.58,377.7189,378.69,51176720,-0.0067408067985101905,0.0067408067985101905,0.007572052401746632,-0.3368880981856286,0.12282440893106407,5.104174230836911e-05,0,1,0,0,0,0.00021125458818560539
2021-01-12,378.89,379.86,376.36,378.77,52547720,0.00021125458818560539,0.00021125458818560539,0.009237509567420624,0.02643696747789903,0.12659868187896609,1.9514662795260338e-06,0,0,0,1,0,0.0026929271061595372
2021-01-13,378.69,380.86,377.85,379.79,45303620,0.0026929271061595372,0.0026929271061595372,0.007948453880482693,-0.14833476509250332,0.12550923133844347,2.14046069068108e-05,0,0,0,0,1,0.003501935280023294
2021-01-14,380.59,381.13,378.1,378.46,49989110,-0.003501935280023294,0.003501935280023294,0.007961323208702208,0.0984182386413508,0.07814220409682311,2.7880038620222513e-05,0,0,1,0,0,0.007292712572002258
2021-01-15,376.72,377.58,373.7,375.7,107160000,-0.007292712572002258,0.007292712572002258,0.010299426629857706,0.7625178522976093,0.0689067656355858,7.511075806797815e-05,1,0,0,0,0,0.007852009582113295
2021-01-19,378.34,379.23,376.75,378.65,51233300,0.007852009582113295,0.007852009582113295,0.006554950573558224,-0.7379333232315517,0.09201651705232987,5.146953471385821e-05,0,0,0,1,0,0.01383863726396406
2021-01-20,381.11,384.79,380.69,383.89,61836060,0.01383863726396406,0.01383863726396406,0.010758048857285358,0.18809697483727206,0.1349167916691143,0.00014887673580397514,0,0,0,0,1,0.000911719502982633
2021-01-21,384.49,384.95,383.25,384.24,47955810,0.000911719502982633,0.000911719502982633,0.004421441389893075,-0.2542067228890126,0.135528682355141,4.031114346460157e-06,0,0,1,0,0,0.0035394545075994044
2021-01-22,382.25,384.1256,381.835,382.88,52136930,-0.0035394545075994044,0.0035394545075994044,0.005992413342053735,0.08359356328854517,0.135631168365162,2.1209874414930904e-05,1,0,0,0,0,0.003943794400334211
2021-01-25,383.67,384.77,378.46,384.39,70401970,0.003943794400334211,0.003943794400334211,0.01644642531342039,0.3003477139176738,0.10536318618001222,6.486132005658215e-05,0,1,0,0,0,0.001560914696011828
2021-01-26,385.41,385.85,383.54,383.79,42665280,-0.001560914696011828,0.001560914696011828,0.005993617186891887,-0.5008357617695403,0.10822021196583864,9.355525149288617e-06,0,0,0,1,0,0.0244404492039918
2021-01-27,380.22,380.32,372.01,374.41,123351100,-0.0244404492039918,0.0244404492039918,0.02185576771342907,1.0616492705947316,0.17868725094152663,0.0005341647806143072,0,0,0,0,1,0.008600197644293539
2021-01-28,376.36,381.93,375.89,377.63,94198100,0.008600197644293539,0.008600197644293539,0.01604846423636949,-0.2696347466129154,0.20143090450643913,0.000138019964320154,0,0,1,0,0,0.02001959590074942
2021-01-29,375.63,376.67,368.27,370.07,126765100,-0.02001959590074942,0.02001959590074942,0.02236243111572567,0.2969357532706809,0.23356732503026847,0.0004476868342951729,1,0,0,0,0,0.01664549950009464
2021-02-01,373.72,377.34,370.376,376.23,75817600,0.01664549950009464,0.01664549950009464,0.018634271647222516,-0.5140053065545622,0.2823331517540953,0.00031017675938847014,0,1,0,0,0,0.014140286526858503
2021-02-02,379.65,383.22,376.3181,381.55,64450660,0.014140286526858503,0.014140286526858503,0.018179639141314402,-0.16243048351455158,0.3118799797333167,0.00025706530641307753,0,0,0,1,0,0.0007862665443585382
2021-02-03,382.435,383.7,380.48,381.85,52427090,0.0007862665443585382,0.0007862665443585382,0.008419731457633245,-0.20647652380165482,0.23427142090964448,6.6201531576201695e-06,0,0,0,0,1,0.011365719523372952
2021-02-04,382.96,386.24,381.9655,386.19,47142560,0.011365719523372952,0.011365719523372952,0.011161740129517416,-0.1062472379760635,0.23845521625487176,0.00012686120770487143,0,0,1,0,0,0.003935886480747719
2021-02-05,388.2,388.47,386.1444,387.71,48669770,0.003935886480747719,0.003935886480747719,0.005990726429675447,0.03188189510981232,0.10733837612264424,2.3578819164417644e-05,1,0,0,0,0,0.007221892651724238
2021-02-08,389.27,390.56,388.35,390.51,38365190,0.007221892651724238,0.007221892651724238,0.005677293395329667,-0.2379075545638507,0.08581458525877768,4.1000803453413874e-05,0,1,0,0,0,0.000665796010345443
2021-02-09,389.61,390.89,389.17,390.25,35551060,-0.000665796010345443,0.000665796010345443,0.004414671081337672,-0.07618056302104748,0.07750034378859826,2.939270392942025e-06,0,0,0,1,0,0.0004356181934657144
2021-02-10,392.12,392.28,387.5,390.08,59154370,-0.0004356181934657144,0.0004356181934657144,0.012190145873712059,0.509180483474303,0.08159497940132616,5.3102493235899795e-06,0,0,0,0,1,0.00161505332239531
2021-02-11,391.24,391.69,388.1,390.71,42913290,0.00161505332239531,0.00161505332239531,0.009175953379000039,-0.32096889309502785,0.052436349316867255,1.4819653990898484e-05,0,0,1,0,0,0.004939725115814753
2021-02-12,389.85,392.9,389.77,392.64,50593270,0.004939725115814753,0.004939725115814753,0.00802872899833268,0.16463699178902758,0.05479904203049787,3.965971428113416e-05,1,0,0,0,0,0.0008659331703341211
2021-02-16,393.96,394.17,391.53,392.3,50972370,-0.0008659331703341211,0.0008659331703341211,0.006701187937861822,0.00746515756887689,0.03903262306215151,5.802780916037459e-06,0,0,0,1,0,0.00022941626306383078
2021-02-17,390.42,392.66,389.33,392.39,52806680,0.00022941626306383078,0.00022941626306383078,0.008529276164131041,0.035353975968970275,0.03722025513557383,1.9567546642143484e-06,0,0,0,0,1,0.004255969825938344
2021-02-18,389.59,391.515,387.74,390.72,59712770,-0.004255969825938344,0.004255969825938344,0.009689673759593362,0.12290820032064786,0.05346457300611377,4.123895914401589e-05,0,0,1,0,0,0.0017659705159706052
2021-02-19,392.07,392.38,389.55,390.03,83240970,-0.0017659705159706052,0.0017659705159706052,0.007218098808886127,0.33219374940325963,0.053741996569666425,1.2746949677855445e-05,1,0,0,0,0,0.007691716021844486
2021-02-22,387.06,389.62,386.74,387.03,67414170,-0.007691716021844486,0.007691716021844486,0.007440706867152367,-0.2108844184783898,0.05020675695926755,5.723180422392415e-05,0,1,0,0,0,0.0012143761465519542
2021-02-23,384.66,388.945,380.2,387.5,107284100,0.0012143761465519542,0.0012143761465519542,0.022734362813913597,0.46462521726825656,0.057132712927041376,2.7608067908274436e-05,0,0,0,1,0,0.011019354838709638
2021-02-24,386.33,392.23,385.27,391.77,72433950,0.011019354838709638,0.011019354838709638,0.018015686071493377,-0.3928053393727211,0.11304870059325207,0.00019852123748458439,0,0,0,0,1,0.02409577047757616
2021-02-25,390.41,391.88,380.7789,382.33,146670500,-0.02409577047757616,0.02409577047757616,0.02843446633026811,0.705513455144871,0.20619788817585402,0.0006851503743465077,0,0,1,0,0,0.005152616849318559
2021-02-26,384.35,385.58,378.23,380.36,152701600,-0.005152616849318559,0.005152616849318559,0.01912319500455305,0.04029711569568306,0.20501145369701168,9.853449679326454e-05,1,0,0,0,0,0.024240193500893792
2021-03-01,385.59,390.92,380.572,389.58,105348800,0.024240193500893792,0.024240193500893792,0.026836795560050867,-0.37120893770512,0.28697336807814744,0.0006505291173195604,0,1,0,0,0,0.007803275322141756
2021-03-02,389.82,390.07,386.0,386.54,79595330,-0.007803275322141756,0.007803275322141756,0.01044071622800265,-0.28032132372372587,0.29447292837440214,8.147178328745804e-05,0,0,0,1,0,0.01324571842500133
2021-03-03,385.79,386.83,381.31,381.42,119940200,-0.01324571842500133,0.01324571842500133,0.014308302444334953,0.41003785822575267,0.2856625689294535,0.00018952374531741904,0,0,0,0,1,0.012374809920822294
2021-03-04,381.22,384.0,371.88,376.7,183433000,-0.012374809920822294,0.012374809920822294,0.03179266565237921,0.4248561900800354,0.24624772836690206,0.00039342819432444843,0,0,1,0,0,0.01839660207061322
2021-03-05,380.46,384.76,372.64,383.63,152039600,0.01839660207061322,0.01839660207061322,0.03185617410503076,-0.18770846384870055,0.28601905150353435,0.0005860453585024242,1,0,0,0,0,0.004978755571774851
2021-03-08,384.66,387.68,381.42,381.72,123149200,-0.004978755571774851,0.004978755571774851,0.016274112202984428,-0.21074438328544787,0.20585683805856508,8.102482680629781e-05,0,1,0,0,0,0.014277480876034865
2021-03-09,385.85,389.91,381.7299,387.17,113633600,0.014277480876034865,0.014277480876034865,0.021200207334456492,-0.08041739052031005,0.23742785766859872,0.0003026855547856767,0,0,0,1,0,0.006224655835937565
2021-03-10,389.69,391.4,388.1702,389.58,109899400,0.006224655835937565,0.006224655835937565,0.008288126459493327,-0.03341383501719619,0.20485386556119653,5.1590734735073684e-05,0,0,0,0,1,0.010139124185019721
2021-03-11,392.23,395.65,391.74,393.53,86245040,0.010139124185019721,0.010139124185019721,0.009968640848481676,-0.2423728523788995,0.14206944573202915,0.00010107328751861608,0,0,1,0,0,0.0013467842350012305
2021-03-12,392.07,394.21,391.2,394.06,64653570,0.0013467842350012305,0.0013467842350012305,0.007677200499910707,-0.28814921902839785,0.11934846538345513,1.0339532602223306e-05,1,0,0,0,0,0.005963558848906425
2021-03-15,394.33,396.685,392.03,396.41,73592300,0.005963558848906425,0.005963558848906425,0.011804833515076281,0.12949707470702165,0.07724365422047882,7.039881936870029e-05,0,1,0,0,0,0.0012613203501424808
2021-03-16,397.07,397.83,395.08,395.91,73722510,-0.0012613203501424808,0.0012613203501424808,0.006925730979424283,0.001767779249643553,0.07101523903201257,8.735565423960062e-06,0,0,0,1,0,0.0034098658786085867
2021-03-17,394.53,398.12,393.3,397.26,97959270,0.0034098658786085867,0.0034098658786085867,0.01221706841051376,0.2842435967086665,0.06945954106919323,4.165856470963771e-05,0,0,0,0,1,0.014549665206665563
2021-03-18,394.475,396.72,390.75,391.48,115349100,-0.014549665206665563,0.014549665206665563,0.015134038912478678,0.16341140067466497,0.1272699829290532,0.00022019519940121376,0,0,1,0,0,0.0051088178195565215
2021-03-19,389.88,391.569,387.15,389.48,113624500,-0.0051088178195565215,0.0051088178195565215,0.011334256694367599,-0.015064030069122936,0.12796250497416736,5.7904652571612985e-05,1,0,0,0,0,0.007985005648556864
2021-03-22,390.03,394.07,389.97,392.59,73778650,0.007985005648556864,0.007985005648556864,0.010512011896520694,-0.4318297529352897,0.13670208302798878,8.39384743714147e-05,0,1,0,0,0,0.007870806694006416
2021-03-23,391.91,393.46,388.66,389.5,90686550,-0.007870806694006416,0.007870806694006416,0.01224770993340296,0.20633965816887212,0.14266449134911657,9.639935733007689e-05,0,0,0,1,0,0.0050834403080873836
2021-03-24,391.0,392.75,387.47,387.52,97588640,-0.0050834403080873836,0.0050834403080873836,0.01350383631713548,0.07335203736685969,0.1299479239096877,6.864594584834078e-05,0,0,0,0,1,0.005625516102394812
2021-03-25,385.98,390.55,383.9,389.7,116128600,0.005625516102394812,0.005625516102394812,0.017228871962277927,0.17393710289177378,0.11373636269150889,9.692129664989298e-05,0,0,1,0,0,0.016114960225814823
2021-03-26,390.93,396.41,390.29,395.98,114409100,0.016114960225814823,0.016114960225814823,0.015654976594275203,-0.014917576363814078,0.15607047023682882,0.0002522793251528069,1,0,0,0,0,0.000505076013940231
2021-03-29,394.4,396.75,392.81,395.78,108107600,-0.000505076013940231,0.000505076013940231,0.00998985801217038,-0.05665359328043351,0.15177991697254625,5.045637664615896e-06,0,1,0,0,0,0.002652989034311881
2021-03-30,394.42,395.45,393.02,394.73,76262250,-0.002652989034311881,0.002652989034311881,0.006160945185335446,-0.3489489652626787,0.1347063888128425,1.6344920017691518e-05,0,0,0,1,0,0.004053403592328753
2021-03-31,395.34,398.0,395.31,396.33,112734200,0.004053403592328753,0.004053403592328753,0.006804269742500121,0.39085477296184123,0.11572774404504226,2.7580451417423827e-05,0,0,0,0,1,0.010799081573436453
2021-04-01,398.4,400.67,398.18,400.61,99682880,0.010799081573436453,0.010799081573436453,0.006250000000000023,-0.12303888728652979,0.12432975776867357,6.749425983397808e-05,0,0,1,0,0,0.014353111504954885
2021-04-05,403.46,406.94,403.38,406.36,91684760,0.014353111504954885,0.014353111504954885,0.008823675209438364,-0.08363777486308166,0.11520254203442921,0.00012664719416457498,0,1,0,0,0,0.0005906093119402156
2021-04-06,405.76,407.24,405.4,406.12,62020950,-0.0005906093119402156,0.0005906093119402156,0.004534700315457492,-0.39088393492830775,0.11547112879920345,2.678236233167428e-06,0,0,0,1,0,0.0011572934108143862
2021-04-07,405.94,406.96,405.45,406.59,55836280,0.0011572934108143862,0.0011572934108143862,0.003719761541114428,-0.10504839208473982,0.10148283106694037,4.3048555213324934e-06,0,0,0,0,1,0.004746796527214103
2021-04-08,407.93,408.58,406.93,408.52,57863110,0.004746796527214103,0.004746796527214103,0.004044811609834965,0.03565621058442758,0.10078148033580811,1.91998977027999e-05,0,0,1,0,0,0.0072701458924899764
2021-04-09,408.39,411.67,408.26,411.49,61104560,0.0072701458924899764,0.0072701458924899764,0.008349861651852458,0.05450644569162222,0.09323131201783647,6.070471239107471e-05,1,0,0,0,0,0.0003645289071423363
2021-04-12,410.85,411.93,410.2,411.64,56704900,0.0003645289071423363,0.0003645289071423363,0.00421078252403558,-0.07472586712137286,0.052456290707950354,1.5349519517007387e-06,0,1,0,0,0,0.002963754737149049
2021-04-13,411.53,413.529,411.12,412.86,56550990,0.002963754737149049,0.002963754737149049,0.005853765217602586,-0.00271791766463636,0.04431840223919628,1.7349124393827998e-05,0,0,0,1,0,0.0034152012788839503
2021-04-14,412.83,413.96,410.87,411.45,61659910,-0.0034152012788839503,0.0034152012788839503,0.007484921153985842,0.08649125233432997,0.06521231772251769,2.556251229743798e-05,0,0,0,0,1,0.010742496050552885
2021-04-15,413.74,416.16,413.69,415.87,60229840,0.010742496050552885,0.010742496050552885,0.0059699328080437646,-0.023466051885989714,0.08858851841500263,6.413197961247623e-05,0,0,1,0,0,0.003342390650924454
2021-04-16,417.25,417.91,415.73,417.26,82037280,0.003342390650924454,0.003342390650924454,0.005224685440383479,0.30900586311369693,0.0824728016681339,1.7462939769958853e-05,1,0,0,0,0,0.004913003882471401
2021-04-19,416.26,416.74,413.79,415.21,78498500,-0.004913003882471401,0.004913003882471401,0.00708691683082686,-0.04409426122074578,0.09911995040871331,3.481804990460428e-05,0,1,0,0,0,0.007321596300667088
2021-04-20,413.91,415.0859,410.59,412.17,81851830,-0.007321596300667088,0.007321596300667088,0.010862023145128182,0.04183114469166682,0.11651553120910867,7.952734847713079e-05,0,0,0,1,0,0.00946211514666273
2021-04-21,411.51,416.29,411.36,416.07,66792980,0.00946211514666273,0.00946211514666273,0.0119802677942213,-0.20331267358475102,0.12999993814060687,0.00011335867335677706,0,0,0,0,1,0.009133078568510089
2021-04-22,415.89,416.78,411.13,412.27,97582790,-0.009133078568510089,0.009133078568510089,0.013585323042150514,0.3791031559796778,0.12479274535900865,0.00012407582272255113,0,0,1,0,0,0.010842409100832118
2021-04-23,412.87,418.25,412.79,416.74,73276200,0.010842409100832118,0.010842409100832118,0.013224501659117833,-0.2864652793781204,0.15226704780478706,0.00014338545714278863,1,0,0,0,0,0.0020876325766665538
2021-04-26,417.44,418.22,416.8111,417.61,52182390,0.0020876325766665538,0.0020876325766665538,0.0033750958221541224,-0.33949077596025035,0.14666014128709173,7.045959987700131e-06,0,1,0,0,0,0.00021551208064951588
2021-04-27,417.93,418.14,416.3,417.52,51303060,-0.00021551208064951588,0.00021551208064951588,0.004402651161677733,-0.01699468180025221,0.1282008571362152,9.488245122271765e-07,0,0,0,1,0,0.00028741138149068757
2021-04-28,417.81,419.01,416.9,417.4,51238850,-0.00028741138149068757,0.00028741138149068757,0.005050142409229108,-0.001252366123082993,0.11316867526683708,1.4514684065612472e-06,0,0,0,0,1,0.006372783900335577
2021-04-29,420.32,420.72,416.44,420.06,78544330,0.006372783900335577,0.006372783900335577,0.010182717929196873,0.4271651386157025,0.07611913689388031,6.489226088084426e-05,0,0,1,0,0,0.006570489930009971
2021-04-30,417.63,418.54,416.34,417.3,85527030,-0.006570489930009971,0.006570489930009971,0.005267820798314406,0.08516928651874167,0.0744098898518409,3.461216350842189e-05,1,0,0,0,0,0.0021567217828899476
2021-05-03,419.43,419.84,417.665,418.2,68128290,0.0021567217828899476,0.0021567217828899476,0.005185609040841033,-0.22743991795048757,0.07451731870275137,1.1183915975932904e-05,0,1,0,0,0,0.006169296987087458
2021-05-04,416.07,416.6,411.67,415.62,101591200,-0.006169296987087458,0.006169296987087458,0.011848967721777601,0.3995643669898179,0.08786082794973532,7.30998008660591e-05,0,0,0,1,0,0.00031278571772297425
2021-05-05,417.38,417.63,415.15,415.75,39960660,0.00031278571772297425,0.00031278571772297425,0.005941827591163971,-0.9330614318782153,0.08822682712365343,1.858518807688394e-06,0,0,0,0,1,0.007985568250150399
2021-05-06,415.83,419.21,413.675,419.07,74321370,0.007985568250150399,0.007985568250150399,0.013310727941706872,0.6205030464054637,0.09679095243561872,0.00010629372643768417,0,0,1,0,0,0.00727802037845704
2021-05-07,419.89,422.815,419.16,422.12,67733790,0.00727802037845704,0.00727802037845704,0.008704660744480633,-0.09281335768739396,0.09146943910907825,6.335269828588507e-05,1,0,0,0,0,0.009902397422533848
2021-05-10,422.5,422.74,417.81,417.94,81852450,-0.009902397422533848,0.009902397422533848,0.011668639053254454,0.1893330644870268,0.12622613393913254,0.00011554750128542472,0,1,0,0,0,0.008924726037230268
2021-05-11,413.1,415.27,410.06,414.21,116888000,-0.008924726037230268,0.008924726037230268,0.0126119583635923,0.3562979715348007,0.13573202068258267,0.00011255827318801625,0,0,0,1,0,0.021245262065135884
2021-05-12,411.23,412.59,404.0,405.41,134811000,-0.021245262065135884,0.021245262065135884,0.02088855385064313,0.14265758501561265,0.1980679608348454,0.00044378280071861656,0,0,0,0,1,0.012012530524653897
2021-05-13,407.07,412.35,407.02,410.28,106394000,0.012012530524653897,0.012012530524653897,0.013093571130272536,-0.2367246112014989,0.2159112394646913,0.00015728692287912587,0,0,1,0,0,0.015355367066393733
2021-05-14,413.21,417.49,413.18,416.58,82201630,0.015355367066393733,0.015355367066393733,0.010430531690907777,-0.2579740500246608,0.24807909127206448,0.0001601646428115414,1,0,0,0,0,0.0025445292620864812
2021-05-17,415.39,416.39,413.36,415.52,64882410,-0.0025445292620864812,0.0025445292620864812,0.007294349888056941,-0.23659857368527426,0.23968107749080597,1.8560686738058135e-05,0,1,0,0,0,0.00861571043511744
2021-05-18,415.8,416.06,411.77,411.94,59810240,-0.00861571043511744,0.00861571043511744,0.010317460317460366,-0.08139966955429401,0.23905224108586934,8.889225052105338e-05,0,0,0,1,0,0.002621741030247038
2021-05-19,406.92,411.05,405.33,410.86,106467100,-0.002621741030247038,0.002621741030247038,0.014056817064779384,0.5766591261537215,0.16473414045309928,3.6853334053408844e-05,0,0,0,0,1,0.010757922406659182
2021-05-20,411.8,416.625,411.67,415.28,78022220,0.010757922406659182,0.010757922406659182,0.012032540067994132,-0.31084235589552733,0.1604595103332125,0.00012944513240649848,0,0,1,0,0,0.0008187247158543132
2021-05-21,416.87,418.2,414.45,414.94,76578660,-0.0008187247158543132,0.0008187247158543132,0.008995610142250582,-0.018675209819800642,0.11253795396186593,7.364928357650286e-06,1,0,0,0,0,0.010194244951077236
2021-05-24,417.34,420.32,417.08,419.17,51376700,0.010194244951077236,0.010194244951077236,0.0077634542579192245,-0.39913367915591635,0.13413773520203767,7.914255437171212e-05,0,1,0,0,0,0.002218670229262587
2021-05-25,420.33,420.71,417.62,418.24,57451400,-0.002218670229262587,0.002218670229262587,0.00735136678324168,0.11175460866305187,0.10805937852841094,1.6310258626368183e-05,0,0,0,1,0,0.001984506503442951
2021-05-26,418.87,419.61,417.76,419.07,43088620,0.001984506503442951,0.001984506503442951,0.004416644782390772,-0.2876804420896164,0.09720797963275,8.764860294051864e-06,0,0,0,0,1,0.0005249719617248516
2021-05-27,420.17,420.72,418.9851,419.29,56707680,0.0005249719617248516,0.0005249719617248516,0.004129043006402262,0.27465072060018514,0.07737976641851699,2.1676318071172748e-06,0,0,1,0,0,0.0017887381048915518
2021-05-28,420.97,421.25,419.79,420.04,58520160,0.0017887381048915518,0.0017887381048915518,0.0034681806304486767,0.03146165841334536,0.07366241318789095,6.2036668483303535e-06,1,0,0,0,0,0.0008808684887153806
2021-06-01,422.57,422.72,419.2,419.67,54216630,-0.0008808684887153806,0.0008808684887153806,0.008329980831578291,-0.07638362094756346,0.028424354485915248,7.3376176261404584e-06,0,0,0,1,0,0.001572664236185517
2021-06-02,420.37,421.23,419.29,420.33,49097060,0.001572664236185517,0.001572664236185517,0.004614982039631748,-0.09918853082160695,0.01892099357225689,7.257817204367342e-06,0,0,0,0,1,0.0037113696381414485
2021-06-03,417.85,419.99,416.28,418.77,58138760,-0.0037113696381414485,0.0037113696381414485,0.008878784252722356,0.16903340869900063,0.03584880532007439,3.295245029916216e-05,0,0,1,0,0,0.00914583184086748
2021-06-04,420.75,422.92,418.8422,422.6,55938790,0.00914583184086748,0.00914583184086748,0.009691740938799822,-0.0385745091757812,0.0758578345945432,8.86390328715143e-05,1,0,0,0,0,0.000970184571699062
2021-06-07,422.59,422.78,421.19,422.19,51555030,-0.000970184571699062,0.000970184571699062,0.003762512127594063,-0.0816082748290512,0.0778878592446028,3.6503312170223723e-06,0,1,0,0,0,0.00021317416329136307
2021-06-08,423.11,423.21,420.32,422.28,47134280,0.00021317416329136307,0.00021317416329136307,0.006830375079766459,-0.08964922959503241,0.07657195562420055,1.456059492595392e-06,0,0,0,1,0,0.0014919011082693556
2021-06-09,423.18,423.26,421.41,421.65,48436340,-0.0014919011082693556,0.0014919011082693556,0.004371662176851377,0.02724980841108149,0.07881634335897464,6.522087646623794e-06,0,0,0,0,1,0.004648405075299511
2021-06-10,422.96,424.63,421.55,423.61,51020150,0.004648405075299511,0.004648405075299511,0.007282012483449935,0.05197029324760649,0.0717904642484202,3.384974378646307e-05,0,0,1,0,0,0.0016524633507235542
2021-06-11,424.2,424.43,422.82,424.31,45570830,0.0016524633507235542,0.0016524633507235542,0.0037953795379538275,-0.1129528315420707,0.03910022457389837,6.271725588554797e-06,1,0,0,0,0,0.002238929084867225
2021-06-14,424.43,425.37,423.1,425.26,42358480,0.002238929084867225,0.002238929084867225,0.005348349551162693,-0.07309918000187565,0.03644028748787218,1.1974575366134722e-05,0,1,0,0,0,0.0018341720359309477
2021-06-15,425.42,425.46,423.54,424.48,51508510,-0.0018341720359309477,0.0018341720359309477,0.004513186968172533,0.1955783953623147,0.04311359688079764,8.277961329950037e-06,0,0,0,1,0,0.005583301922352013
2021-06-16,424.63,424.87,419.92,422.11,80386080,-0.005583301922352013,0.005583301922352013,0.011657207451192777,0.4450939831557186,0.06331751671555699,6.508570877150085e-05,0,0,0,0,1,0.00033166710099263863
2021-06-17,421.67,423.02,419.32,421.97,90949660,-0.00033166710099263863,0.00033166710099263863,0.00877463419261505,0.123465138327429,0.04983081358241265,2.910257484935516e-06,0,0,1,0,0,0.01670734886366332
2021-06-18,417.09,417.8281,414.7,414.92,118676300,-0.01670734886366332,0.01670734886366332,0.0074998201826944255,0.266093449456104,0.11774769958592299,0.00012530211220701892,1,0,0,0,0,0.014316012725344551
2021-06-21,416.8,421.06,415.93,420.86,72822030,0.014316012725344551,0.014316012725344551,0.012308061420345478,-0.488381094042861,0.17715647107419744,0.0001762023639179882,0,1,0,0,0,0.005346195884617266
2021-06-22,420.85,424.0,420.08,423.11,57700300,0.005346195884617266,0.005346195884617266,0.00931448259474876,-0.2327561429094942,0.1848198314717108,4.979704851538498e-05,0,0,0,1,0,0.00120536030819407
2021-06-23,423.19,424.05,422.51,422.6,49445410,-0.00120536030819407,0.00120536030819407,0.0036390273872256443,-0.15439313718466607,0.1799195991862892,4.386339172992964e-06,0,0,0,0,1,0.005915759583530633
2021-06-24,424.89,425.55,424.62,425.1,45110290,0.005915759583530633,0.005915759583530633,0.00218880180752667,-0.09175885065625877,0.18399427807182542,1.2948425269325069e-05,0,0,1,0,0,0.0035521053869678187
2021-06-25,425.9,427.0943,425.55,426.61,58129530,0.0035521053869678187,0.0035521053869678187,0.0036259685372152252,0.25356341126023807,0.0893209715902072,1.2879822374018023e-05,1,0,0,0,0,0.002015892735754088
2021-06-28,427.17,427.65,425.89,427.47,53159580,0.002015892735754088,0.002015892735754088,0.00412013952290655,-0.08937546160962384,0.04551764862383516,8.305759334520627e-06,0,1,0,0,0,0.00053804945376279
2021-06-29,427.88,428.56,427.13,427.7,35970520,0.00053804945376279,0.00053804945376279,0.0033420585210806927,-0.39059861005281604,0.04348917971077695,1.7981927617107446e-06,0,0,0,1,0,0.0008417114800094438
2021-06-30,427.21,428.78,427.18,428.06,64827860,0.0008417114800094438,0.0008417114800094438,0.003745230682802289,0.5890357227632244,0.03512308023928995,3.1524036609982946e-06,0,0,0,0,1,0.005536607017707862
2021-07-01,428.87,430.6,428.8,430.43,53441030,0.005536607017707862,0.005536607017707862,0.004197076037027564,-0.19315664295136514,0.03288111232458737,2.3237560640460314e-05,0,0,1,0,0,0.007643519271426369
2021-07-02,431.67,434.1,430.5218,433.72,57697670,0.007643519271426369,0.007643519271426369,0.008289202399981556,0.07663798704097502,0.04968740413862728,6.335867828901272e-05,1,0,0,0,0,0.0018214516277783588
2021-07-06,433.78,434.01,430.01,432.93,68710420,-0.0018214516277783588,0.0018214516277783588,0.009221264235326664,0.17468406747755694,0.061961194226699656,1.6796086751610117e-05,0,0,0,1,0,0.003534058623795966
2021-07-07,433.66,434.76,431.51,434.46,63549460,0.003534058623795966,0.003534058623795966,0.007494350412765761,-0.0780823601366194,0.059438632753905984,2.6485473705983695e-05,0,0,0,0,1,0.008148045850020602
2021-07-08,428.78,431.73,427.52,430.92,97595230,-0.008148045850020602,0.008148045850020602,0.009818554969914727,0.4290101134314348,0.10107997055679366,8.000203607581285e-05,0,0,1,0,0,0.010674835236238689
2021-07-09,432.53,435.84,430.714,435.52,76238580,0.010674835236238689,0.010674835236238689,0.011851201072757904,-0.24696098262459287,0.11941087842212729,0.00012650961880322583,1,0,0,0,0,0.0035819250551065718
2021-07-12,435.43,437.35,434.97,437.08,52889590,0.0035819250551065718,0.0035819250551065718,0.005465861332475933,-0.3656610948785435,0.11133270882927711,1.9578305654533735e-05,0,1,0,0,0,0.0034089869131509465
2021-07-13,436.24,437.84,435.31,435.59,52911310,-0.0034089869131509465,0.0034089869131509465,0.0057995598752979384,0.00041058251667891454,0.1148879299812957,1.9770623716926006e-05,0,0,0,1,0,0.0014922289308754166
2021-07-14,437.4,437.92,434.91,436.24,64130350,0.0014922289308754166,0.0014922289308754166,0.006881572930955627,0.1923006118693884,0.11322942303091807,1.0268882217501122e-05,0,0,0,0,1,0.0034155510728040017
2021-07-15,434.81,435.53,432.72,434.75,55126360,-0.0034155510728040017,0.0034155510728040017,0.006462592856649905,-0.1512897235986017,0.09268831944578323,2.2073315964626062e-05,0,0,1,0,0,0.007843588269120239
2021-07-16,436.01,436.06,430.92,431.34,75874660,-0.007843588269120239,0.007843588269120239,0.011788720442191663,0.31945475869024875,0.0716365777700679,9.246586936831248e-05,1,0,0,0,0,0.014767932489451407
2021-07-19,426.19,431.4089,421.97,424.97,147987000,-0.014767932489451407,0.014767932489451407,0.02214716441023954,0.6680416573307717,0.09687226092436291,0.00032706782884319845,0,1,0,0,0,0.014330423323999364
2021-07-20,425.68,432.42,424.83,431.06,99608170,0.014330423323999364,0.014330423323999364,0.017830295057320127,-0.39588023944743966,0.17354138044875408,0.0002555156761632109,0,0,0,1,0,0.00809632069781463
2021-07-21,432.34,434.7,431.0111,434.55,64724390,0.00809632069781463,0.00809632069781463,0.008532405051579752,-0.4311060828231206,0.18776239220472082,6.908108762124325e-05,0,0,0,0,1,0.002094120354389606
2021-07-22,434.74,435.72,433.69,435.46,47878540,0.002094120354389606,0.002094120354389606,0.004669457606845538,-0.30147070834297196,0.18685134814255902,9.77840621845462e-06,0,0,1,0,0,0.010287971340651403
2021-07-23,437.52,440.3,436.79,439.94,63766640,0.010287971340651403,0.010287971340651403,0.008022490400438816,0.28656277705674427,0.18080629010664165,8.253515132036553e-05,1,0,0,0,0,0.002454880210937871
2021-07-26,439.31,441.03,439.26,441.02,43719190,0.002454880210937871,0.002454880210937871,0.004029045548701331,-0.3774430262488444,0.08303773882031311,9.890824186474213e-06,0,1,0,0,0,0.0045576164346288195
2021-07-27,439.91,439.94,435.99,439.01,67397140,-0.0045576164346288195,0.0045576164346288195,0.008979109363278826,0.43281543960092606,0.09223734980627019,4.092333640240909e-05,0,0,0,1,0,0.00041001343932944856
2021-07-28,439.68,440.3,437.31,438.83,52472360,-0.00041001343932944856,0.00041001343932944856,0.006800400291120836,-0.25031602479344883,0.08611585001844597,2.788255512179437e-06,0,0,0,0,1,0.004147391928537303
2021-07-29,439.815,441.8,439.81,440.65,47435340,0.004147391928537303,0.004147391928537303,0.004524629673840158,-0.10091903222384957,0.0875187571332332,1.8765412588905038e-05,0,0,1,0,0,0.004856462044706689
2021-07-30,437.91,440.06,437.77,438.51,68951200,-0.004856462044706689,0.004856462044706689,0.005229385033454409,0.3740314809031027,0.0643243179582635,2.5396309932128554e-05,1,0,0,0,0,0.002098013728307313
2021-08-02,440.34,440.93,437.21,437.59,58783300,-0.002098013728307313,0.002098013728307313,0.008448017441068328,-0.1595412045354827,0.058347448970009576,1.772405656834097e-05,0,1,0,0,0,0.00813546927489206
2021-08-03,438.44,441.28,436.1,441.15,58053900,0.00813546927489206,0.00813546927489206,0.011814615454794156,-0.012485911396176164,0.08198981219382621,9.611744102714273e-05,0,0,0,1,0,0.0049189618043747885
2021-08-04,439.78,441.1243,438.73,438.98,46732210,-0.0049189618043747885,0.0049189618043747885,0.0054443130656236915,-0.21693823662296552,0.09240554472655993,2.678036802086155e-05,0,0,0,0,1,0.006332862544990547
2021-08-05,440.22,441.85,439.88,441.76,38969660,0.006332862544990547,0.006332862544990547,0.004475035209667955,-0.18165024963857945,0.09949384484968492,2.8339782866820115e-05,0,0,1,0,0,0.001652480985150362
2021-08-06,442.1,442.94,441.8,442.49,46930010,0.001652480985150362,0.001652480985150362,0.002578602126215757,0.1858739438843955,0.08732551409354412,4.261090981839832e-06,1,0,0,0,0,0.0008135777079708584
2021-08-09,442.46,442.795,441.31,442.13,41222590,-0.0008135777079708584,0.0008135777079708584,0.0033562355919179443,-0.12967093287510423,0.08411113320777344,2.730558460282818e-06,0,1,0,0,0,0.0012439780155157898
2021-08-10,442.61,443.44,441.88,442.68,43339280,0.0012439780155157898,0.0012439780155157898,0.0035245475700955743,0.05007297489233764,0.06487020072952823,4.384459691838491e-06,0,0,0,1,0,0.002484864913707252
2021-08-11,443.82,443.882,442.62,443.78,44034340,0.002484864913707252,0.002484864913707252,0.002843495110630437,0.01591040056180404,0.04158934048058744,7.065701232703693e-06,0,0,0,0,1,0.002996980485826306
2021-08-12,443.62,445.2572,442.66,445.11,38942420,0.002996980485826306,0.002996980485826306,0.005854560209188013,-0.12288563619237536,0.02334620307875927,1.7546002700031653e-05,0,0,1,0,0,0.0018197748871064956
2021-08-13,445.59,445.94,445.07,445.92,39470250,0.0018197748871064956,0.0018197748871064956,0.001952467514980149,0.013463078330122613,0.02343921995051892,3.5530513516521007e-06,1,0,0,0,0,0.002354682454251966
2021-08-16,444.53,447.11,442.87,446.97,73930860,0.002354682454251966,0.002354682454251966,0.009538163903448606,0.6275830967382277,0.010639512045264895,2.245934718922988e-05,0,1,0,0,0,0.006555249793050999
2021-08-17,444.24,444.96,440.85,444.04,92673930,-0.006555249793050999,0.006555249793050999,0.009251755807671432,0.225956868383399,0.06402198555090899,6.064757034359653e-05,0,0,0,1,0,0.01094495991352129
2021-08-18,442.96,444.625,438.92,439.18,89351930,-0.01094495991352129,0.01094495991352129,0.012879266750948132,-0.03650436102482857,0.10016825274675248,0.0001409630583046749,0,0,0,0,1,0.0015483400883464782
2021-08-19,436.27,441.14,436.12,439.86,92812250,0.0015483400883464782,0.0015483400883464782,0.011506635798931813,0.03799579315360546,0.09599662426073481,1.781618548948883e-05,0,0,1,0,0,0.007957077251852906
2021-08-20,440.23,443.71,439.71,443.36,72008710,0.007957077251852906,0.007957077251852906,0.009086159507530155,-0.25379154835619744,0.1197600492206777,7.22992731240752e-05,1,0,0,0,0,0.008796463370624341
2021-08-23,445.16,448.23,443.4355,447.26,54973040,0.008796463370624341,0.008796463370624341,0.0107702848414054,-0.26994419638229417,0.13878286012972463,9.47404160986132e-05,0,1,0,0,0,0.0015874435451415092
2021-08-24,447.97,448.54,447.42,447.97,38744710,0.0015874435451415092,0.0015874435451415092,0.0025001674219255854,-0.34984864526552073,0.12534881656999458,3.968874635708859e-06,0,0,0,1,0,0.002098354800544655
2021-08-25,448.17,449.457,447.77,448.91,40529710,0.002098354800544655,0.002098354800544655,0.00376419662181764,0.04504105393306901,0.05795916688066452,7.898620051585019e-06,0,0,0,0,1,0.005903187721369663
2021-08-26,448.61,448.86,446.16,446.26,57829570,-0.005903187721369663,0.005903187721369663,0.006018590758119499,0.3554649437534181,0.09398312068616246,3.552887106327996e-05,0,0,1,0,0,0.008940976112580046
2021-08-27,447.12,450.65,447.06,450.25,77235110,0.008940976112580046,0.008940976112580046,0.008029164430130558,0.28935390548983975,0.09750719421094882,7.17885673737747e-05,1,0,0,0,0,0.004397556912826284
2021-08-30,450.97,453.07,450.71,452.23,48357360,0.004397556912826284,0.004397556912826284,0.005233164068563349,-0.46823570497232225,0.08560257111066422,2.3013136825664874e-05,0,1,0,0,0,0.0014815470004201359
2021-08-31,452.13,452.49,450.92,451.56,59300210,-0.0014815470004201359,0.0014815470004201359,0.0034724526131864578,0.20399440981097428,0.08971478730988086,5.144601753167459e-06,0,0,0,1,0,0.0005314908317832767
2021-09-01,452.56,453.11,451.545,451.8,48721380,0.0005314908317832767,0.0005314908317832767,0.0034581050026515773,-0.1964948955275858,0.08986740153728937,1.837951104253197e-06,0,0,0,0,1,0.003076582558654284
2021-09-02,453.32,454.05,451.91,453.19,42830870,0.003076582558654284,0.003076582558654284,0.004720727080208212,-0.12885884101508083,0.06319408721381377,1.4523706599135546e-05,0,0,1,0,0,0.00024272380237877478
2021-09-03,451.98,453.63,451.55,453.08,47234360,-0.00024272380237877478,0.00024272380237877478,0.004601973538652117,0.09786248739199621,0.03843561472911109,1.1170085157481473e-06,1,0,0,0,0,0.0035755275006621456
2021-09-07,452.71,452.81,450.7423,451.46,51671530,-0.0035755275006621456,0.0035755275006621456,0.004567383092929253,0.08978535718112113,0.03905721713869505,1.6330803854827874e-05,0,0,0,1,0,0.0012182696141407323
2021-09-08,450.89,451.67,448.86,450.91,56181910,-0.0012182696141407323,0.0012182696141407323,0.006232118698573937,0.08368786455496391,0.03861393921337368,7.5924008421909126e-06,0,0,0,0,1,0.0042802333059812625
2021-09-09,450.7,452.57,448.72,448.98,57970410,-0.0042802333059812625,0.0042802333059812625,0.008542267583758522,0.031337888439065154,0.04650262353517129,3.656289822060731e-05,0,0,1,0,0,0.007884538286783371
2021-09-10,451.04,451.49,445.31,445.44,89948170,-0.007884538286783371,0.007884538286783371,0.013701667257892885,0.4393009014706095,0.04738277408472621,0.00010803132008762258,1,0,0,0,0,0.002559267241379226
2021-09-13,448.64,448.92,444.11,446.58,83738650,0.002559267241379226,0.002559267241379226,0.010721291012838807,-0.07153297559614558,0.061398028016745716,2.7438648874451864e-05,0,1,0,0,0,0.005396569483631097
2021-09-14,448.12,448.34,443.22,444.17,78197140,-0.005396569483631097,0.005396569483631097,0.011425511023832786,-0.06846756429441925,0.06400371672915643,6.16585641261067e-05,0,0,0,1,0,0.008352657766170557
2021-09-15,444.62,448.41,443.44,447.88,78792220,0.008352657766170557,0.008352657766170557,0.01117808465656072,0.007581186936125306,0.10562308041986437,9.336671561753385e-05,0,0,0,0,1,0.0015852460480485497
2021-09-16,447.32,448.36,444.02,447.17,77786740,-0.0015852460480485497,0.0015852460480485497,0.009702226593937298,-0.01284328122077838,0.10256920820551516,1.5380416365310643e-05,0,0,1,0,0,0.01290337008296627
2021-09-17,444.92,445.37,441.02,441.4,118425000,-0.01290337008296627,0.01290337008296627,0.009777038568731508,0.420308864758006,0.12757658298017874,0.0001261567469677775,1,0,0,0,0,0.016674218396012574
2021-09-20,434.88,436.56,428.86,434.04,166445500,-0.016674218396012574,0.016674218396012574,0.01770603384841793,0.34038807726388143,0.15610487520932118,0.00029523427531571154,0,1,0,0,0,0.0009446133996867667
2021-09-21,436.53,437.91,433.07,433.63,92526110,-0.0009446133996867667,0.0009446133996867667,0.01108743958032674,-0.5871770487522099,0.1597027364273741,1.047334399579406e-05,0,0,0,1,0,0.009754860134215892
2021-09-22,436.05,440.03,433.747,437.86,102350100,0.009754860134215892,0.009754860134215892,0.01440889806214874,0.10090841315112797,0.16709031427321433,0.00014055678528443537,0,0,0,0,1,0.012150002283835004
2021-09-23,439.85,444.89,439.6,443.18,76395980,0.012150002283835004,0.012150002283835004,0.012026827327497927,-0.29246920884002137,0.2059632449925538,0.00014612597949638904,0,0,1,0,0,0.0016471862448665942
2021-09-24,441.44,444.67,441.21,443.91,62094840,0.0016471862448665942,0.0016471862448665942,0.007837984777093233,-0.2072671802726802,0.18053969610200932,1.2910620712301731e-05,1,0,0,0,0,0.0028609402806876183
2021-09-27,442.81,444.05,441.9,442.64,61371110,-0.0028609402806876183,0.0028609402806876183,0.004855355570109153,-0.011723690259128006,0.10547458801994966,1.389088232758627e-05,0,1,0,0,0,0.02015181637448027
2021-09-28,439.69,440.04,432.94,433.72,130436300,-0.02015181637448027,0.02015181637448027,0.016147740453501383,0.7539457731083914,0.20386780555724662,0.0003254063004817266,0,0,0,1,0,0.0016831135294659294
2021-09-29,435.19,437.04,433.85,434.45,82329210,0.0016831135294659294,0.0016831135294659294,0.007330131666628364,-0.46015901477287,0.1871748132198957,1.2337443780868841e-05,0,0,0,0,1,0.012222350097824797
2021-09-30,436.02,436.77,428.78,429.14,140506000,-0.012222350097824797,0.012222350097824797,0.018324847484060387,0.5345242217249826,0.1517716851504873,0.00022397270143942997,0,0,1,0,0,0.011884233583445925
2021-10-01,430.98,436.0329,427.23,434.24,129240100,0.011884233583445925,0.011884233583445925,0.020425309759153475,-0.0835782771576632,0.1966511394233357,0.00024273915219201751,1,0,0,0,0,0.012896094325718588
2021-10-04,433.0,433.96,426.36,428.64,128570000,-0.012896094325718588,0.012896094325718588,0.017551963048498768,-0.00519841157376888,0.2046586297292243,0.0002263517710749673,0,1,0,0,0,0.010405001866368169
2021-10-05,430.24,435.49,429.39,433.1,90682520,0.010405001866368169,0.010405001866368169,0.014178133134994475,-0.3491088845624688,0.1891273448780067,0.0001475235017312339,0,0,0,1,0,0.004156084045255026
2021-10-06,429.27,435.1199,427.54,434.9,113032200,0.004156084045255026,0.004156084045255026,0.01765765136161379,0.22030811640785686,0.19150261065410656,7.338668310067877e-05,0,0,0,0,1,0.008645665670269143
2021-10-07,438.39,441.68,438.2,438.66,72437500,0.008645665670269143,0.008645665670269143,0.007938137275029126,-0.44494860781443535,0.160581113497375,6.863048092460315e-05,0,0,1,0,0,0.0018237359230384165
2021-10-08,439.48,439.89,437.19,437.86,74557400,-0.0018237359230384165,0.0018237359230384165,0.006143624283243807,0.02884517703219558,0.14965761815921372,1.1204348303002874e-05,1,0,0,0,0,0.007239756999954383
2021-10-11,437.16,440.26,434.62,434.69,65233290,-0.007239756999954383,0.007239756999954383,0.012901454844908011,-0.13359937515593856,0.11665829410721293,9.340339802301816e-05,0,1,0,0,0,0.002461524304676832
2021-10-12,435.67,436.1,432.78,433.62,71181160,-0.002461524304676832,0.002461524304676832,0.007620446668350013,0.08725825392924591,0.09833670042029397,1.8757914686637146e-05,0,0,0,1,0,0.00359762003597619
2021-10-13,434.71,436.05,431.54,435.18,72973980,0.00359762003597619,0.00359762003597619,0.010374732580340896,0.02487476224601437,0.09701208374254443,3.7324345798929364e-05,0,0,0,0,1,0.016820625947883583
2021-10-14,439.08,442.66,438.58,442.5,70236830,0.016820625947883583,0.016820625947883583,0.009292156326865357,-0.03823012139001847,0.14675500005437575,0.00015629988582346202,0,0,1,0,0,0.007615819209039643
2021-10-15,444.75,446.26,444.09,445.87,66260210,0.007615819209039643,0.007615819209039643,0.0048791455874086925,-0.05828325027480119,0.14745615362850195,3.715869068828813e-05,1,0,0,0,0,0.0029605041828335565
2021-10-18,443.97,447.55,443.27,447.19,62213230,0.0029605041828335565,0.0029605041828335565,0.009640291010653938,-0.06302188712579948,0.11388612031693171,2.8540121860773718e-05,0,1,0,0,0,0.007714841566224706
2021-10-19,448.92,450.71,448.27,450.64,46996830,0.007714841566224706,0.007714841566224706,0.00543526686269268,-0.28048752026093027,0.08784094621332317,4.193222271582524e-05,0,0,0,1,0,0.003927747203976706
2021-10-20,451.13,452.732,451.01,452.41,49571570,0.003927747203976706,0.003927747203976706,0.0038170815507725863,0.053337330181324916,0.08688578593807479,1.4992531388398094e-05,0,0,0,0,1,0.002608253575296704
2021-10-21,451.77,453.829,451.31,453.59,41305440,0.002608253575296704,0.002608253575296704,0.005575846116386669,-0.182423269455267,0.039873639240414566,1.4543220568369771e-05,0,0,1,0,0,0.0010361780462531112
2021-10-22,453.13,454.67,451.05,453.12,58845090,-0.0010361780462531112,0.0010361780462531112,0.007988877364111854,0.3539141801329819,0.04973308762745649,8.277899338901124e-06,1,0,0,0,0,0.005362817796610075
2021-10-25,454.28,455.9,452.39,455.55,45214510,0.005362817796610075,0.005362817796610075,0.007726512283173353,-0.26349033962504365,0.05177978591802064,4.14358775779284e-05,0,1,0,0,0,0.0009000109757435482
2021-10-26,457.2,458.49,455.56,455.96,56075120,0.0009000109757435482,0.0009000109757435482,0.006408573928258983,0.21527416308934733,0.03984603467160124,5.76778687429703e-06,0,0,0,1,0,0.004430213176594422
2021-10-27,456.45,457.16,453.86,453.94,72438000,-0.004430213176594422,0.004430213176594422,0.007229707525468313,0.2560387991549291,0.05873293886122817,3.202914554225357e-05,0,0,0,0,1,0.00964885227122525
2021-10-28,455.46,458.4,455.45,458.32,51437940,0.00964885227122525,0.00964885227122525,0.006476968339700498,-0.3423549854711361,0.08750793573071439,6.249531067517319e-05,0,0,1,0,0,0.0020291499389073486
2021-10-29,455.87,459.56,455.56,459.25,70162420,0.0020291499389073486,0.0020291499389073486,0.008774431307170904,0.31043680239800864,0.08321144779522477,1.7804636750892567e-05,1,0,0,0,0,0.0017201959716930393
2021-11-01,460.3,460.7021,458.2,460.04,48433640,0.0017201959716930393,0.0017201959716930393,0.005435802737345175,-0.3706182200477386,0.07982297567324226,9.350645971699166e-06,0,1,0,0,0,0.0040431266846361336
2021-11-02,460.22,462.23,460.08,461.9,48908420,0.0040431266846361336,0.0040431266846361336,0.0046716787623311325,0.009754955981236435,0.0802772821025709,1.8888189066028908e-05,0,0,0,1,0,0.006105217579562838
2021-11-03,461.3,465.15,460.83,464.72,52509830,0.006105217579562838,0.006105217579562838,0.009364838499891595,0.07105081896641963,0.05199325234472569,5.717437663930505e-05,0,0,0,0,1,0.004712515062833544
2021-11-04,465.36,467.0,464.99,466.91,52847090,0.004712515062833544,0.004712515062833544,0.004319236719958722,0.006402259018024381,0.029310860392044096,2.035446810274923e-05,0,0,1,0,0,0.0034696194127346036
2021-11-05,469.28,470.65,466.92,468.53,66390560,0.0034696194127346036,0.0034696194127346036,0.007948346403000258,0.22815222453511907,0.025621198831649015,2.7577736978988955e-05,1,0,0,0,0,0.0008537340191663301
2021-11-08,469.7,470.23,468.2031,468.93,50405190,0.0008537340191663301,0.0008537340191663301,0.004315307643176521,-0.27546072695780666,0.030729240420183518,3.6841249381482744e-06,0,1,0,0,0,0.003305397394067322
2021-11-09,469.32,469.57,465.88,467.38,51149150,-0.003305397394067322,0.003305397394067322,0.007862439273843003,0.01465172821407279,0.058948498474856406,2.598848628677323e-05,0,0,0,1,0,0.008044845735803774
2021-11-10,465.58,467.38,462.04,463.62,69429650,-0.008044845735803774,0.008044845735803774,0.011469564843850628,0.3055681300875932,0.08307573295610972,9.227087982557661e-05,0,0,0,0,1,0.000323540830852842
2021-11-11,465.21,465.29,463.75,463.77,34848500,0.000323540830852842,0.000323540830852842,0.003310332967907011,-0.6893039007380395,0.07078411593018769,1.0710278788361887e-06,0,0,1,0,0,0.007546844340944769
2021-11-12,465.12,467.86,464.11,467.27,53466650,0.007546844340944769,0.007546844340944769,0.008062435500515996,0.4280479903778378,0.09121085589292481,6.0845945731301354e-05,1,0,0,0,0,0.0003424144498898052
2021-11-15,468.64,468.81,466.23,467.43,46980500,0.0003424144498898052,0.0003424144498898052,0.005505291908501161,-0.12932547046051113,0.09079513219535164,1.8850915003322208e-06,0,1,0,0,0,0.00395781186487798
2021-11-16,467.15,470.485,467.07,469.28,48857500,0.00395781186487798,0.00395781186487798,0.007310285775446903,0.039175275103488616,0.09193389765714848,2.8932735777712476e-05,0,0,0,1,0,0.002429253324241376
2021-11-17,469.0,469.19,467.48,468.14,47858290,-0.002429253324241376,0.002429253324241376,0.0036460554371001695,-0.020663544863033678,0.0613604253047169,8.85719229094393e-06,0,0,0,0,1,0.003396419874396539
2021-11-18,469.24,470.01,466.34,469.73,50625610,0.003396419874396539,0.003396419874396539,0.007821157616571511,0.056213220962924026,0.06009942057494318,2.6563935169711346e-05,0,0,1,0,0,0.0017882613416217996
2021-11-19,469.61,470.94,468.5,468.89,57315570,-0.0017882613416217996,0.0017882613416217996,0.005195800770852404,0.12411473751567925,0.04627866222699817,9.2914496572841e-06,1,0,0,0,0,0.0028151592057839014
2021-11-22,470.89,473.54,467.35,467.57,72761950,-0.0028151592057839014,0.0028151592057839014,0.01314532056318885,0.23862083546869428,0.052771419109852225,3.700617019644151e-05,0,1,0,0,0,0.0013260046624035127
2021-11-23,467.22,469.095,464.45,468.19,73206540,0.0013260046624035127,0.0013260046624035127,0.009941783314070541,0.006091607424533407,0.04292783467944824,1.3182851027062984e-05,0,0,0,1,0,0.002669856254939207
2021-11-24,466.06,469.57,465.19,469.44,61858810,0.002669856254939207,0.002669856254939207,0.009397931596790103,-0.16843022864758694,0.04346655090470191,2.5091126457180865e-05,0,0,0,0,1,0.02230316973415125
2021-11-26,462.34,463.9,457.77,458.97,112669600,-0.02230316973415125,0.02230316973415125,0.013258640827096933,0.5996051046034658,0.1611986703055753,0.00029570971681089044,1,0,0,0,0,0.012266596945334163
2021-11-29,464.07,466.56,461.73,464.6,86268820,0.012266596945334163,0.012266596945334163,0.0104079125993923,-0.2669914042555561,0.20220955230627233,0.00012766966889901052,0,1,0,0,0,0.019457597933706494
2021-11-30,462.0,464.03,455.3,455.56,148559600,-0.019457597933706494,0.019457597933706494,0.018896103896103814,0.5435179846584184,0.23882464524584748,0.0003676727921239328,0,0,0,1,0,0.011107208710158911
2021-12-01,461.64,464.67,450.29,450.5,132485800,-0.011107208710158911,0.011107208710158911,0.031149813707650974,-0.11451075383748233,0.23401267620608238,0.00034598748213344837,0,0,0,0,1,0.01531631520532728
2021-12-02,450.73,459.07,450.31,457.4,127637800,0.01531631520532728,0.01531631520532728,0.01943513855301398,-0.03727890429984981,0.2813632364451249,0.0002976747081371704,0,0,1,0,0,0.008701355487538143
2021-12-03,459.17,460.3,448.92,453.42,137331600,-0.008701355487538143,0.008701355487538143,0.024783849119062645,0.07320187340419793,0.2427607572739542,0.0002156530815344731,1,0,0,0,0,0.011843324070398342
2021-12-06,456.13,460.79,453.56,458.79,98977530,0.011843324070398342,0.011843324070398342,0.015850744305351584,-0.3275055817447843,0.2411700416400656,0.00018772550156529987,0,1,0,0,0,0.020684844918154255
2021-12-07,464.41,468.88,458.6546,468.28,95484690,0.020684844918154255,0.020684844918154255,0.022018044400421995,-0.035926933807644446,0.2306721887346426,0.00045543983382376364,0,0,0,1,0,0.002647988383018829
2021-12-08,468.7,470.0,466.83,469.52,72238780,0.002647988383018829,0.002647988383018829,0.006763388094730139,-0.2789888963132654,0.18378515356454597,1.790937310469326e-05,0,0,0,0,1,0.006751576077696275
2021-12-09,468.15,469.6291,466.14,466.35,61272570,-0.006751576077696275,0.006751576077696275,0.007452953113318397,-0.16464474699291287,0.19741838474170154,5.0319179948072465e-05,0,0,1,0,0,0.009413530610056897
2021-12-10,469.23,470.9,466.51,470.74,77159760,0.009413530610056897,0.009413530610056897,0.009355753042218072,0.23054580290732574,0.16324381967030097,8.807066764305276e-05,1,0,0,0,0,0.008858393168203249
2021-12-13,470.19,470.56,466.27,466.57,87724680,-0.008858393168203249,0.008858393168203249,0.009123971160594697,0.12832519452612345,0.19260117767372717,8.082372379589553e-05,0,1,0,0,0,0.006879996570718139
2021-12-14,463.09,465.74,460.25,463.36,97264130,-0.006879996570718139,0.006879996570718139,0.011855146947677577,0.10322699275624103,0.12430488816800685,8.156337034538135e-05,0,0,0,1,0,0.015625
2021-12-15,463.42,470.86,460.74,470.6,116899300,0.015625,0.015625,0.021837641879936136,0.1838826111352425,0.1779866870346285,0.0003412131543740021,0,0,0,0,1,0.008818529536761655
2021-12-16,472.57,472.87,464.8,466.45,116568600,-0.008818529536761655,0.008818529536761655,0.017076835177857234,-0.0028329395033530602,0.18380883158371408,0.0001505925754103445,0,0,1,0,0,0.01410654946939649
2021-12-17,461.55,464.74,458.06,459.87,135636500,-0.01410654946939649,0.01410654946939649,0.014472971509045621,0.1514985712122474,0.18453954942564413,0.00020416368856151801,1,0,0,0,0,0.010633439885184948
2021-12-20,454.48,455.4,451.14,454.98,107134800,-0.010633439885184948,0.010633439885184948,0.00937334976236576,-0.23589065671799148,0.18752156971157766,9.967095122092893e-05,0,1,0,0,0,0.0177590223746098
2021-12-21,458.61,463.21,456.31,463.06,69806260,0.0177590223746098,0.0177590223746098,0.015045463465689753,-0.42836415909541614,0.24455871547756902,0.00026719272232355863,0,0,0,1,0,0.009998704271584558
2021-12-22,462.79,467.81,462.58,467.69,58890220,0.009998704271584558,0.009998704271584558,0.011301022061842343,-0.1700486551771796,0.22428302941680636,0.00011299557756301435,0,0,0,0,1,0.006222070174688454
2021-12-23,468.75,472.19,468.64,470.6,56439750,0.006222070174688454,0.006222070174688454,0.007573333333333357,-0.04250133449864535,0.2172345480897171,4.712181145630738e-05,0,0,1,0,0,0.014152146196344972
2021-12-27,472.06,477.31,472.01,477.26,56808620,0.014152146196344972,0.014152146196344972,0.011227386349192923,0.006514377168805652,0.17501543383088788,0.0001588916130166261,0,1,0,0,0,0.0008171646482001416
2021-12-28,477.72,478.81,476.06,476.87,47274590,-0.0008171646482001416,0.0008171646482001416,0.00575651008959223,-0.18371512937902423,0.11427563865266453,4.7040165422222e-06,0,0,0,1,0,0.0012791746178204555
2021-12-29,476.98,478.56,475.92,477.48,54502960,0.0012791746178204555,0.0012791746178204555,0.005534823263029867,0.14228206746863492,0.09757237008635912,7.080005432189997e-06,0,0,0,0,1,0.002764513696908777
2021-12-30,477.93,479.0,475.67,476.16,55329040,-0.002764513696908777,0.002764513696908777,0.0069675475488041845,0.015042893921801692,0.10755685541915935,1.9261880632532344e-05,0,0,1,0,0,0.002520161290322731
2021-12-31,475.64,476.86,474.67,474.96,65237430,-0.002520161290322731,0.002520161290322731,0.004604322596922037,0.16473547490469542,0.11201745912112183,1.160363557692115e-05,1,0,0,0,0,0.005789961259895504
2022-01-03,476.3,477.85,473.85,477.71,72668230,0.005789961259895504,0.005789961259895504,0.008398068444257821,0.10787090211711359,0.0559192432056621,4.862449095020369e-05,0,1,0,0,0,0.0003349312344308464
2022-01-04,479.22,479.98,475.58,477.55,71178680,-0.0003349312344308464,0.0003349312344308464,0.00918158674512757,-0.02071095198793671,0.05547319443218473,3.0752001825794737e-06,0,0,0,1,0,0.019202177782431162
2022-01-05,477.16,477.98,468.2801,468.38,104538900,-0.019202177782431162,0.019202177782431162,0.020328401374800933,0.384365911082849,0.14719511809812308,0.00039034957723154556,0,0,0,0,1,0.0009394081728510972
2022-01-06,467.89,470.82,465.43,467.94,86858900,-0.0009394081728510972,0.0009394081728510972,0.01151980166278396,-0.1852742860248071,0.1485727874160348,1.082179583164291e-05,0,0,1,0,0,0.003953498311749404
2022-01-07,467.95,469.2,464.65,466.09,85111590,-0.003953498311749404,0.003953498311749404,0.009723261032161581,-0.020321743712628404,0.1483612205678909,3.844089607534957e-05,1,0,0,0,0,0.001244394859361897
2022-01-10,462.7,465.74,456.5973,465.51,119362000,-0.001244394859361897,0.001244394859361897,0.01975945537065051,0.3381976699554379,0.12676316287587736,2.458856468702832e-05,0,1,0,0,0,0.009108289832656657
2022-01-11,465.23,469.85,462.05,469.75,74303060,0.009108289832656657,0.009108289832656657,0.016765900737269763,-0.47400875200344217,0.16209408392626615,0.00015270868322060494,0,0,0,1,0,0.002703565726450252
2022-01-12,471.59,473.2,468.94,471.02,67605440,0.002703565726450252,0.002703565726450252,0.009033270425581524,-0.09446368074607392,0.08011959163265028,2.4422040320358893e-05,0,0,0,0,1,0.013778608127043457
2022-01-13,472.19,472.88,463.44,464.53,91173120,-0.013778608127043457,0.013778608127043457,0.01999195239204557,0.299071659787284,0.13447322012979684,0.00027546127770450496,0,0,1,0,0,0.0004090155641187643
2022-01-14,461.19,465.09,459.9,464.72,95890950,0.0004090155641187643,0.0004090155641187643,0.011253496389774275,0.0504514909674576,0.13287865760464088,4.6028551741720026e-06,1,0,0,0,0,0.017709588569461254
2022-01-18,459.74,459.96,455.31,456.49,109872400,-0.017709588569461254,0.017709588569461254,0.010114412494018309,0.13610808284278875,0.18093998939081826,0.00017912208389088272,0,0,0,1,0,0.010383579048829139
2022-01-19,458.13,459.6124,451.46,451.75,109357600,-0.010383579048829139,0.010383579048829139,0.017794949031934168,-0.004696446120799891,0.14161266980789824,0.000184775259942974,0,0,0,0,1,0.011068068622025473
2022-01-20,453.75,458.74,444.5,446.75,122379700,-0.011068068622025473,0.011068068622025473,0.031382920110192856,0.11250525936940292,0.1071000367305791,0.00034734831333915777,0,0,1,0,0,0.019630665920537194
2022-01-21,445.56,448.06,437.95,437.98,202271200,-0.019630665920537194,0.019630665920537194,0.02269054672771347,0.5024808613337903,0.1249376295372422,0.00044543054236608154,1,0,0,0,0,0.004246769258870131
2022-01-24,432.03,440.38,420.76,439.84,252496700,0.004246769258870131,0.004246769258870131,0.045413512950489565,0.22178880712800364,0.14898252551321953,0.00019286071073543968,0,1,0,0,0,0.012208985085485513
2022-01-25,433.06,439.72,427.15,434.47,167997300,-0.012208985085485513,0.012208985085485513,0.029026001016025607,-0.407450269485512,0.1378674034423775,0.000354378013495944,0,0,0,1,0,0.0025088038299537763
2022-01-26,440.72,444.04,428.86,433.38,186391100,-0.0025088038299537763,0.0025088038299537763,0.034443637683790176,0.10389924589750876,0.1468421834187017,8.641233013863301e-05,0,0,0,0,1,0.004937929761410276
2022-01-27,438.26,441.59,429.45,431.24,149878300,-0.004937929761410276,0.004937929761410276,0.027700451786610656,-0.21802352156954186,0.14583388808878892,0.0001367828852816152,0,0,1,0,0,0.02483535850106655
2022-01-28,432.68,442.0,427.82,441.95,164457400,0.02483535850106655,0.02483535850106655,0.032772487750762705,0.09282793805706646,0.22404932057962812,0.0008139164822620039,1,0,0,0,0,0.018011087227062017
2022-01-31,441.24,450.28,439.81,449.91,152251400,0.018011087227062017,0.018011087227062017,0.02372858308403583,-0.07711846766493835,0.2526702205573198,0.0004273775797011576,0,1,0,0,0,0.006756906936942864
2022-02-01,450.68,453.63,446.9384,452.95,123155400,0.006756906936942864,0.006756906936942864,0.014847785568474292,-0.2120861278284032,0.20423453992718543,0.00010032510530586408,0,0,0,1,0,0.009714096478640188
2022-02-02,455.5,458.12,453.05,457.35,117361000,0.009714096478640188,0.009714096478640188,0.011130625686059261,-0.04819231757983644,0.17997983311645557,0.0001081239717820103,0,0,0,0,1,0.023504974308516502
2022-02-03,450.95,452.97,445.71,446.6,118024400,-0.023504974308516502,0.023504974308516502,0.01609934582547965,0.005636728113667999,0.29455564313402277,0.00037841471001182157,0,0,1,0,0,0.004702194357366629
2022-02-04,446.35,452.78,443.83,448.7,118454400,0.004702194357366629,0.004702194357366629,0.02005152906911614,0.0036366936087155466,0.24972031571027198,9.428618684537084e-05,1,0,0,0,0,0.003209271227991972
2022-02-07,449.51,450.99,445.85,447.26,84472860,-0.003209271227991972,0.003209271227991972,0.011434673310938547,-0.3380977736534021,0.21279727325037048,3.669696805828278e-05,0,1,0,0,0,0.008227876402987055
2022-02-08,446.73,451.92,445.22,450.94,81012040,0.008227876402987055,0.008227876402987055,0.014997873435856084,-0.041832513233384105,0.216447384330144,0.00012340064893786668,0,0,0,1,0,0.014636093493591185
2022-02-09,455.22,457.88,455.005,457.54,92589930,0.014636093493591185,0.014636093493591185,0.006315627608628795,0.13358260129334454,0.23366578640680305,9.243611615059676e-05,0,0,0,0,1,0.017965642348210076
2022-02-10,451.34,457.71,447.2,449.32,140103700,-0.017965642348210076,0.017965642348210076,0.023286214383834783,0.41420247060034043,0.19905232788436664,0.00041835179926372077,0,0,1,0,0,0.019718686014421838
2022-02-11,449.41,451.605,438.94,440.46,153214600,-0.019718686014421838,0.019718686014421838,0.02818139338243479,0.08945668971444576,0.24319491902540072,0.0005557000475571371,1,0,0,0,0,0.003269309358398087
2022-02-14,439.92,441.6,435.34,439.02,123006300,-0.003269309358398087,0.003269309358398087,0.014229859974540933,-0.21960397785099772,0.24318912330764952,4.6521814383461035e-05,0,1,0,0,0,0.01612682793494602
2022-02-15,443.73,446.28,443.18,446.1,88659500,0.01612682793494602,0.01612682793494602,0.006986230365312162,-0.3274323806442574,0.2721678400590384,0.0001126657350152843,0,0,0,1,0,0.00112082492714638
2022-02-16,443.93,448.055,441.94,446.6,84863590,0.00112082492714638,0.00112082492714638,0.013774694208546413,-0.043758045422482184,0.23427882343238138,1.5439020632757695e-05,0,0,0,0,1,0.021361397223466194
2022-02-17,443.22,446.5652,436.42,437.06,102259100,-0.021361397223466194,0.021361397223466194,0.022889761292360426,0.1864646426610932,0.24723676094034647,0.000488957283316432,0,0,1,0,0,0.006475083512561208
2022-02-18,437.33,438.66,431.82,434.23,132642900,-0.006475083512561208,0.006475083512561208,0.015640363112523797,0.26015076408125637,0.21472371502279053,0.00010127265732037333,1,0,0,0,0,0.010731639914331126
2022-02-22,431.89,435.5,425.86,429.57,124391800,-0.010731639914331126,0.010731639914331126,0.022320498275023703,-0.0642242926053136,0.22221794357044114,0.00023953555019600342,0,0,0,1,0,0.017738668901459587
2022-02-23,432.66,433.26,421.35,421.95,132578000,-0.017738668901459587,0.017738668901459587,0.027527388711690397,0.06373488923773607,0.1420352857363986,0.0004882992340784521,0,0,0,0,1,0.015049176442706536
2022-02-24,411.02,428.76,410.64,428.3,213942900,0.015049176442706536,0.015049176442706536,0.04408544596370008,0.47853800265201585,0.22646976669094904,0.0006634496548631271,0,0,1,0,0,0.022063973850104945
2022-02-25,429.61,437.84,427.86,437.75,121804500,0.022063973850104945,0.022063973850104945,0.02323037173250148,-0.5632918530466462,0.27312827696472697,0.0005125543144341298,1,0,0,0,0,0.002558537978298081
2022-02-28,432.03,438.2,430.7,436.63,145615000,-0.002558537978298081,0.002558537978298081,0.017359905562113743,0.17854885068562965,0.26825892692537295,4.441597768033611e-05,0,1,0,0,0,0.015230286512607827
2022-03-01,435.04,437.17,427.11,429.98,137785900,-0.015230286512607827,0.015230286512607827,0.023124310408238327,-0.055265120905808374,0.28241034037609664,0.000352189872923949,0,0,0,1,0,0.018396204474626643
2022-03-02,432.37,439.72,431.57,437.89,117726500,0.018396204474626643,0.018396204474626643,0.018849596410481843,-0.15733689229439918,0.25170696158352135,0.00034676102983141236,0,0,0,0,1,0.004978419237708143
2022-03-03,440.47,441.11,433.8,435.71,105501700,-0.004978419237708143,0.004978419237708143,0.016595908915476656,-0.10963707009253199,0.25423058993313946,8.262139221206107e-05,0,0,1,0,0,0.008124670078721974
2022-03-04,431.75,433.37,427.88,432.17,114083300,-0.008124670078721974,0.008124670078721974,0.012715691951360762,0.07820181607296206,0.20024772317685915,0.00010331080192746661,1,0,0,0,0,0.029479140153180428
2022-03-07,431.55,432.3018,419.36,419.43,137896600,-0.029479140153180428,0.029479140153180428,0.029989109025605375,0.1895752441177585,0.27717584780248095,0.000884053148034829,0,1,0,0,0,0.00758171804591945
2022-03-08,419.62,427.21,415.12,416.25,164772700,-0.00758171804591945,0.00758171804591945,0.028811782088556254,0.1780628182825552,0.2696190078490741,0.00021844280819590574,0,0,0,1,0,0.026810810810810937
2022-03-09,425.14,429.51,422.82,427.41,116990800,0.026810810810810937,0.026810810810810937,0.015735992849414307,-0.342471646707061,0.32016198976594945,0.0004218947272059207,0,0,0,0,1,0.00451557052946816
2022-03-10,422.52,426.43,420.44,425.48,93972660,-0.00451557052946816,0.00451557052946816,0.014176843699706544,-0.2190914082329165,0.32015081872843737,6.401653761127123e-05,0,0,1,0,0,0.01271505123625083
2022-03-11,428.12,428.77,419.53,420.07,95636280,-0.01271505123625083,0.01271505123625083,0.021582733812949662,0.017548356888276828,0.32497672766084734,0.0002744255662500182,1,0,0,0,0,0.007308305758564004
2022-03-14,420.89,424.55,415.79,417.0,95729190,-0.007308305758564004,0.007308305758564004,0.020813039036327762,0.0009710216407299299,0.2517670665995819,0.0001521080530424116,0,1,0,0,0,0.021990407673860846
2022-03-15,419.77,426.84,418.42,426.17,106219100,0.021990407673860846,0.021990407673860846,0.020058603520975677,0.10398067332105398,0.2883900583852889,0.0004410968687945957,0,0,0,1,0,0.022174249712556104
2022-03-16,429.89,435.68,424.8,435.62,144954800,0.022174249712556104,0.022174249712556104,0.025308799925562342,0.31091802519302547,0.26725286361540385,0.0005612036494745407,0,0,0,0,1,0.012510903998898204
2022-03-17,433.59,441.07,433.19,441.07,102676900,0.012510903998898204,0.012510903998898204,0.01817385087294448,-0.34483480218310447,0.26062794166825237,0.0002273713035617007,0,0,1,0,0,0.007821887682227358
2022-03-18,438.0,444.86,437.22,444.52,106345500,0.007821887682227358,0.007821887682227358,0.017442922374429192,0.035106062635094304,0.19316604098365966,0.00013643657966259568,1,0,0,0,0,0.00029245028345181723
2022-03-21,444.34,446.46,440.68,444.39,88349760,-0.00029245028345181723,0.00029245028345181723,0.013008056893369882,-0.1853897434251941,0.1523889047365623,3.804209925623387e-06,0,1,0,0,0,0.01170143342559471
2022-03-22,445.86,450.58,445.86,449.59,74650390,0.01170143342559471,0.01170143342559471,0.01058628268963345,-0.16848773186430321,0.12921486837513574,0.00012387468211727152,0,0,0,1,0,0.01287840032029175
2022-03-23,446.91,448.49,443.71,443.8,79426100,-0.01287840032029175,0.01287840032029175,0.010695665794007807,0.062011280445819494,0.16826258212729273,0.00013774306578728365,0,0,0,0,1,0.015074357818837258
2022-03-24,445.94,450.5,444.76,450.49,64736890,0.015074357818837258,0.015074357818837258,0.012871686774005492,-0.2044958177093008,0.17738628957346633,0.0001940324121633538,0,0,1,0,0,0.004883571222446648
2022-03-25,451.16,452.98,448.43,452.69,77101320,0.004883571222446648,0.004883571222446648,0.010085113928539788,0.17478918953095146,0.17490487518440492,4.925137215651277e-05,1,0,0,0,0,0.007113035410545976
2022-03-28,452.06,455.91,450.06,455.91,68529770,0.007113035410545976,0.007113035410545976,0.012940760076096144,-0.11785215002531046,0.17214103650487972,9.20480846606515e-05,0,1,0,0,0,0.012370862670263882
2022-03-29,460.02,462.07,457.18,461.55,86581540,0.012370862670263882,0.012370862670263882,0.010629972609886497,0.23381837643330883,0.17379670352902843,0.0001315019313455724,0,0,0,1,0,0.006174845628859282
2022-03-30,460.34,461.195,456.465,458.7,79666940,-0.006174845628859282,0.006174845628859282,0.010275014119998302,-0.08323193365112402,0.13078642641135863,6.344662602533892e-05,0,0,0,0,1,0.015391323304992377
2022-03-31,457.89,458.76,451.16,451.64,121699900,-0.015391323304992377,0.015391323304992377,0.01659787285155816,0.42370347974527434,0.1776482405168502,0.0002554632272334874,0,0,1,0,0,0.0028341156673457046
2022-04-01,453.31,453.46,449.14,452.92,89048770,0.0028341156673457046,0.0028341156673457046,0.009529902274381755,-0.3123739781122161,0.1750833406675124,2.7008845344098794e-05,1,0,0,0,0,0.008566634284200347
2022-04-04,453.13,456.91,452.26,456.8,59601000,0.008566634284200347,0.008566634284200347,0.010261955730143742,-0.401511839172894,0.1789857683750279,8.791042178079558e-05,0,1,0,0,0,0.012631348511383589
2022-04-05,455.22,457.83,449.82,451.03,74214500,-0.012631348511383589,0.012631348511383589,0.01759588770264925,0.2192871931137006,0.16111910524829354,0.00022225978993933138,0,0,0,1,0,0.009999334855774533
2022-04-06,446.89,448.93,443.47,446.52,106898000,-0.009999334855774533,0.009999334855774533,0.0122177717111593,0.36491555579081236,0.16575595047754313,0.00012216959053129125,0,0,0,0,1,0.0050389680193496655
2022-04-07,445.59,450.69,443.53,448.77,78097210,0.0050389680193496655,0.0050389680193496655,0.016068583226733154,-0.313920772556191,0.15032301616558372,8.096907699576682e-05,0,0,1,0,0,0.0026739755331238735
2022-04-08,447.97,450.63,445.94,447.57,79272710,-0.0026739755331238735,0.0026739755331238735,0.010469451079313342,0.014939600254756158,0.1459446354123974,2.7995056031321207e-05,1,0,0,0,0,0.01709229841142168
2022-04-11,444.11,445.0,439.39,439.92,89770540,-0.01709229841142168,0.01709229841142168,0.012632005584202143,0.12436292442727748,0.13864131175623146,0.00021591000897992809,0,1,0,0,0,0.0037052191307510585
2022-04-12,443.08,445.75,436.6501,438.29,84363640,-0.0037052191307510585,0.0037052191307510585,0.02053782612620744,-0.062120355317908604,0.13203765026083852,7.60971462668627e-05,0,0,0,1,0,0.011453603778320165
2022-04-13,438.03,444.11,437.84,443.31,74070390,0.011453603778320165,0.011453603778320165,0.014314088076159257,-0.13012064414312619,0.1702093405457591,0.00016394789327230528,0,0,0,0,1,0.012451783176558151
2022-04-14,443.55,444.7301,437.68,437.79,97869450,-0.012451783176558151,0.012451783176558151,0.015894713110134115,0.27861858713842835,0.17380672886254672,0.00019791752130098625,0,0,1,0,0,0.0004111560337147768
2022-04-18,436.81,439.75,435.61,437.97,66002500,0.0004111560337147768,0.0004111560337147768,0.009477804995306852,-0.3939418226921667,0.17762726452040145,3.896856710192464e-06,0,1,0,0,0,0.016142658172934254
2022-04-19,437.86,445.8,437.68,445.04,77821010,0.016142658172934254,0.016142658172934254,0.01854474032795872,0.1647188237430477,0.18318187906671554,0.0002993614040200663,0,0,0,1,0,0.0007415063814489864
2022-04-20,446.92,447.57,443.48,444.71,65224450,-0.0007415063814489864,0.0007415063814489864,0.009151526000178947,-0.17657704502155624,0.17812806381967838,6.785914929129007e-06,0,0,0,0,1,0.01495356524476621
2022-04-21,448.54,450.01,437.1,438.06,85417330,-0.01495356524476621,0.01495356524476621,0.028782271369331536,0.26971460534588587,0.19653009285919887,0.0004303975728138656,0,0,1,0,0,0.027439163584896953
2022-04-22,436.91,438.0825,425.44,426.04,132471800,-0.027439163584896953,0.027439163584896953,0.028936165342976775,0.4388207808195759,0.2628318721511082,0.0007939841743655656,1,0,0,0,0,0.005797577692235434
2022-04-25,423.67,428.69,418.84,428.51,119647700,0.005797577692235434,0.005797577692235434,0.02324922699270664,-0.10181820034029343,0.27281842136151135,0.00013478919977463391,0,1,0,0,0,0.028960817717206044
2022-04-26,425.83,426.04,416.07,416.1,103996300,-0.028960817717206044,0.028960817717206044,0.02341309912406366,-0.14019626859337464,0.2472472397019873,0.0006780624959268841,0,0,0,1,0,0.0028118240807497585
2022-04-27,417.24,422.92,415.01,417.27,122030000,0.0028118240807497585,0.0028118240807497585,0.018957913910459267,0.15991159313730563,0.2595613708331302,5.330631885421019e-05,0,0,0,0,1,0.02525942435353623
2022-04-28,422.29,429.64,417.6,427.81,105449100,0.02525942435353623,0.02525942435353623,0.028511212673754914,-0.1460385428174824,0.3697144297981748,0.0007201768197602957,0,0,1,0,0,0.03695565788550992
2022-04-29,423.59,425.87,411.21,412.0,145491100,-0.03695565788550992,0.03695565788550992,0.03460893788805219,0.32188654170810693,0.41079380425631584,0.0012789960683717188,1,0,0,0,0,0.006019417475728206
2022-05-02,412.07,415.92,405.02,414.48,158312500,0.006019417475728206,0.006019417475728206,0.02645181643895463,0.08445601084943632,0.41121191705755344,0.00015922452613739813,0,1,0,0,0,0.004584057131827857
2022-05-03,415.01,418.93,413.36,416.38,100028200,0.004584057131827857,0.004584057131827857,0.013421363340642378,-0.4591187778477668,0.36097680190677706,6.152429634052463e-05,0,0,0,1,0,0.030452951630721925
2022-05-04,417.08,429.66,413.7099,429.06,144247900,0.030452951630721925,0.030452951630721925,0.038242303634794333,0.36608119792507665,0.4211971100735757,0.001164591022837773,0,0,0,0,1,0.035542814524775035
2022-05-05,424.55,425.0,409.44,413.81,172929100,-0.035542814524775035,0.035542814524775035,0.03665057119302791,0.18134833553320817,0.46389980456965224,0.001302664454140854,0,0,1,0,0,0.005968922935646881
2022-05-06,411.1,414.8,405.73,411.34,151770800,-0.005968922935646881,0.005968922935646881,0.022062758452931142,-0.1305101950081351,0.3792900879469195,0.00013169090495333778,1,0,0,0,0,0.032017309281859196
2022-05-09,405.1,406.41,396.5,398.17,155586100,-0.032017309281859196,0.032017309281859196,0.024463095531967474,0.024827787880859375,0.4330058468285105,0.0007832424956386705,0,1,0,0,0,0.002310570861692174
2022-05-10,404.49,406.08,394.82,399.09,132497200,0.002310570861692174,0.002310570861692174,0.02783752379539665,-0.16063776188690682,0.4292273779647029,6.432057134330603e-05,0,0,0,1,0,0.015886140970708285
2022-05-11,398.07,404.04,391.96,392.75,142361000,-0.015886140970708285,0.015886140970708285,0.030346421483658757,0.07180457141193486,0.2589410528407796,0.00048208752964593347,0,0,0,0,1,0.0010439210693826695
2022-05-12,389.37,395.8,385.15,392.34,125090800,-0.0010439210693826695,0.0010439210693826695,0.027351876107558452,-0.12932621049107595,0.21968588160734084,2.8553199755824707e-05,0,0,1,0,0,0.023907835041035996
2022-05-13,396.71,403.18,395.61,401.72,104174400,0.023907835041035996,0.023907835041035996,0.019081949030778134,-0.1829734542437258,0.33224490551789604,0.00045620808968930036,1,0,0,0,0,0.004057552524146302
2022-05-16,399.98,403.97,397.6,400.09,78622440,-0.004057552524146302,0.004057552524146302,0.0159257962898145,-0.28140925976088127,0.23023154778587457,6.461975493477664e-05,0,1,0,0,0,0.02057037166637521
2022-05-17,406.53,408.57,402.5824,408.32,83029710,0.02057037166637521,0.02057037166637521,0.014728556318106873,0.05454134000714461,0.2696665129046327,0.0003029718775725972,0,0,0,1,0,0.04031152037617547
2022-05-18,403.5,403.8,390.55,391.86,117674500,-0.04031152037617547,0.04031152037617547,0.03283767038413878,0.3487238391870875,0.40760114983600565,0.0013237364187963442,0,0,0,0,1,0.006124636349716828
2022-05-19,388.62,394.14,387.11,389.46,98510720,-0.006124636349716828,0.006124636349716828,0.018089650558386013,-0.17775696189062629,0.4098637684752967,0.00011079253136356629,0,0,1,0,0,0.00043650182303700547
2022-05-20,393.25,397.03,380.54,389.63,131432200,0.00043650182303700547,0.00043650182303700547,0.04193261284170363,0.28832575201609245,0.34855568443990365,1.8303661950108582e-05,1,0,0,0,0,0.018710058260400952
2022-05-23,392.83,397.73,390.38,396.92,76414880,0.018710058260400952,0.018710058260400952,0.018710383626505164,-0.5423136822180865,0.39101729749666353,0.0003500723677263637,0,1,0,0,0,0.007633780106822585
2022-05-24,392.56,395.15,386.96,393.89,91448830,-0.007633780106822585,0.007633780106822585,0.020863052781740363,0.17960213712096262,0.3392777136694589,0.0001592639572928392,0,0,0,1,0,0.008834953921145638
2022-05-25,392.31,399.45,391.89,397.37,91472870,0.008834953921145638,0.008834953921145638,0.01927047487955954,0.00026284470213866484,0.17455457789865653,0.00017025375759950308,0,0,0,0,1,0.019981377557440227
2022-05-26,398.67,407.04,398.45,405.31,82168340,0.019981377557440227,0.019981377557440227,0.021546642586600526,-0.10727235462684703,0.18792290191195224,0.0004305316006180856,0,0,1,0,0,0.024549110557351206
2022-05-27,407.91,415.3801,407.7,415.26,84768710,0.024549110557351206,0.024549110557351206,0.018827927729156035,0.03115641876460984,0.203566116982037,0.00046220887938886997,1,0,0,0,0,0.0056109425420218795
2022-05-31,413.55,416.46,410.03,412.93,95936980,-0.0056109425420218795,0.0056109425420218795,0.015548301293676717,0.12376502734132089,0.23110818454967536,8.724062518486452e-05,0,0,0,1,0,0.008088538008863555
2022-06-01,415.17,416.24,406.93,409.59,86585810,-0.008088538008863555,0.008088538008863555,0.022424548979935933,-0.10255557111619851,0.23306352583052378,0.00018138181675583426,0,0,0,0,1,0.01904343367757999
2022-06-02,409.42,417.44,407.04,417.39,79609630,0.01904343367757999,0.01904343367757999,0.02540178789507102,-0.08400087888504615,0.24643630570378872,0.0004837372630717392,0,0,1,0,0,0.016411509619300824
2022-06-03,412.4,414.04,409.51,410.54,71874280,-0.016411509619300824,0.016411509619300824,0.01098448108632403,-0.10221658240443432,0.2856535435144793,0.0001802719170112348,1,0,0,0,0,0.0030447703025284767
2022-06-06,414.78,416.609,410.5523,411.79,57508860,0.0030447703025284767,0.0030447703025284767,0.014602198755966966,-0.22297945531094143,0.21376054097474556,4.446034112378648e-05,0,1,0,0,0,0.00959226790354295
2022-06-07,408.1,416.22,407.61,415.74,59272370,0.00959226790354295,0.00959226790354295,0.02109777015437396,0.03020423809574524,0.22286375777996567,0.00020237546348812773,0,0,0,1,0,0.01087217972771437
2022-06-08,413.93,415.82,410.38,411.22,64349970,-0.01087217972771437,0.01087217972771437,0.01314231874954702,0.08219320500755956,0.2310831936520998,0.00014288565148398559,0,0,0,0,1,0.023782889937259966
2022-06-09,409.34,411.74,401.44,401.44,86289800,-0.023782889937259966,0.023782889937259966,0.025162456637514076,0.29337492695912815,0.21868309988432913,0.0005984359367610738,0,0,1,0,0,0.02899561578318055
2022-06-10,394.88,395.7777,389.75,389.8,132893900,-0.02899561578318055,0.02899561578318055,0.015264637358184719,0.4318396626775787,0.26389187020200844,0.0004426075599075083,1,0,0,0,0,0.037968188814776815
2022-06-13,379.85,381.81,373.3,375.0,170004900,-0.037968188814776815,0.037968188814776815,0.02240358036066866,0.2462761930281765,0.29318367994421035,0.0008506233692608934,0,1,0,0,0,0.0030133333333333123
2022-06-14,376.85,377.94,370.59,373.87,104011800,-0.0030133333333333123,0.0030133333333333123,0.019503781345362934,-0.4913229021886103,0.2224782185937747,5.877139445402657e-05,0,0,0,1,0,0.01425629229411296
2022-06-15,377.36,383.9,372.12,379.2,125666800,0.01425629229411296,0.01425629229411296,0.031216875132499395,0.18912960388699318,0.3363849236379919,0.0004450368963977376,0,0,0,0,1,0.03309599156118148
2022-06-16,370.51,370.94,364.0799,366.65,134473300,-0.03309599156118148,0.03309599156118148,0.018515289735769585,0.06773170601599787,0.35605548770599144,0.0006127818728478602,0,0,1,0,0,0.0021546433928814057
2022-06-17,365.51,369.38,362.17,365.86,111113900,-0.0021546433928814057,0.0021546433928814057,0.019725862493502173,-0.19080986343015383,0.3536927090874613,4.250219929051159e-05,1,0,0,0,0,0.02517356365822976
2022-06-21,371.89,376.525,371.81,375.07,76811860,0.02517356365822976,0.02517356365822976,0.012678480195756743,-0.3691967419975448,0.3501170881738061,0.0003191625282974877,0,0,0,1,0,0.0018129949076172158
2022-06-22,370.62,378.72,370.18,374.39,90059420,-0.0018129949076172158,0.0018129949076172158,0.023042469375640872,0.1591106174723116,0.3495190717164307,4.1775879636962546e-05,0,0,0,0,1,0.009802612249258935
2022-06-23,376.64,378.83,372.89,378.06,79292140,0.009802612249258935,0.009802612249258935,0.015771028037383172,-0.12733066674167404,0.33974804399778663,0.00015459727262265839,0,0,1,0,0,0.03179389514891806
2022-06-24,381.4,390.09,381.365,390.08,98050330,0.03179389514891806,0.03179389514891806,0.022876245411641235,0.21234190940153042,0.2458950007694792,0.0007273249480186393,1,0,0,0,0,0.003819729286300255
2022-06-27,391.05,391.36,387.44,388.59,66009620,-0.003819729286300255,0.003819729286300255,0.010024293568597407,-0.3956804243354277,0.2523714174108442,3.8290087718442815e-05,0,1,0,0,0,0.0204328469595203
2022-06-28,390.23,393.16,380.53,380.65,86689820,-0.0204328469595203,0.0204328469595203,0.032365528021935916,0.27253596791982915,0.3068012521082385,0.0006613198808362823,0,0,0,1,0,0.0008143964271640769
2022-06-29,381.23,382.27,378.42,380.34,65676000,-0.0008143964271640769,0.0008143964271640769,0.010098890433596427,-0.27760289487367373,0.30587304368783014,8.224500287442405e-06,0,0,0,0,1,0.00812430982804857
2022-06-30,376.24,380.6582,372.56,377.25,112508300,-0.00812430982804857,0.00812430982804857,0.021524027216670263,0.5382934284129952,0.3083518903444075,0.00017486786585557912,0,0,1,0,0,0.010576540755467212
2022-07-01,376.56,381.7,373.8,381.24,74839730,0.010576540755467212,0.010576540755467212,0.020979392394306292,-0.40767809852419035,0.17895596890614934,0.00022188939868331934,1,0,0,0,0,0.0018885741265344258
2022-07-05,375.88,381.98,372.9,381.96,81437970,0.0018885741265344258,0.0018885741265344258,0.024156645738001598,0.08449273137985358,0.18486020867329267,4.5621616124647926e-05,0,0,0,1,0,0.0033773169965440886
2022-07-06,382.11,385.87,379.6,383.25,70426240,0.0033773169965440886,0.0033773169965440886,0.016408887493130204,-0.14527570325427774,0.10765783047696616,5.541801462492836e-05,0,0,0,0,1,0.014977168949771746
2022-07-07,385.12,389.83,383.267,388.99,64525920,0.014977168949771746,0.014977168949771746,0.017041441628583266,-0.0874989161502242,0.1406800619963008,0.00025523255041896495,0,0,1,0,0,0.0008226432556106555
2022-07-08,387.27,390.64,385.66,388.67,72397770,-0.0008226432556106555,0.0008226432556106555,0.01285924548764418,0.11510849258471367,0.1040552605337443,1.057857157265224e-05,1,0,0,0,0,0.011423572696632078
2022-07-11,385.85,386.87,383.5,384.23,58366950,-0.011423572696632078,0.011423572696632078,0.008733963975638213,-0.21542568951108265,0.1501113776858272,9.977307240546885e-05,0,1,0,0,0,0.008848866564297508
2022-07-12,383.65,386.16,378.99,380.83,62219180,-0.008848866564297508,0.008848866564297508,0.018688909161996656,0.06391350629892045,0.16719121828218322,0.00016537566340678558,0,0,0,1,0,0.005251687104482317
2022-07-13,375.1,381.92,374.658,378.83,84224650,-0.005251687104482317,0.005251687104482317,0.01936017062116769,0.30282431720847214,0.16564336565448737,0.00010167355839176375,0,0,0,0,1,0.002428529947469782
2022-07-14,373.61,379.0498,371.04,377.91,89704820,-0.002428529947469782,0.002428529947469782,0.02143893364738627,0.06303686781867057,0.0698079550557498,5.206509240449512e-05,0,0,1,0,0,0.019105077928607272
2022-07-15,382.55,385.25,380.54,385.13,79060380,0.019105077928607272,0.019105077928607272,0.01231211606325965,-0.12631263645825186,0.1930607925298995,0.00023522393685463302,1,0,0,0,0,0.008256952197959189
2022-07-18,388.38,389.09,380.66,381.95,63203630,-0.008256952197959189,0.008256952197959189,0.021705546114629874,-0.22385012494751777,0.18418996249505457,0.00017922165669909766,0,1,0,0,0,0.02701924335646022
2022-07-19,386.08,392.87,385.39,392.27,78505970,0.02701924335646022,0.02701924335646022,0.01937422295897228,0.21681293355581133,0.25280445589408757,0.0005234768449707909,0,0,0,1,0,0.006373161342952516
2022-07-20,392.47,396.26,391.03,394.77,71843770,0.006373161342952516,0.006373161342952516,0.01332585930134792,-0.08868077132552088,0.23277775565872333,8.492785136097478e-05,0,0,0,0,1,0.010183144615852457
2022-07-21,394.16,398.84,391.63,398.79,64903860,0.010183144615852457,0.010183144615852457,0.01829206413639126,-0.10158680079849702,0.21225990692177776,0.0001862707344233205,0,0,1,0,0,0.00927806615010418
2022-07-22,398.92,400.18,392.75,395.09,72197330,-0.00927806615010418,0.00927806615010418,0.018625288278351564,0.10649596499057168,0.2371886090507711,0.00017280665671130582,1,0,0,0,0,0.001214913057784317
2022-07-25,395.75,396.47,393.21,395.57,53631490,0.001214913057784317,0.001214913057784317,0.008237523689197846,-0.29726666424453185,0.21144784880770448,1.0007875093814104e-05,0,1,0,0,0,0.011831028642212527
2022-07-26,393.84,394.06,389.95,390.89,52946390,-0.011831028642212527,0.011831028642212527,0.010435709932967737,-0.012856503127675722,0.15259710793349773,0.00012346518311876306,0,0,0,1,0,0.02596638440481991
2022-07-27,394.36,402.88,394.05,401.04,82342110,0.02596638440481991,0.02596638440481991,0.022390708996855625,0.4416027425290352,0.24498152055790504,0.0005814057569088128,0,0,0,0,1,0.012542389786554864
2022-07-28,401.89,406.8,398.15,406.07,73966560,0.012542389786554864,0.012542389786554864,0.021523302396178143,-0.10726954091532548,0.249714109110208,0.00026995364814675656,0,0,1,0,0,0.014578767207624299
2022-07-29,407.58,413.03,406.77,411.99,87003670,0.014578767207624299,0.014578767207624299,0.015358947936601381,0.16233720046869138,0.22795123984515095,0.0002239145265217331,1,0,0,0,0,0.0029612369232263624
2022-08-01,409.15,413.41,408.4,410.77,69997470,-0.0029612369232263624,0.0029612369232263624,0.01224489795918379,-0.21749120034140645,0.23805697580853713,3.6260043957874174e-05,0,1,0,0,0,0.006597365922535681
2022-08-02,409.12,413.0,406.82,408.06,63435420,-0.006597365922535681,0.006597365922535681,0.015105592491200642,-0.09843671653998953,0.21260073221923803,9.965712114115798e-05,0,0,0,1,0,0.015659461843846367
2022-08-03,410.3,415.68,410.0,414.45,67820560,0.015659461843846367,0.015659461843846367,0.013843529125030481,0.06684301227419098,0.16774188271347307,0.0002167822161175907,0,0,0,0,1,0.0006755941609360994
2022-08-04,414.37,415.09,412.44,414.17,45656570,-0.0006755941609360994,0.0006755941609360994,0.006395250621425241,-0.39571786883239923,0.1646817665692561,4.320593977557854e-06,0,0,1,0,0,0.0016901272424366676
2022-08-05,409.66,414.15,409.6,413.47,56814930,-0.0016901272424366676,0.0016901272424366676,0.01110677146902298,0.21865162117414627,0.13702643412257148,1.8771857035314065e-05,1,0,0,0,0,0.0011609064744722009
2022-08-08,415.25,417.62,411.83,412.99,54025970,-0.0011609064744722009,0.0011609064744722009,0.013943407585791741,-0.050334285509215704,0.1345303342584007,1.618699214255043e-05,0,1,0,0,0,0.00397104046102803
2022-08-09,412.22,412.75,410.22,411.35,44931770,-0.00397104046102803,0.00397104046102803,0.006137499393527661,-0.18431973621607867,0.12608137231110067,2.437225842123334e-05,0,0,0,1,0,0.021004011182691018
2022-08-10,418.78,420.14,416.72,419.99,68665710,0.021004011182691018,0.021004011182691018,0.008166579110750177,0.4241048233729643,0.16365263565553725,0.00017153091896652758,0,0,0,0,1,0.0
2022-08-11,422.99,424.95,419.21,419.99,59489700,0.0,0.0,0.013570060757937562,-0.14344675741650903,0.1628426667675144,0.0,0,0,1,0,0,0.01692897449939279
2022-08-12,422.03,427.21,421.03,427.1,61694540,0.01692897449939279,0.01692897449939279,0.014643508755301774,0.036392245365490794,0.18267653314433813,0.0002478995863001388,1,0,0,0,0,0.004120814797471395
2022-08-15,424.765,429.41,424.71,428.86,54048280,0.004120814797471395,0.004120814797471395,0.011064941791343557,-0.13231771080370436,0.1721578518252854,4.5596575866928174e-05,0,1,0,0,0,0.0019586811546892235
2022-08-16,427.73,431.73,426.88,429.7,59289040,0.0019586811546892235,0.0019586811546892235,0.011338928763472337,0.09254674315993583,0.15084051053985573,2.2209346083376848e-05,0,0,0,1,0,0.007097975331626705
2022-08-17,425.91,429.5,424.54,426.65,63563390,-0.007097975331626705,0.007097975331626705,0.011645652837453873,0.06961320855553765,0.13910820620407663,8.266055656093613e-05,0,0,0,0,1,0.0029063635298254287
2022-08-18,426.86,428.61,425.5,427.89,49023210,0.0029063635298254287,0.0029063635298254287,0.007285761139483703,-0.2597438115789963,0.13642407725828956,2.1175070462814792e-05,0,0,1,0,0,0.013438033139358208
2022-08-19,424.98,425.26,421.22,422.14,68016900,-0.013438033139358208,0.013438033139358208,0.009506329709633308,0.3274623385811317,0.12129861343035196,0.00012774637367171787,1,0,0,0,0,0.020822475955843966
2022-08-22,417.05,417.23,412.4,413.35,77695640,-0.020822475955843966,0.020822475955843966,0.011581345162450643,0.13304293700203473,0.16080857769132037,0.00024115228118145836,0,1,0,0,0,0.0024192572880126217
2022-08-23,412.9,415.42,411.77,412.35,49105250,-0.0024192572880126217,0.0024192572880126217,0.008839912811818925,-0.4588331813213671,0.14737309878694546,2.138602349538908e-05,0,0,0,1,0,0.0032011640596580904
2022-08-24,412.11,415.1101,411.39,413.67,49177800,0.0032011640596580904,0.0032011640596580904,0.00902695882167383,0.00147634839784061,0.16870559739045204,2.8896776147955807e-05,0,0,0,0,1,0.014117533299489837
2022-08-25,415.24,419.56,414.09,419.51,50942250,0.014117533299489837,0.014117533299489837,0.013173104710528917,0.03525033532695332,0.21803494169736748,0.00018597174440855842,0,0,1,0,0,0.03384901432623777
2022-08-26,419.39,419.96,405.25,405.31,103087000,-0.03384901432623777,0.03384901432623777,0.03507475142468819,0.7048806437824382,0.3051843775171353,0.0011872457634634992,1,0,0,0,0,0.006612222743085594
2022-08-29,402.2,405.84,401.1999,402.63,65370810,-0.006612222743085594,0.006612222743085594,0.011536797613127701,-0.4554974577494164,0.2833278556172626,7.628387555989858e-05,0,1,0,0,0,0.01097782082805554
2022-08-30,403.85,404.1,396.0,398.21,85652440,-0.01097782082805554,0.01097782082805554,0.020056951838553973,0.27022188022187166,0.2847143113504458,0.00022018162364058466,0,0,0,1,0,0.007609050500991921
2022-08-31,399.93,401.24,395.04,395.18,76029670,-0.007609050500991921,0.007609050500991921,0.015502712974770556,-0.11917405208039966,0.27073377351736844,0.00011796092592741185,0,0,0,0,1,0.0031378106179462684
2022-09-01,392.89,396.78,390.04,396.42,78740080,0.0031378106179462684,0.0031378106179462684,0.017154928860495182,0.03502864222538449,0.21773857092633,5.382891792857466e-05,0,0,1,0,0,0.01054437213056858
2022-09-02,400.28,401.555,390.33,392.24,99632150,-0.01054437213056858,0.01054437213056858,0.028042869991006355,0.2353325994891513,0.09068484497441388,0.0002956944567943254,1,0,0,0,0,0.0037732000815827726
2022-09-06,393.13,394.12,388.42,390.76,76637400,-0.0037732000815827726,0.0037732000815827726,0.0144990206801821,-0.26239969241409256,0.09272207181399324,5.4707706013333404e-05,0,0,0,1,0,0.01796499129900697
2022-09-07,390.43,398.59,390.2,397.78,70964230,0.01796499129900697,0.01796499129900697,0.02148912737238426,-0.07690925992744013,0.1802594761286142,0.0003860519862681358,0,0,0,0,1,0.006536276333651836
2022-09-08,395.39,400.86,394.12,400.38,80821680,0.006536276333651836,0.006536276333651836,0.01704646045676423,0.13006929737638728,0.1712016168816986,0.0001114203760560799,0,0,1,0,0,0.015535241520555632
2022-09-09,402.74,407.51,402.46,406.6,76706920,0.015535241520555632,0.015535241520555632,0.01253910711625369,-0.052253319758246874,0.19441179134499081,0.0001947980575031189,1,0,0,0,0,0.010747663551401887
2022-09-12,408.78,411.73,408.46,410.97,69256260,0.010747663551401887,0.010747663551401887,0.007999412887127645,-0.10217838644996391,0.1362229228761676,8.597499831959633e-05,0,1,0,0,0,0.04348249263936543
2022-09-13,401.83,403.1,391.92,393.1,122947100,-0.04348249263936543,0.04348249263936543,0.027822711096732466,0.5739406371607778,0.4049076402424859,0.0012098008304708605,0,0,0,1,0,0.0038158229458153947
2022-09-14,394.47,396.2,391.12,394.6,85023750,0.0038158229458153947,0.0038158229458153947,0.012878038887621323,-0.36882354870544987,0.3802838473289645,4.914031628448841e-05,0,0,0,0,1,0.011353269133299593
2022-09-15,392.96,395.96,388.78,390.12,87633840,-0.011353269133299593,0.011353269133299593,0.01827157980456028,0.030236595139918165,0.37805468137968745,0.0002074421630117344,0,0,1,0,0,0.011688711165795174
2022-09-16,384.14,386.25,382.11,385.56,103084800,-0.011688711165795174,0.011688711165795174,0.010777320768469793,0.1623847240467562,0.331691166553492,0.0001259729896037691,1,0,0,0,0,0.007754953833385203
2022-09-19,382.26,388.55,382.1784,388.55,73278490,0.007754953833385203,0.007754953833385203,0.016668236278972428,-0.34128483226997375,0.32015461769042053,0.00012926140282738753,0,1,0,0,0,0.011478574186076562
2022-09-20,385.06,386.12,381.195,384.09,77274880,-0.011478574186076562,0.011478574186076562,0.012790214512024129,0.053101820157340995,0.15198166873514998,0.000146813426132102,0,0,0,1,0,0.01744382826941604
2022-09-21,386.11,389.31,377.38,377.39,106746600,-0.01744382826941604,0.01744382826941604,0.030897930641527044,0.32308886279010807,0.15284358493893874,0.0005389781959911255,0,0,0,0,1,0.00839979861681539
2022-09-22,376.58,378.3,373.44,374.22,89472640,-0.00839979861681539,0.00839979861681539,0.012905624302936996,-0.17652491945426263,0.1512158082857208,0.00010840464516894927,0,0,1,0,0,0.01675485008818356
2022-09-23,370.58,370.62,363.29,367.95,122346900,-0.01675485008818356,0.01675485008818356,0.01977980463057905,0.31292756919551223,0.16233933293744995,0.000331407661358911,1,0,0,0,0,0.009892648457670794
2022-09-26,366.41,370.21,363.0299,364.31,92581240,-0.009892648457670794,0.009892648457670794,0.01959580797467313,-0.27877392045733274,0.0648558783968354,0.00019385443953746318,0,1,0,0,0,0.002552770991737785
2022-09-27,368.02,370.4,360.87,363.38,108294100,-0.002552770991737785,0.002552770991737785,0.025895331775446912,0.15676414331973731,0.0984935466888374,6.610485177778658e-05,0,0,0,1,0,0.019676371842148654
2022-09-28,364.38,372.3,362.6,370.53,110802200,0.019676371842148654,0.019676371842148654,0.02662056095285139,0.022895955280773705,0.2214722255661427,0.0005237960559548871,0,0,0,0,1,0.020888996842360785
2022-09-29,366.81,367.11,359.7,362.79,112952300,-0.020888996842360785,0.020888996842360785,0.020201194078678403,0.019218975815636696,0.25394587497297844,0.00042198267932143054,0,0,1,0,0,0.015463491275944818
2022-09-30,361.8,365.91,357.04,357.18,153711200,-0.015463491275944818,0.015463491275944818,0.024516307352128258,0.3081099090687296,0.2506712123021383,0.0003791077048580171,1,0,0,0,0,0.026401254269555974
2022-10-03,361.08,368.55,359.21,366.61,89756480,0.026401254269555974,0.026401254269555974,0.025866843912706414,-0.5379752871607728,0.33259685870361594,0.0006829171232902782,0,1,0,0,0,0.030986607021085133
2022-10-04,372.4,378.0,366.5677,377.97,103602800,0.030986607021085133,0.030986607021085133,0.03069897959183673,0.1434641296790211,0.38789841252068963,0.0009512572165605572,0,0,0,1,0,0.0023282271079716477
2022-10-05,373.39,379.46,370.95,377.09,88065670,-0.0023282271079716477,0.0023282271079716477,0.022791183481078742,-0.1624815686121508,0.3780079142419743,5.306305120340315e-05,0,0,0,0,1,0.010315839719960751
2022-10-06,375.62,378.72,372.68,373.2,82333540,-0.010315839719960751,0.010315839719960751,0.01608008093285773,-0.06730422730339214,0.3401634761670498,0.0001658795375873573,0,0,1,0,0,0.027893890675241062
2022-10-07,368.97,373.2933,360.94,362.79,107789500,-0.027893890675241062,0.027893890675241062,0.03348049976962894,0.2694016901870029,0.3960935074176033,0.0009339014003264633,1,0,0,0,0,0.007635271093470175
2022-10-10,363.96,364.21,357.67,360.02,76042770,-0.007635271093470175,0.007635271093470175,0.017969007583250807,-0.34888430210797594,0.34132937674150005,0.00013719824417874127,0,1,0,0,0,0.006332981501027679
2022-10-11,358.235,363.03,355.71,357.74,92482790,-0.006332981501027679,0.006332981501027679,0.020433514313230122,0.195726625664026,0.15757497397871825,0.00012940506814667068,0,0,0,1,0,0.0032984849331917365
2022-10-12,358.17,359.8179,356.3,356.56,76991800,-0.0032984849331917365,0.0032984849331917365,0.00982187229527877,-0.1833236483021956,0.15436724591570597,3.2397297781710363e-05,0,0,0,0,1,0.026391070226609914
2022-10-13,349.205,367.51,348.11,365.97,147254500,0.026391070226609914,0.026391070226609914,0.05555476009793668,0.6484634534626004,0.3087767746978901,0.0014661495751671133,0,0,1,0,0,0.022788753176489984
2022-10-14,368.55,370.26,356.96,357.63,123737000,-0.022788753176489984,0.022788753176489984,0.036087369420702786,-0.17400403562013622,0.2848309429178814,0.0008223861545172081,1,0,0,0,0,0.025696949361071475
2022-10-17,364.01,367.9799,357.2808,366.82,93168230,0.025696949361071475,0.025696949361071475,0.029392324386692637,-0.2837515590234574,0.34137309335656624,0.0007552930713690269,0,1,0,0,0,0.011749631972084451
2022-10-18,375.13,375.45,367.52,371.13,97162850,0.011749631972084451,0.011749631972084451,0.02113933836270095,0.041981652570878936,0.33109521762322114,0.00024837944589510243,0,0,0,1,0,0.007086465658933561
2022-10-19,368.99,371.85,365.55,368.5,79746860,-0.007086465658933561,0.007086465658933561,0.01707363343180035,-0.1975310666658956,0.33988981648245276,0.00012099171698767314,0,0,0,0,1,0.008385345997286242
2022-10-20,368.03,372.67,364.61,365.41,88283090,-0.008385345997286242,0.008385345997286242,0.021900388555280828,0.10169121397994729,0.3010002854228002,0.00018364233551103752,0,0,1,0,0,0.024301469582113322
2022-10-21,365.12,374.8,363.54,374.29,131038400,0.024301469582113322,0.024301469582113322,0.030839176161262024,0.39494182328066785,0.26098753566492866,0.0007494373014203434,1,0,0,0,0,0.012236501108765951
2022-10-24,375.89,380.06,373.11,378.87,85436910,0.012236501108765951,0.012236501108765951,0.018489451701295564,-0.42771219711725905,0.22217280184905486,0.00022624619624337768,0,1,0,0,0,0.0159685380209571
2022-10-25,378.79,385.25,378.671,384.92,78846350,0.0159685380209571,0.0159685380209571,0.017368462736608695,-0.0802771859364455,0.23024957959189193,0.0002773489575751126,0,0,0,1,0,0.0075340330458277815
2022-10-26,381.62,387.58,381.35,382.02,104087300,-0.0075340330458277815,0.0075340330458277815,0.016325140191813744,0.27772894511145196,0.23203943320456305,0.00012299414568289603,0,0,0,0,1,0.005340034553164674
2022-10-27,383.07,385.0,379.33,379.98,81971760,-0.005340034553164674,0.005340034553164674,0.014801472315764785,-0.23885516980336874,0.21973712819157484,7.90403736038943e-05,0,0,1,0,0,0.023790725827675052
2022-10-28,379.87,389.52,379.68,389.02,100302000,0.023790725827675052,0.023790725827675052,0.025903598599520822,0.20181083501470454,0.21735630185694255,0.0006162654122313473,1,0,0,0,0,0.007223279008791383
2022-10-31,386.44,388.4,385.26,386.21,96631260,-0.007223279008791383,0.007223279008791383,0.008125452851671634,-0.037283343214866704,0.2356078642089434,5.86924130204038e-05,0,1,0,0,0,0.004375857694000618
2022-11-01,390.14,390.39,383.29,384.52,85407600,-0.004375857694000618,0.004375857694000618,0.018198595376018777,-0.12346720018588897,0.21334933928027222,7.963446359615583e-05,0,0,0,1,0,0.025096223863518063
2022-11-02,383.9,388.63,374.76,374.87,126990400,-0.025096223863518063,0.025096223863518063,0.03612920031258141,0.39667639940722665,0.278266737835593,0.0009067064990544299,0,0,0,0,1,0.010296902926347884
2022-11-03,371.465,374.2,368.79,371.01,87100120,-0.010296902926347884,0.010296902926347884,0.014563956227369923,-0.37705322785961215,0.28235958601406935,0.00014996364349680784,0,0,1,0,0,0.014393143041966594
2022-11-04,377.0,378.87,370.0,376.35,103505200,0.014393143041966594,0.014393143041966594,0.023527851458885952,0.17256358958530527,0.2247508243559421,0.00033863973151788794,1,0,0,0,0,0.009565563969708979
2022-11-07,377.71,380.57,375.53,379.95,68286950,0.009565563969708979,0.009565563969708979,0.013343570464112733,-0.41590316849979914,0.2514574658074373,0.00012763877685878969,0,1,0,0,0,0.005395446769311807
2022-11-08,381.11,385.12,377.72,382.0,84641060,0.005395446769311807,0.005395446769311807,0.019416966230222186,0.21470080932485303,0.2579700636222764,0.00010476320771668875,0,0,0,1,0,0.0206020942408377
2022-11-09,379.93,381.14,373.61,374.13,78495470,-0.0206020942408377,0.0206020942408377,0.019819440423235787,-0.07537857461918662,0.2324638095776052,0.00040832197940017187,0,0,0,0,1,0.054954160318605894
2022-11-10,388.05,395.04,385.642,394.69,141455800,0.054954160318605894,0.054954160318605894,0.024218528540136643,0.5889463790081138,0.431868529177306,0.0013309089000754014,0,0,1,0,0,0.009678481846512543
2022-11-11,395.59,399.35,393.61,398.51,93839870,0.009678481846512543,0.009678481846512543,0.014509972446219595,-0.4103974782006148,0.4320294122107333,0.00014043450491413355,1,0,0,0,0,0.008506687410604452
2022-11-14,396.66,400.1799,394.83,395.12,71893170,-0.008506687410604452,0.008506687410604452,0.013487369535622424,-0.2664085485854635,0.4562834285340056,0.00011473283663084929,0,1,0,0,0,0.008529054464466501
2022-11-15,401.15,402.31,394.49,398.49,93194450,0.008529054464466501,0.008529054464466501,0.019493954879720787,0.2595069002139354,0.4556188179828473,0.0001662650028969911,0,0,0,1,0,0.007628798715149765
2022-11-16,396.78,397.78,394.79,395.45,68508450,-0.007628798715149765,0.007628798715149765,0.007535662079741803,-0.3077310713712187,0.4098684558439003,5.748804919173707e-05,0,0,0,0,1,0.003059805285118178
2022-11-17,390.46,394.95,390.14,394.24,74496260,-0.003059805285118178,0.003059805285118178,0.012318803462582602,0.08379182628537407,0.13887866481818778,3.769313994114235e-05,0,0,1,0,0,0.004540381493506329
2022-11-18,397.74,397.81,393.04,396.03,92922450,0.004540381493506329,0.004540381493506329,0.011992759088851968,0.22101634887678756,0.11926482000571519,5.44517014231033e-05,1,0,0,0,0,0.0036360881751382745
2022-11-21,394.64,395.82,392.66,394.59,51243190,-0.0036360881751382745,0.0036360881751382745,0.008007297790391162,-0.5951825344279307,0.10464745293554566,2.911524081045214e-05,0,1,0,0,0,0.013457006006234229
2022-11-22,396.63,400.07,395.1527,399.9,60429030,0.013457006006234229,0.013457006006234229,0.012397700627789153,0.1648868845075384,0.1327659537545915,0.0001668359318116525,0,0,0,1,0,0.0063015753938484576
2022-11-23,399.55,402.93,399.31,402.42,68261630,0.0063015753938484576,0.0063015753938484576,0.009060192716806418,0.12187820196506749,0.11281679534894642,5.709348748775233e-05,0,0,0,0,1,0.00022364693603704744
2022-11-25,401.83,402.91,401.535,402.33,30545430,-0.00022364693603704744,0.00022364693603704744,0.003421845058855735,-0.8041327207968543,0.10383392789422574,7.652851630065954e-07,1,0,0,0,0,0.015957050182685784
2022-11-28,399.09,400.81,395.11,395.91,68021750,-0.015957050182685784,0.015957050182685784,0.014282492670826102,0.8006124053452126,0.17546516420463354,0.000227906452282214,0,1,0,0,0,0.0017175620721880946
2022-11-29,396.05,397.3,393.3,395.23,52310040,-0.0017175620721880946,0.0017175620721880946,0.010099734881959348,-0.2626391805052535,0.1734859650012853,1.734692157240848e-05,0,0,0,1,0,0.03150064519393769
2022-11-30,395.49,407.68,393.48,407.68,144566700,0.03150064519393769,0.03150064519393769,0.03590482692356314,1.0165526584933708,0.2761428081395389,0.001131025213668904,0,0,0,0,1,0.0007358712715855864
2022-12-01,408.77,410.0,404.75,407.38,76398170,-0.0007358712715855864,0.0007358712715855864,0.012843408273601292,-0.6377822435691982,0.27693512366021883,9.451095177787824e-06,0,0,1,0,0,0.0011537139771220506
2022-12-02,402.25,407.86,402.14,406.91,85342730,-0.0011537139771220506,0.0011537139771220506,0.014220012430080864,0.11071652255862219,0.27760480935165277,1.6405827095433588e-05,1,0,0,0,0,0.017989235948981497
2022-12-05,403.95,404.93,398.17,399.59,77289820,-0.017989235948981497,0.017989235948981497,0.016734744399059268,-0.09911301349076496,0.2863035773464056,0.00030104526554057374,0,1,0,0,0,0.014414775144523162
2022-12-06,399.42,399.99,391.64,393.83,77972220,-0.014414775144523162,0.014414775144523162,0.020905312703420015,0.008790357067478993,0.3098581791476015,0.00030134538194574316,0,0,0,1,0,0.0017012416524895269
2022-12-07,392.94,395.64,391.97,393.16,65927900,-0.0017012416524895269,0.0017012416524895269,0.009339848322899066,-0.16779088640886997,0.1321116434585776,1.5889338994850345e-05,0,0,0,0,1,0.007833960728456546
2022-12-08,395.14,397.36,393.2684,396.24,60737910,0.007833960728456546,0.007833960728456546,0.010354810953079992,-0.08199366928822727,0.16773135674760611,8.111918235702036e-05,0,0,1,0,0,0.0074702200686453946
2022-12-09,394.94,397.62,393.15,393.28,81447730,-0.0074702200686453946,0.0074702200686453946,0.011318174912645028,0.2933934105451108,0.1633936838714363,8.454925737287972e-05,1,0,0,0,0,0.014417209113100071
2022-12-12,394.11,398.95,393.412,398.95,75405840,0.014417209113100071,0.014417209113100071,0.014051914440130955,-0.07707673822167749,0.1836500354396126,0.00020258938892275848,0,1,0,0,0,0.007569870911141807
2022-12-13,410.22,410.49,399.07,401.97,123782500,0.007569870911141807,0.007569870911141807,0.027838720686460962,0.4956412624528639,0.1374651707388397,0.0002107355219278425,0,0,0,1,0,0.006393511953628472
2022-12-14,401.61,405.5,396.31,399.4,108111300,-0.006393511953628472,0.006393511953628472,0.02288289634222255,-0.13536474003819876,0.15314660424917353,0.0001463020712976411,0,0,0,0,1,0.024461692538808144
2022-12-15,394.3,395.25,387.885,389.63,117705900,-0.024461692538808144,0.024461692538808144,0.01867867106264268,0.0850278876766204,0.23901892678831874,0.00045691190856789806,0,0,1,0,0,0.01632317840002062
2022-12-16,385.18,386.575,381.04,383.27,119858000,-0.01632317840002062,0.01632317840002062,0.014369904979490025,0.018118568151912484,0.256452670433023,0.00023456252257156033,1,0,0,0,0,0.008479661857176413
2022-12-19,383.47,383.82,378.28,380.02,79878100,-0.008479661857176413,0.008479661857176413,0.014447023235194461,-0.40580598199491646,0.18989963691191214,0.00012250587187721986,0,1,0,0,0,0.001368349034261529
2022-12-20,379.23,382.23,377.85,380.54,74427240,0.001368349034261529,0.001368349034261529,0.011549719167787346,-0.07067971780692517,0.15674828253019332,1.5804047069233686e-05,0,0,0,1,0,0.014952436011983039
2022-12-21,383.25,387.41,382.69,386.23,78167370,0.014952436011983039,0.014952436011983039,0.012315720808871566,0.0490302925402446,0.24401277598164667,0.00018415002733610008,0,0,0,0,1,0.014266110866582027
2022-12-22,383.05,386.2134,374.77,380.72,100120900,-0.014266110866582027,0.014266110866582027,0.029874428925727704,0.24752615588543136,0.20450171828757013,0.00042619191513025643,0,0,1,0,0,0.005752258877915528
2022-12-23,379.65,383.06,378.03,382.91,59857330,0.005752258877915528,0.005752258877915528,0.013249045173185908,-0.5144145516640677,0.18339561980826738,7.62119377213625e-05,1,0,0,0,0,0.003943485414327208
2022-12-27,382.79,383.15,379.65,381.4,51638180,-0.003943485414327208,0.003943485414327208,0.009143394550536848,-0.14770257333400139,0.17291995014709666,3.6056843047480934e-05,0,0,0,1,0,0.012427897220765427
2022-12-28,381.33,383.39,376.42,376.66,70911520,-0.012427897220765427,0.012427897220765427,0.01827813180185134,0.31717157608489543,0.19610918703993593,0.00022715874342101242,0,0,0,0,1,0.01800031858970952
2022-12-29,379.63,384.35,379.08,383.44,66970880,0.01800031858970952,0.01800031858970952,0.013881937676158466,-0.05717500383134322,0.21314817687461,0.0002498793008133442,0,0,1,0,0,0.002634049655747983
2022-12-30,380.64,382.58,378.43,382.43,84022210,-0.002634049655747983,0.002634049655747983,0.010902690205968835,0.22682326757853133,0.18264909604572765,2.8718227383759118e-05,1,0,0,0,0,0.0042099207698140795
2023-01-03,384.37,386.43,377.831,380.82,74850730,-0.0042099207698140795,0.0042099207698140795,0.022371673127455288,-0.11558530354104235,0.17981647058875608,9.418297135476552e-05,0,0,0,1,0,0.007720182763510275
2023-01-04,383.18,385.88,380.0,383.76,85934100,0.007720182763510275,0.007720182763510275,0.015345268542199477,0.13808485806167425,0.18688988664259384,0.00011846827770092484,0,0,0,0,1,0.011413383364602847
2023-01-05,381.72,381.84,378.76,379.38,76970460,-0.011413383364602847,0.011413383364602847,0.008068741485905858,-0.11015901020389762,0.18228054387498008,9.209163984851878e-05,0,0,1,0,0,0.0229321524592756
2023-01-06,382.61,389.25,379.4127,388.08,104189600,0.0229321524592756,0.0229321524592756,0.025711037348736383,0.3027906009997885,0.21144771417012667,0.0005896094283673518,1,0,0,0,0,0.0005668934240361523
2023-01-09,390.37,393.7,387.67,387.86,73978070,-0.0005668934240361523,0.0005668934240361523,0.015446883725696064,-0.3424436144249796,0.2087911618422441,8.756736805948158e-06,0,1,0,0,0,0.007012839684422234
2023-01-10,387.25,390.65,386.27,390.58,65358090,0.007012839684422234,0.007012839684422234,0.01131052291801161,-0.12388746879073764,0.1997459507809166,7.931888397099898e-05,0,0,0,1,0,0.012647857033130316
2023-01-11,392.23,395.6,391.38,395.52,68881080,0.012647857033130316,0.012647857033130316,0.01075899344772207,0.052500311297976054,0.2067030078821336,0.00013607821094717456,0,0,0,0,1,0.00364077669902918
2023-01-12,396.67,398.485,392.42,396.96,90157700,0.00364077669902918,0.00364077669902918,0.015289787480777466,0.26917881633688623,0.14451870635883865,5.566670199312267e-05,0,0,1,0,0,0.003879484079000406
2023-01-13,393.62,399.1,393.34,398.5,63903930,0.003879484079000406,0.003879484079000406,0.014633402774249397,-0.3441794928055195,0.07781486639251146,5.677005308430091e-05,1,0,0,0,0,0.0018318695106650518
2023-01-17,398.48,400.23,397.06,397.77,62677280,-0.0018318695106650518,0.0018318695106650518,0.007955229873519412,-0.01938184000956511,0.08411031003163177,1.4572943055632008e-05,0,0,0,1,0,0.01578801820147313
2023-01-18,399.01,400.12,391.28,391.49,99632260,-0.01578801820147313,0.01578801820147313,0.022154833212200277,0.4634869802883017,0.16641612913807147,0.0003497809100048194,0,0,0,0,1,0.007279879434979208
2023-01-19,389.36,391.08,387.26,388.64,86958920,-0.007279879434979208,0.007279879434979208,0.009810971851243048,-0.1360501830346479,0.1312674258640215,7.142269221702416e-05,0,0,1,0,0,0.018629065459036642
2023-01-20,390.1,396.04,388.38,395.88,91806360,0.018629065459036642,0.018629065459036642,0.01963599077159709,0.05424575243257479,0.20492305017667362,0.0003658001574371216,1,0,0,0,0,0.011998585429928266
2023-01-23,396.72,402.645,395.72,400.63,84178800,0.011998585429928266,0.011998585429928266,0.017455636216979115,-0.08673846721207212,0.22310042490353632,0.00020944294238317375,0,1,0,0,0,0.0010733095374785284
2023-01-24,398.88,401.15,397.64,400.2,59524910,-0.0010733095374785284,0.0010733095374785284,0.008799638989169653,-0.3465482227510819,0.22252689815665216,9.444736453443706e-06,0,0,0,1,0,0.0003748125937033109
2023-01-25,395.95,400.7,393.56,400.35,84800250,0.0003748125937033109,0.0003748125937033109,0.018032579871195824,0.35390360549742184,0.167003166526818,6.758838032685022e-06,0,0,0,0,1,0.010990383414512195
2023-01-26,403.13,404.92,400.03,404.75,72287430,0.010990383414512195,0.010990383414512195,0.012130082107508851,-0.15964823373712989,0.1323898338082262,0.0001333142532110364,0,0,1,0,0,0.002297714638665793
2023-01-27,403.655,408.16,403.44,405.68,68346180,0.002297714638665793,0.002297714638665793,0.011693153807087804,-0.05606458153009797,0.09734412315272752,2.6867530674716297e-05,1,0,0,0,0,0.012546834943798157
2023-01-30,402.8,405.13,400.28,400.59,74202020,-0.012546834943798157,0.012546834943798157,0.012040714995034812,0.0822056995672682,0.13394529315052073,0.00015107286364801723,0,1,0,0,0,0.014703312613894681
2023-01-31,401.13,406.53,400.77,406.48,86811790,0.014703312613894681,0.014703312613894681,0.01435943459726271,0.1569510664553988,0.16833124174100092,0.0002111312558423285,0,0,0,1,0,0.010627829167486613
2023-02-01,405.211,413.67,402.35,410.8,101459200,0.010627829167486613,0.010627829167486613,0.027936062940048502,0.1559143036283217,0.17329320961949635,0.0002968997045389893,0,0,0,0,1,0.014556962025316311
2023-02-02,414.86,418.31,412.88,416.78,101654500,0.014556962025316311,0.014556962025316311,0.013088752832280785,0.0019230614012215597,0.1823931887813057,0.0001905324779382627,0,0,1,0,0,0.010629108882383886
2023-02-03,411.59,416.97,411.09,412.35,94736780,-0.010629108882383886,0.010629108882383886,0.014286061371753572,-0.0704774987665111,0.21817850246982867,0.0001518481018207872,1,0,0,0,0,0.006111313204801849
2023-02-06,409.79,411.29,408.1,409.83,60295330,-0.006111313204801849,0.006111313204801849,0.0077844749749871826,-0.45184764850136006,0.1918462958849826,4.7573364707088714e-05,0,1,0,0,0,0.013078593563184748
2023-02-07,408.87,416.49,407.57,415.19,90990750,0.013078593563184748,0.013078593563184748,0.021816225206055754,0.411503192772539,0.18675061886309388,0.0002853255425529096,0,0,0,1,0,0.010934752763794964
2023-02-08,413.13,414.53,409.93,410.65,76227460,-0.010934752763794964,0.010934752763794964,0.011134509718490466,-0.1770360856402391,0.20280411680373106,0.0001217531109177655,0,0,0,0,1,0.008669183002556924
2023-02-09,414.41,414.57,405.81,407.09,78694860,-0.008669183002556924,0.008669183002556924,0.021138486040394755,0.03185607634047827,0.16029325264870004,0.000183253403881177,0,0,1,0,0,0.002333636296642183
2023-02-10,405.86,408.44,405.01,408.04,70769720,0.002333636296642183,0.002333636296642183,0.008451190065539857,-0.10614661495755584,0.15621207984779728,1.972200388676564e-05,1,0,0,0,0,0.011739045191647701
2023-02-13,408.72,412.97,408.24,412.83,64913540,0.011739045191647701,0.011739045191647701,0.01157271481698967,-0.08637499371677393,0.17706156940004475,0.0001358526222266927,0,1,0,0,0,0.0004602378703097987
2023-02-14,411.24,415.05,408.511,412.64,88389310,-0.0004602378703097987,0.0004602378703097987,0.015900690594300135,0.30869480002834493,0.14440716527037234,7.318099975575742e-06,0,0,0,1,0,0.003247382706475399
2023-02-15,410.35,414.06,409.47,413.98,61685280,0.003247382706475399,0.003247382706475399,0.011185573291092907,-0.35970570112754174,0.11658465972282545,3.6323837267508225e-05,0,0,0,0,1,0.013768781100536365
2023-02-16,408.79,412.91,408.14,408.28,76431470,-0.013768781100536365,0.013768781100536365,0.011668582890971007,0.21434919052331125,0.1467161777020791,0.00016066216357924358,0,0,1,0,0,0.0024982854903496943
2023-02-17,406.06,407.51,404.05,407.26,89257820,-0.0024982854903496943,0.0024982854903496943,0.008520908240161502,0.15513451163373304,0.14716643331686277,2.1287661420996628e-05,1,0,0,0,0,0.020060894760104198
2023-02-21,403.06,404.16,398.82,399.09,82655920,-0.020060894760104198,0.020060894760104198,0.013248647843993528,-0.07684258592805548,0.15554188809038644,0.00026577973011203556,0,0,0,1,0,0.0013781352577111328
2023-02-22,399.52,401.13,397.02,398.54,83742290,-0.0013781352577111328,0.0013781352577111328,0.010287344813776567,0.013057657562839609,0.15333994420017358,1.4177352596097254e-05,0,0,0,0,1,0.005319415867917954
2023-02-23,401.56,402.2,396.25,400.66,96242400,0.005319415867917954,0.005319415867917954,0.014817212869807722,0.13912590069444875,0.1624087621430564,7.881891725797331e-05,0,0,1,0,0,0.010682374082763513
2023-02-24,395.42,397.25,393.64,396.38,108194400,-0.010682374082763513,0.010682374082763513,0.009129533154620438,0.11705959890644735,0.15498761748090598,9.752508835864759e-05,1,0,0,0,0,0.003405822695393468
2023-02-27,399.87,401.29,396.75,397.73,80444740,0.003405822695393468,0.003405822695393468,0.011353689949233551,-0.29635911680143323,0.16816334042885872,3.866865490556034e-05,0,1,0,0,0,0.0036959746561738838
2023-02-28,397.23,399.28,396.15,396.26,96438570,-0.0036959746561738838,0.0036959746561738838,0.007879565994511983,0.18133573419328997,0.10029898375941085,2.912267621736585e-05,0,0,0,1,0,0.0038358653409377164
2023-03-01,395.41,396.69,393.38,394.74,99706820,-0.0038358653409377164,0.0038358653409377164,0.008371057889279488,0.03332785417323336,0.10176255723267989,3.211025082447042e-05,0,0,0,0,1,0.0077772711151644636
2023-03-02,392.68,398.69,392.33,397.81,85404730,0.0077772711151644636,0.0077772711151644636,0.016196394010390174,-0.15483259248674486,0.11355696120535086,0.00012596374730683023,0,0,1,0,0,0.016037806993288273
2023-03-03,399.71,404.45,399.03,404.19,90119950,0.016037806993288273,0.016037806993288273,0.013559830877386145,0.05374007445784201,0.13284864711269448,0.00021746995047314976,1,0,0,0,0,0.0006927435117147773
2023-03-06,405.05,407.45,404.01,404.47,72795950,0.0006927435117147773,0.0006927435117147773,0.00849277866930008,-0.21348123632038352,0.13491333075267012,5.883317319587291e-06,0,1,0,0,0,0.015328701757856056
2023-03-07,404.42,404.67,397.625,398.27,108310600,-0.015328701757856056,0.015328701757856056,0.01742000890163695,0.39734269919567566,0.1881899272145688,0.00026702612107239046,0,0,0,1,0,0.0016320586536773263
2023-03-08,398.39,399.71,396.59,398.92,74746630,0.0016320586536773263,0.0016320586536773263,0.007831521875549096,-0.3708988936987119,0.1831483274377278,1.2781503048453188e-05,0,0,0,0,1,0.018449814499147732
2023-03-09,399.74,401.48,390.53,391.56,111945300,-0.018449814499147732,0.018449814499147732,0.027392805323460362,0.4039062270472584,0.22283612143923315,0.0005053921768291102,0,0,1,0,0,0.01442946164061698
2023-03-10,390.99,393.16,384.32,385.91,189253000,-0.01442946164061698,0.01442946164061698,0.022609273894473085,0.5250743814551555,0.15177898766260617,0.0003262396503825023,1,0,0,0,0,0.0014252027674847012
2023-03-13,381.81,390.39,380.65,385.36,157790000,-0.0014252027674847012,0.0014252027674847012,0.025510070453890702,-0.1818197081382884,0.14362863801084774,3.635702300961474e-05,0,1,0,0,0,0.016529997924019213
2023-03-14,390.5,393.45,387.05,391.73,149752400,0.016529997924019213,0.016529997924019213,0.016389244558258586,-0.0522817711291097,0.2208818277340101,0.00027091417852425763,0,0,0,1,0,0.006254307814055671
2023-03-15,385.89,389.49,383.71,389.28,172996900,-0.006254307814055671,0.006254307814055671,0.014978361709295472,0.1442904107865317,0.21701051467216306,9.367928468019892e-05,0,0,0,0,1,0.017545211672832073
2023-03-16,386.82,396.47,386.29,396.11,143753900,0.017545211672832073,0.017545211672832073,0.02631715009565174,-0.1851708643419876,0.22475102911649097,0.0004617399690539026,0,0,1,0,0,0.015450253717401718
2023-03-17,393.22,394.4,388.55,389.99,140553400,-0.015450253717401718,0.015450253717401718,0.01487716799755853,-0.0225153218463916,0.22962856143952484,0.00022985602015868856,1,0,0,0,0,0.009615631170029948
2023-03-20,390.8,394.17,390.07,393.74,93055780,0.009615631170029948,0.009615631170029948,0.010491299897645913,-0.41238838580752457,0.23204532457535015,0.00010088047030993605,0,1,0,0,0,0.013130492202976685
2023-03-21,397.24,399.41,395.58,398.91,91524250,0.013130492202976685,0.013130492202976685,0.009641526533078343,-0.01659513363022569,0.22187964345878403,0.000126597988967378,0,0,0,1,0,0.017046451580557065
2023-03-22,398.73,402.49,392.07,392.11,111746600,-0.017046451580557065,0.017046451580557065,0.026132972186692787,0.19962984150730634,0.2620310100575191,0.0004454744450365031,0,0,0,0,1,0.002703323047104078
2023-03-23,395.09,399.29,390.35,393.17,119351300,0.002703323047104078,0.002703323047104078,0.022627755701232627,0.0658374365139025,0.22330885582793863,6.117013349138286e-05,0,0,1,0,0,0.006562046951700262
2023-03-24,391.841,395.84,389.4,395.75,107770100,0.006562046951700262,0.006562046951700262,0.016435237762255604,-0.10207098964828276,0.18800230338877616,0.00010784880185827843,1,0,0,0,0,0.0018698673404926591
2023-03-27,398.12,398.92,395.56,396.49,74010410,0.0018698673404926591,0.0018698673404926591,0.008439666432231522,-0.3757944912917708,0.1786204114492642,1.5781056626281924e-05,0,1,0,0,0,0.0022446972180887315
2023-03-28,395.77,396.49,393.69,395.6,62871680,-0.0022446972180887315,0.0022446972180887315,0.0070748161811153235,-0.16310993274730023,0.14553149746134197,1.588082020023871e-05,0,0,0,1,0,0.014534883720930258
2023-03-29,399.925,401.6,398.68,401.35,77497880,0.014534883720930258,0.014534883720930258,0.007301369006688794,0.20915475429975672,0.10052971058894032,0.00010612454951582568,0,0,0,0,1,0.005855238569826726
2023-03-30,404.09,404.35,401.76,403.7,69840050,0.005855238569826726,0.005855238569826726,0.006409463238387567,-0.104042952278391,0.09909533579233731,3.75289363652934e-05,0,0,1,0,0,0.014094624721327609
2023-03-31,404.66,409.7,404.55,409.39,112062600,0.014094624721327609,0.014094624721327609,0.01272673355409474,0.47285001087608336,0.11773997641257054,0.0001793785333732933,1,0,0,0,0,0.003810547399790032
2023-04-03,408.85,411.37,408.44,410.95,67391100,0.003810547399790032,0.003810547399790032,0.007166442460560124,-0.5085446760874781,0.11332078761388265,2.730806868383226e-05,0,1,0,0,0,0.00554812020927109
2023-04-04,411.62,411.92,407.24,408.67,66601530,-0.00554812020927109,0.00554812020927109,0.011369709926631376,-0.011785411290123449,0.13163201251471562,6.308051741749366e-05,0,0,0,1,0,0.002618249443316123
2023-04-05,407.91,408.7,405.88,407.6,65200240,-0.002618249443316123,0.002618249443316123,0.00691328969625651,-0.021264400025316377,0.12205436742029137,1.81007168987067e-05,0,0,0,0,1,0.003900883218841855
2023-04-06,406.77,409.48,405.678,409.19,63743350,0.003900883218841855,0.003900883218841855,0.009346805319959734,-0.02259828468489289,0.12006635260458476,3.64607960224127e-05,0,0,1,0,0,0.0010264180454067073
2023-04-10,406.61,409.69,405.97,409.61,63681040,0.0010264180454067073,0.0010264180454067073,0.0091488158185976,-0.0009779917955832218,0.06562637793539224,9.390509650310915e-06,0,1,0,0,0,0.00026854813114907117
2023-04-11,410.26,411.18,408.92,409.72,59297950,0.00026854813114907117,0.00026854813114907117,0.005508701798859238,-0.07131213647734214,0.0573543420157708,1.479351573141175e-06,0,0,0,1,0,0.004075954310260754
2023-04-12,411.87,412.17,407.44,408.05,86420380,-0.004075954310260754,0.004075954310260754,0.011484206181562187,0.3766487869087811,0.04979775335049672,4.680909968566159e-05,0,0,0,0,1,0.01328268594534987
2023-04-13,409.18,413.84,407.9922,413.47,85814750,0.01328268594534987,0.01328268594534987,0.014291509848966101,-0.007032624401997367,0.10284758564587815,0.0001898296370086913,0,0,1,0,0,0.002442740706701918
2023-04-14,412.81,415.09,410.06,412.46,78161500,-0.002442740706701918,0.002442740706701918,0.012184782345388853,-0.09341370304711205,0.10858280170207069,2.976426383738422e-05,1,0,0,0,0,0.0035882267371381005
2023-04-17,412.37,413.96,411.085,413.94,66436400,0.0035882267371381005,0.0035882267371381005,0.006971894172708975,-0.16253209764395393,0.10923388540121716,2.5016737079011662e-05,0,1,0,0,0,0.0006522684447021199
2023-04-18,415.58,415.72,412.7802,414.21,63560000,0.0006522684447021199,0.0006522684447021199,0.007073968910919794,-0.04426075670101426,0.10885654081891687,4.614126699396803e-06,0,0,0,1,0,0.00016899640279088857
2023-04-19,412.22,415.08,412.16,414.14,55227330,-0.00016899640279088857,0.00016899640279088857,0.007083596137984471,-0.1405263998418711,0.09761721403464631,1.1971022661428063e-06,0,0,0,0,1,0.005457091804703662
2023-04-20,411.21,413.7,410.27,411.88,75840360,-0.005457091804703662,0.005457091804703662,0.008341236837625561,0.3171726603967251,0.05391784852883155,4.551889518769874e-05,0,0,1,0,0,0.0007769253180538449
2023-04-21,412.19,412.68,410.17,412.2,73457420,0.0007769253180538449,0.0007769253180538449,0.00608942477983452,-0.03192468572281726,0.05243320971345664,4.731028283837899e-06,1,0,0,0,0,0.0010431829209121002
2023-04-24,411.99,413.07,410.6,412.63,64332100,0.0010431829209121002,0.0010431829209121002,0.0059952911478433225,-0.1326471876208224,0.04342811689125376,6.254185331325655e-06,0,1,0,0,0,0.015873785231321103
2023-04-25,410.58,411.16,406.02,406.08,97766720,-0.015873785231321103,0.015873785231321103,0.012518875736762735,0.41852549844721665,0.11392619037478721,0.0001987219447829684,0,0,0,1,0,0.0042356185973206895
2023-04-26,406.72,407.84,403.78,404.36,80447050,-0.0042356185973206895,0.0042356185973206895,0.009982297403619202,-0.19498502660184514,0.10900685827324832,4.228120452675552e-05,0,0,0,0,1,0.019908002769809086
2023-04-27,407.0,412.69,406.74,412.41,92968370,0.019908002769809086,0.019908002769809086,0.014619164619164592,0.14466012207477164,0.2050538357520279,0.0002910383697306237,0,0,1,0,0,0.008535195557818565
2023-04-28,411.49,415.94,411.43,415.93,89433140,0.008535195557818565,0.008535195557818565,0.010960169141412892,-0.03876802034959326,0.21336282716603902,9.354718696872742e-05,1,0,0,0,0,0.0010097853004111812
2023-05-01,415.47,417.62,415.265,415.51,62122250,-0.0010097853004111812,0.0010097853004111812,0.005668279298144314,-0.3643870842426722,0.21436274760950447,5.723745113891135e-06,0,1,0,0,0,0.011239200019253492
2023-05-02,414.77,414.82,407.82,410.84,103998500,-0.011239200019253492,0.011239200019253492,0.016876823299660053,0.5152722516351886,0.19211701188388605,0.00018968199275447704,0,0,0,1,0,0.006863985979943532
2023-05-03,411.36,413.87,407.77,408.02,91531770,-0.006863985979943532,0.006863985979943532,0.014828860365616547,-0.1276903495190851,0.19862509690841207,0.00010178508964813229,0,0,0,0,1,0.007082986128130964
2023-05-04,406.93,407.27,403.74,405.13,94901860,-0.007082986128130964,0.007082986128130964,0.008674710638193233,0.03615717948264319,0.12169944315310996,6.144285511587276e-05,0,0,1,0,0,0.01851257621010549
2023-05-05,408.91,413.72,408.64,412.63,87891790,0.01851257621010549,0.01851257621010549,0.012423271624562962,-0.07673690542567968,0.18707871590284614,0.00022998676272856287,1,0,0,0,0,0.0002665826527397108
2023-05-08,412.97,413.24,411.28,412.74,50046770,0.0002665826527397108,0.0002665826527397108,0.004746107465433413,-0.5631484219183385,0.1875241029669238,1.2652299183229845e-06,0,1,0,0,0,0.004385327324708088
2023-05-09,411.13,412.09,410.6894,410.93,49220120,-0.004385327324708088,0.004385327324708088,0.003406708340427595,-0.01665548488534796,0.1700982776476972,1.4939531172588075e-05,0,0,0,1,0,0.00467232862044642
2023-05-10,413.88,414.535,408.87,412.85,96142920,0.00467232862044642,0.00467232862044642,0.01368754228278733,0.6695333414692328,0.15979284965472915,6.395269555143776e-05,0,0,0,0,1,0.001743974809252813
2023-05-11,411.95,412.43,409.97,412.13,70157060,-0.001743974809252813,0.001743974809252813,0.005971598494962932,-0.31509938755866074,0.14350373400682906,1.0414317346187362e-05,0,0,1,0,0,0.0013102661781476677
2023-05-12,413.42,413.64,409.07,411.59,70481550,-0.0013102661781476677,0.0013102661781476677,0.011054133810652587,0.004614530407970108,0.05303155222527314,1.448385766081668e-05,1,0,0,0,0,0.0034500352292330394
2023-05-15,412.22,413.43,410.23,413.01,54289380,0.0034500352292330394,0.0034500352292330394,0.0077628450827227895,-0.26102234150777903,0.06025494439596868,2.6782089014472092e-05,0,1,0,0,0,0.00668264690927578
2023-05-16,411.86,412.815,410.24,410.25,57705500,-0.00668264690927578,0.00668264690927578,0.006252124508328045,0.061023860803704366,0.07214962757703239,4.178074052198577e-05,0,0,0,1,0,0.01213893967093238
2023-05-17,412.35,415.855,410.635,415.23,87286960,0.01213893967093238,0.01213893967093238,0.01265914878137511,0.41384858623204934,0.11276020355917062,0.00015366864334246964,0,0,0,0,1,0.009633215326445566
2023-05-18,414.9,419.67,414.67,419.23,97177200,0.009633215326445566,0.009633215326445566,0.012051096649795132,0.1073350331836167,0.1227224738013471,0.00011609080894728327,0,0,1,0,0,0.0014550485413734604
2023-05-19,420.17,420.72,417.35,418.62,103793300,-0.0014550485413734604,0.0014550485413734604,0.008020563105409726,0.06586530473660801,0.12307975453174395,1.1670308647520214e-05,1,0,0,0,0,0.00040609622091647424
2023-05-22,418.64,420.39,417.35,418.79,60745400,0.00040609622091647424,0.00040609622091647424,0.007261609019682696,-0.5357100554256107,0.12491157460918688,2.948911980666126e-06,0,1,0,0,0,0.011222808567539877
2023-05-23,417.08,418.722,413.68,414.09,86383490,-0.011222808567539877,0.011222808567539877,0.012088807902560596,0.3521052055124194,0.14856340953141461,0.00013567037690020083,0,0,0,1,0,0.007244801854669247
2023-05-24,412.42,412.82,409.8795,411.09,89213680,-0.007244801854669247,0.007244801854669247,0.007129867610688099,0.032237821101066544,0.1264948763520678,5.1654478089459335e-05,0,0,0,0,1,0.008659904157240605
2023-05-25,414.74,416.16,412.4101,414.65,90961610,0.008659904157240605,0.008659904157240605,0.009041568211409619,0.019403158102466733,0.12093343441090855,7.829911414196066e-05,0,0,1,0,0,0.012950681297479782
2023-05-26,415.33,420.77,415.25,420.02,93829980,0.012950681297479782,0.012950681297479782,0.013290636361447481,0.03104687144082874,0.1624324459902932,0.00017212279575780265,1,0,0,0,0,0.0003809342412266492
2023-05-30,422.03,422.58,418.735,420.18,72215960,0.0003809342412266492,0.0003809342412266492,0.009110726725588159,-0.2618233438588824,0.16243550821913802,3.4705877722352795e-06,0,0,0,1,0,0.0055452425151125695
2023-05-31,418.28,419.22,416.22,417.85,110811800,-0.0055452425151125695,0.0055452425151125695,0.007172229128813236,0.4281721879127254,0.13956090446766206,3.977174989322394e-05,0,0,0,0,1,0.009501017111403609
2023-06-01,418.09,422.92,416.79,421.82,88865020,0.009501017111403609,0.009501017111403609,0.01466191489870601,-0.22071467533647038,0.12017165536076023,0.00013930310433854932,0,0,1,0,0,0.014461144564032136
2023-06-02,424.5,428.74,423.95,427.92,91426170,0.014461144564032136,0.014461144564032136,0.01128386336866907,0.028413171740805154,0.13665340041773366,0.00016317757941511008,1,0,0,0,0,0.0019162460272947879
2023-06-05,428.28,429.62,426.37,427.1,65460160,-0.0019162460272947879,0.0019162460272947879,0.007588493508919399,-0.33409004367896955,0.13209343851565816,1.4541420539619082e-05,0,1,0,0,0,0.00217747600093654
2023-06-06,426.67,428.5772,425.99,428.03,64022180,0.00217747600093654,0.00217747600093654,0.006063702627323214,-0.022212127146925553,0.13012800243918132,1.3203566947812143e-05,0,0,0,1,0,0.0034577015629744245
2023-06-07,428.44,429.62,426.11,426.55,85373280,-0.0034577015629744245,0.0034577015629744245,0.008192512370460254,0.2878035815480473,0.1212921356654996,2.8327262828027725e-05,0,0,0,0,1,0.006048528894619487
2023-06-08,426.62,429.6,425.82,429.13,61952840,0.006048528894619487,0.006048528894619487,0.008860344100136022,-0.3206597164005949,0.11395672031242984,5.3592047305944024e-05,0,0,1,0,0,0.001794328059096184
2023-06-09,429.96,431.99,428.87,429.9,85647270,0.001794328059096184,0.001794328059096184,0.007256488975718682,0.3238638954447097,0.059320359775456015,1.302052177965416e-05,1,0,0,0,0,0.009071877180739873
2023-06-12,430.92,433.88,430.17,433.8,76256700,0.009071877180739873,0.009071877180739873,0.008609486679662071,-0.11613206843917112,0.07526291547552513,7.810420574711024e-05,0,1,0,0,0,0.006592899953895781
2023-06-13,435.32,437.33,434.63,436.66,95899700,0.006592899953895781,0.006592899953895781,0.006202333915280687,0.22919757046011924,0.07822337579577542,4.089136698410028e-05,0,0,0,1,0,0.0011908578756927302
2023-06-14,437.01,439.0612,433.59,437.18,100612100,0.0011908578756927302,0.0011908578756927302,0.012519621976613831,0.0479696746485061,0.053235631225683595,1.4909090431546367e-05,0,0,0,0,1,0.012397639416258821
2023-06-15,436.33,443.9,436.23,442.6,110303100,0.012397639416258821,0.012397639416258821,0.017578438337955124,0.09195950139620379,0.07584700486959789,0.00021793114001490764,0,0,1,0,0,0.007094441934026308
2023-06-16,443.02,443.6078,438.97,439.46,114165800,-0.007094441934026308,0.007094441934026308,0.010468601868990046,0.034419746425502495,0.12116036161721112,7.426888808998916e-05,1,0,0,0,0,0.005188185500386799
2023-06-20,437.45,438.37,435.03,437.18,76160360,-0.005188185500386799,0.005188185500386799,0.007635158303806222,-0.4048106560307865,0.12880776548638992,3.961261760496531e-05,0,0,0,1,0,0.0051237476554280015
2023-06-21,436.16,436.99,434.33,434.94,76982250,-0.0051237476554280015,0.0051237476554280015,0.006098679383712456,0.010733758296588292,0.1269230024558634,3.124809419350378e-05,0,0,0,0,1,0.0036096932910285595
2023-06-22,433.95,436.62,433.6,436.51,70637180,0.0036096932910285595,0.0036096932910285595,0.006959327111418325,-0.08601823985857138,0.13038399499448014,2.512103638415989e-05,0,0,1,0,0,0.007559964261987129
2023-06-23,432.93,435.06,432.47,433.21,92074540,-0.007559964261987129,0.007559964261987129,0.005982491395837606,0.2650418283212801,0.07207745271452388,4.5227421150177794e-05,1,0,0,0,0,0.004085778259966255
2023-06-26,432.62,434.61,431.19,431.44,72823560,-0.004085778259966255,0.004085778259966255,0.007905321066987232,-0.23455893429981245,0.06768430013219627,3.229938895354967e-05,0,1,0,0,0,0.010963285740775097
2023-06-27,432.35,436.81,431.88,436.17,72813700,0.010963285740775097,0.010963285740775097,0.01140279865849429,-0.00013540490778041203,0.12098989768928455,0.00012501213993759987,0,0,0,1,0,0.000504390489946438
2023-06-28,435.05,437.44,434.41,436.39,75635980,0.000504390489946438,0.000504390489946438,0.006964716699229911,0.03802797107122302,0.11363568855080193,3.5129368682627134e-06,0,0,0,0,1,0.003941428538692504
2023-06-29,435.96,438.28,435.54,438.11,67882300,0.003941428538692504,0.003941428538692504,0.00628498027341947,-0.10815677126891998,0.11419636137391921,2.4771800614774916e-05,0,0,1,0,0,0.011800689324598768
2023-06-30,441.44,444.3,441.11,443.28,104964000,0.011800689324598768,0.011800689324598768,0.007226350126857552,0.4358421059059019,0.10795503799697745,8.527591279782086e-05,1,0,0,0,0,0.0011505143475907254
2023-07-03,442.92,444.08,442.63,443.79,32793380,0.0011505143475907254,0.0011505143475907254,0.0032737288900929933,-1.1633907475072967,0.08537675592299333,3.7664720581742494e-06,0,1,0,0,0,0.0014871898871088307
2023-07-05,441.91,443.889,441.9,443.13,58418430,-0.0014871898871088307,0.0014871898871088307,0.004500916476205636,0.5774047431127656,0.08246971012349821,6.693717466134536e-06,0,0,0,0,1,0.007830659174508536
2023-07-06,439.42,440.1,437.06,439.66,80658300,-0.007830659174508536,0.007830659174508536,0.0069182103682126905,0.32259028614084073,0.1145195567464417,5.4174147491024785e-05,0,0,1,0,0,0.0025246781603966983
2023-07-07,438.63,442.64,438.3,438.55,86134180,-0.0025246781603966983,0.0025246781603966983,0.009894444064473417,0.06568459902407753,0.11508719205264357,2.4980286838842776e-05,1,0,0,0,0,0.002531068293239125
2023-07-10,438.18,439.84,437.585,439.66,62443500,0.002531068293239125,0.002531068293239125,0.005146286914053575,-0.3216441606207674,0.06365397734318821,1.3025603636072425e-05,0,1,0,0,0,0.006368557521721163
2023-07-11,440.45,442.97,439.44,442.46,64463750,0.006368557521721163,0.006368557521721163,0.008014530593711044,0.03184090191811961,0.08516849321780098,5.104099909564285e-05,0,0,0,1,0,0.00804592505537216
2023-07-12,446.39,447.4799,444.91,446.02,91924530,0.00804592505537216,0.00804592505537216,0.005757073411142636,0.35486485936847245,0.10370464427121508,4.6320981204329406e-05,0,0,0,0,1,0.007936863817766149
2023-07-13,447.9,450.38,447.45,449.56,72425240,0.007936863817766149,0.007936863817766149,0.0065416387586515,-0.23841305395887247,0.07147754854382332,5.192009597243775e-05,0,0,1,0,0,0.0006228312127414259
2023-07-14,450.475,451.36,448.49,449.28,69815820,-0.0006228312127414259,0.0006228312127414259,0.006371052777623629,-0.036694225254613855,0.06012331776598628,3.968090527926955e-06,1,0,0,0,0,0.003472222222222321
2023-07-17,449.13,451.93,449.08,450.84,52680220,0.003472222222222321,0.003472222222222321,0.006345601496226087,-0.28162057396876605,0.058174199253553875,2.2033338528563428e-05,0,1,0,0,0,0.007430574039570592
2023-07-18,450.5,454.86,450.0484,454.19,80744450,0.007430574039570592,0.007430574039570592,0.01068057713651498,0.4270491694685532,0.060156816187144205,7.936281919821942e-05,0,0,0,1,0,0.002223738963869737
2023-07-19,455.01,456.43,454.1119,455.2,65891690,0.002223738963869737,0.002223738963869737,0.0050946133052021175,-0.2032768928934594,0.05725458557992428,1.1329090112627132e-05,0,0,0,0,1,0.006634446397188021
2023-07-20,454.17,455.1,451.44,452.18,70591640,-0.006634446397188021,0.006634446397188021,0.008058656450227943,0.06889938947415786,0.08314398839122712,5.3464724252390775e-05,0,0,1,0,0,0.0
2023-07-21,453.96,454.165,452.17,452.18,71275620,0.0,0.0,0.0043946603224953844,0.009642609437150895,0.08241041267986823,0.0,1,0,0,0,0,0.004467247556282805
2023-07-24,453.37,455.04,452.298,454.2,54023380,0.004467247556282805,0.004467247556282805,0.0060480402320400965,-0.27713741315683293,0.0843440141486122,2.701809294688121e-05,0,1,0,0,0,0.0027300748568912514
2023-07-25,453.92,456.735,453.87,455.44,55191240,0.0027300748568912514,0.0027300748568912514,0.006311684878392688,0.021387328819884033,0.06865493358606775,1.7231372191120593e-05,0,0,0,1,0,0.0001536975232740989
2023-07-26,454.47,456.99,453.38,455.51,71052890,0.0001536975232740989,0.0001536975232740989,0.007943318590886117,0.2526202802142734,0.06704345008022397,1.2208683939963016e-06,0,0,0,0,1,0.006629931285811463
2023-07-27,459.02,459.44,451.55,452.49,92194380,-0.006629931285811463,0.006629931285811463,0.01718879351662234,0.26047464173406354,0.0670146948847424,0.0001139605199012077,0,0,1,0,0,0.009790271608212331
2023-07-28,455.88,457.78,452.4918,456.92,80011790,0.009790271608212331,0.009790271608212331,0.011599982451522245,-0.14172517379113003,0.09562362015504644,0.00011356697885089951,1,0,0,0,0,0.001904053225947555
2023-07-31,457.41,458.16,456.045,457.79,62040450,0.001904053225947555,0.001904053225947555,0.004623860431560327,-0.2543874035279501,0.09333383421357194,8.804076371043694e-06,0,1,0,0,0,0.0028615740841870796
2023-08-01,456.27,457.25,455.49,456.48,55502200,-0.0028615740841870796,0.0028615740841870796,0.0038573651565958554,-0.11136393016176171,0.09738348158607724,1.1038136165360935e-05,0,0,0,1,0,0.013910795653697905
2023-08-02,453.25,453.52,449.3499,450.13,93933370,-0.013910795653697905,0.013910795653697905,0.009200441257584095,0.5261630341663022,0.14147792252297053,0.00012798545825810372,0,0,0,0,1,0.0028658387576923072
2023-08-03,448.04,450.79,447.37,448.84,64419690,-0.0028658387576923072,0.0028658387576923072,0.007633247031515079,-0.3771663645454595,0.1367341805960689,2.1875655189955665e-05,0,0,1,0,0,0.004522769806612592
2023-08-04,450.72,452.895,446.27,446.81,100128900,-0.004522769806612592,0.004522769806612592,0.014698704295349661,0.4410390186833837,0.09219474807281493,6.647885598333426e-05,1,0,0,0,0,0.008728542333430234
2023-08-07,448.71,450.865,447.99,450.71,58357460,0.008728542333430234,0.008728542333430234,0.006407256357112612,-0.5398711490456556,0.12771896340046388,5.592600835419742e-05,0,1,0,0,0,0.004348694282354515
2023-08-08,448.08,450.6952,445.2705,448.75,71361320,-0.004348694282354515,0.004348694282354515,0.012106543474379516,0.2011687829894413,0.12799004246634205,5.2647656386110564e-05,0,0,0,1,0,0.006685236768802283
2023-08-09,449.03,449.1999,444.96,445.75,78789580,-0.006685236768802283,0.006685236768802283,0.00944235351758242,0.09902476743799582,0.09710241490835671,6.312436891977156e-05,0,0,0,0,1,0.00035894559730786924
2023-08-10,448.19,451.7,444.7,445.91,93005500,0.00035894559730786924,0.00035894559730786924,0.015618376135121266,0.16587787463185677,0.09785868970234284,5.606147350800073e-06,0,0,1,0,0,0.00058307730259477
2023-08-11,443.97,446.7007,443.345,445.65,68690900,-0.00058307730259477,0.00058307730259477,0.007558393585152051,-0.3030418968997779,0.09357214834466238,4.407127743580071e-06,1,0,0,0,0,0.005520026926960631
2023-08-14,444.7,448.11,444.38,448.11,47867440,0.005520026926960631,0.005520026926960631,0.008387677085675777,-0.3611812003463939,0.07444028825875473,4.6300203367580955e-05,0,1,0,0,0,0.011648925487045658
2023-08-15,446.27,446.64,442.3,442.89,75707530,-0.011648925487045658,0.011648925487045658,0.009725054339301265,0.45844209560817717,0.10569671627595476,0.00011328643335599047,0,0,0,1,0,0.007338165232902094
2023-08-16,442.46,444.18,439.53,439.64,80107210,-0.007338165232902094,0.007338165232902094,0.01050942458075314,0.05648823468752795,0.10737197393722335,7.711989407628935e-05,0,0,0,0,1,0.007619870803384554
2023-08-17,441.16,441.43,435.75,436.29,95711320,-0.007619870803384554,0.007619870803384554,0.012875147338833997,0.17797071323201052,0.10781273382290027,9.810695929645552e-05,0,0,1,0,0,0.0004813312246441104
2023-08-18,433.37,437.57,433.01,436.5,98851960,0.0004813312246441104,0.0004813312246441104,0.01052218658421211,0.0322867993353384,0.1103799987882921,5.064656954512644e-06,1,0,0,0,0,0.0065063001145475585
2023-08-21,437.55,440.11,435.32,439.34,68718960,0.0065063001145475585,0.0065063001145475585,0.01094732030625076,-0.36359822932154273,0.1158916711585436,7.122655136254813e-05,0,1,0,0,0,0.002708608367096077
2023-08-22,441.18,441.18,437.57,438.15,65062860,-0.002708608367096077,0.002708608367096077,0.008182601205857051,-0.05467126336606398,0.09357985907279343,2.216346209079486e-05,0,0,0,1,0,0.011137738217505522
2023-08-23,439.25,443.67,439.1,443.03,68441020,0.011137738217505522,0.011137738217505522,0.01040409789413772,0.05061847221838178,0.11768930286171111,0.0001158781187342064,0,0,0,0,1,0.013859106606776028
2023-08-24,444.69,445.22,436.855,436.89,88517270,-0.013859106606776028,0.013859106606776028,0.018810857001506687,0.2572253184272526,0.15175294127380812,0.00026070167254870044,0,0,1,0,0,0.007049829476527325
2023-08-25,438.68,441.3,435.0,439.97,102325100,0.007049829476527325,0.007049829476527325,0.014361265615026925,0.14495732391256766,0.1591980014905672,0.00010124447365305514,1,0,0,0,0,0.006341341455099236
2023-08-28,442.24,443.4,439.9728,442.76,61595390,0.006341341455099236,0.006341341455099236,0.00774963820549921,-0.5075679631174026,0.15888336325825803,4.9143102014552994e-05,0,1,0,0,0,0.014454783629957557
2023-08-29,442.65,449.45,442.46,449.16,83081920,0.014454783629957557,0.014454783629957557,0.01579125720094885,0.29924007472072134,0.17547050817653775,0.00022825920608472483,0,0,0,1,0,0.004118799536913187
2023-08-30,449.51,451.67,448.78,451.01,69053910,0.004118799536913187,0.004118799536913187,0.006429222931636767,-0.18493960266519238,0.16693347620710042,2.648068043353716e-05,0,0,0,0,1,0.0014633821866476548
2023-08-31,451.65,452.83,450.16,450.35,66084560,-0.0014633821866476548,0.0014633821866476548,0.00591165725672525,-0.04395236913928713,0.09115504584413212,8.651013923058074e-06,0,0,1,0,0,0.0018652159431553628
2023-09-01,453.17,453.67,449.68,451.19,58944100,0.0018652159431553628,0.0018652159431553628,0.008804642849261886,-0.11434559510573905,0.09509835826232747,1.642256021623213e-05,1,0,0,0,0,0.004321904297524326
2023-09-05,450.73,451.06,449.17,449.24,55166210,-0.004321904297524326,0.004321904297524326,0.004193197701506415,-0.06623890782597996,0.11426877422221288,1.81225991665097e-05,0,0,0,1,0,0.006722464606891632
2023-09-06,448.4,448.51,443.81,446.22,70758510,-0.006722464606891632,0.006722464606891632,0.010481712756467415,0.24892217981188836,0.07007457552631739,7.046294302495672e-05,0,0,0,0,1,0.003070234413518058
2023-09-07,443.11,445.55,442.75,444.85,70355430,-0.003070234413518058,0.003070234413518058,0.00631897271557855,-0.005712845811689959,0.05101452520405424,1.940072748945092e-05,0,0,1,0,0,0.0015061256603348117
2023-09-08,444.9,447.11,444.53,445.52,62068440,0.0015061256603348117,0.0015061256603348117,0.005799055967633269,-0.1253223169898412,0.05937609060297519,8.734106998570187e-06,1,0,0,0,0,0.006576584665110463
2023-09-11,448.24,448.77,446.4699,448.45,60180120,0.006576584665110463,0.006576584665110463,0.005131402819917871,-0.030895581471881428,0.08382727000033252,3.374710509597646e-05,0,1,0,0,0,0.005485561378079984
2023-09-12,446.95,448.53,445.39,445.99,67565420,-0.005485561378079984,0.005485561378079984,0.007025394339411537,0.11575424667277545,0.08690258092163008,3.853823185405767e-05,0,0,0,1,0,0.0011659454247852086
2023-09-13,446.22,447.71,445.0793,446.51,60199270,0.0011659454247852086,0.0011659454247852086,0.005895522388059679,-0.11543608590051235,0.07373577374086673,6.87385735507695e-06,0,0,0,0,1,0.008622427269266097
2023-09-14,449.07,451.08,447.715,450.36,83430810,0.008622427269266097,0.008622427269266097,0.007493263856414388,0.32635743498379455,0.08717862739798374,6.461012261135346e-05,0,0,1,0,0,0.01552091660005328
2023-09-15,447.14,447.48,442.92,443.37,111848900,-0.01552091660005328,0.01552091660005328,0.010198148230979117,0.2931311846378044,0.1558692859275146,0.00015828460816800778,1,0,0,0,0,0.0005864176647043529
2023-09-18,443.05,444.97,442.56,443.63,55752210,0.0005864176647043529,0.0005864176647043529,0.005439566640334104,-0.6962317934818536,0.14296606061466552,3.1898579662284278e-06,0,1,0,0,0,0.002073800238937884
2023-09-19,442.68,443.29,439.94,442.71,66514650,-0.002073800238937884,0.002073800238937884,0.007567543146290825,0.17650517043867353,0.13993529466148721,1.569357278495066e-05,0,0,0,1,0,0.009193377154344762
2023-09-20,444.01,444.435,438.43,438.64,82562600,-0.009193377154344762,0.009193377154344762,0.013524470169590765,0.21613456641214412,0.14691465120133038,0.00012433555508173296,0,0,0,0,1,0.01652836038664962
2023-09-21,435.7,435.97,431.23,431.39,104095800,-0.01652836038664962,0.01652836038664962,0.01087904521459722,0.23175483299475275,0.12246981125859306,0.00017981277996951883,0,0,1,0,0,0.002248545399754165
2023-09-22,432.45,434.1,429.99,430.42,100829700,-0.002248545399754165,0.002248545399754165,0.009503988900450951,-0.031878673578777494,0.11051170612382034,2.137015052142363e-05,1,0,0,0,0,0.004205194925886335
2023-09-25,429.17,432.27,428.72,432.23,70874530,0.004205194925886335,0.004205194925886335,0.008271780413355906,-0.35252182027137025,0.12580372701686998,3.478444902229023e-05,0,1,0,0,0,0.014691252342502903
2023-09-26,429.09,429.82,425.02,425.88,96168440,-0.014691252342502903,0.014691252342502903,0.011186464378102523,0.30519010297435045,0.1375916442319696,0.00016434317099912397,0,0,0,1,0,0.000399173476096637
2023-09-27,427.09,427.67,422.29,426.05,104705800,0.000399173476096637,0.000399173476096637,0.01259687653656137,0.08505327454690104,0.14749094045807862,5.028338995059368e-06,0,0,0,0,1,0.005797441614833865
2023-09-28,425.48,430.2499,424.87,428.52,92258310,0.005797441614833865,0.005797441614833865,0.012644307605527922,-0.12656215125981873,0.1289145727890378,7.330463510304791e-05,0,0,1,0,0,0.0024269579016147347
2023-09-29,431.67,431.85,425.91,427.48,115111300,-0.0024269579016147347,0.0024269579016147347,0.013760511501841679,0.2213071240922453,0.12900280557142643,3.33961821196551e-05,1,0,0,0,0,0.0003976794235988068
2023-10-02,426.62,428.6,424.46,427.31,83798600,-0.0003976794235988068,0.0003976794235988068,0.009704186395387096,-0.31748318225780636,0.12038112587277443,3.859155252212923e-06,0,1,0,0,0,0.013386066321874113
2023-10-03,425.06,427.3729,420.18,421.59,103760600,-0.013386066321874113,0.013386066321874113,0.016922081588481647,0.21367001936626906,0.11195420563027132,0.00022652010644758018,0,0,0,1,0,0.007281956403140555
2023-10-04,422.07,425.4299,420.56,424.66,87452970,0.007281956403140555,0.007281956403140555,0.011538133484966885,-0.17098515761743727,0.13040095343014277,8.402018501114505e-05,0,0,0,0,1,0.00037677200584007586
2023-10-05,424.36,425.37,421.1701,424.5,70142740,-0.00037677200584007586,0.00037677200584007586,0.009897021396927169,-0.2205688516534181,0.11801854633991964,3.728920603562399e-06,0,0,1,0,0,0.011872791519434767
2023-10-06,421.97,431.125,420.6,429.54,113273300,0.011872791519434767,0.011872791519434767,0.02494253145958238,0.4792711686108717,0.15236395283738954,0.00029613747598656454,1,0,0,0,0,0.006402197699864942
2023-10-09,427.58,432.88,427.0101,432.29,80374360,0.006402197699864942,0.006402197699864942,0.013728191215678875,-0.34310825925132704,0.15604058609811056,8.78905942243254e-05,0,1,0,0,0,0.005204839343958989
2023-10-10,432.94,437.22,432.53,434.54,78607270,0.005204839343958989,0.005204839343958989,0.010832909872037822,-0.02223103077486499,0.06990225130875688,5.638355551154419e-05,0,0,0,1,0,0.004096285727435811
2023-10-11,435.64,436.58,433.18,436.32,62451740,0.004096285727435811,0.004096285727435811,0.00780460931043976,-0.23007008703239862,0.07010097846038593,3.196990972656704e-05,0,0,0,0,1,0.006096442977631011
2023-10-12,436.95,437.335,431.23,433.66,81154230,-0.006096442977631011,0.006096442977631011,0.013971850326124182,0.2619573161318449,0.1037057992952185,8.517858880521132e-05,0,0,1,0,0,0.00498086058202285
2023-10-13,435.21,436.45,429.88,431.5,95201130,-0.00498086058202285,0.00498086058202285,0.015096160474253793,0.15964039136136776,0.09476749577852057,7.51918706461021e-05,1,0,0,0,0,0.010521436848204058
2023-10-16,433.82,437.14,433.57,436.04,75433190,0.010521436848204058,0.010521436848204058,0.008229219491955174,-0.23274444488507484,0.11260001799875957,8.658321319461624e-05,0,1,0,0,0,4.586735161915545e-05
2023-10-17,432.81,438.14,432.45,436.02,75324710,-4.586735161915545e-05,4.586735161915545e-05,0.013146646334419254,-0.0014391287923700702,0.10854481471199012,6.030018500334891e-07,0,0,0,1,0,0.01332507683133799
2023-10-18,434.19,435.18,429.09,430.21,93559800,-0.01332507683133799,0.01332507683133799,0.014026117598286538,0.2167925664349717,0.14007505684389754,0.00018689909464254998,0,0,0,0,1,0.008786406638618294
2023-10-19,430.95,432.82,425.725,426.43,121323000,-0.008786406638618294,0.008786406638618294,0.01646362687086662,0.25985560401282015,0.14528576565487267,0.000144656120433917,0,0,1,0,0,0.012288066036629686
2023-10-20,425.98,426.54,421.08,421.19,123919900,-0.012288066036629686,0.012288066036629686,0.012817503169162957,0.02117897845657879,0.15913878510528773,0.00015750232536738468,1,0,0,0,0,0.0017331845485411002
2023-10-23,419.61,424.45,417.8,420.46,92035100,-0.0017331845485411002,0.0017331845485411002,0.01584804937918538,-0.29746536031309745,0.09622851624958621,2.7467594308520477e-05,0,1,0,0,0,0.007539361651524468
2023-10-24,422.65,424.82,420.74,423.63,78564240,0.007539361651524468,0.007539361651524468,0.009653377499112704,-0.15825339008767614,0.13795415315622853,7.278030412449949e-05,0,0,0,1,0,0.01435214692066189
2023-10-25,421.89,421.92,417.015,417.55,94223200,-0.01435214692066189,0.01435214692066189,0.011626253288772025,0.18174979956842563,0.1416646209246001,0.0001668616953372846,0,0,0,0,1,0.01197461381870435
2023-10-26,416.45,417.325,411.6,412.55,115156800,-0.01197461381870435,0.01197461381870435,0.013747148517228877,0.20062824024209291,0.14741437347776248,0.00016461679460218992,0,0,1,0,0,0.004532783904981241
2023-10-27,414.19,414.6,409.21,410.68,107367700,-0.004532783904981241,0.004532783904981241,0.013013351360486838,-0.07003528533873649,0.13844384044353925,5.8986709596680474e-05,1,0,0,0,0,0.01195578065647207
2023-10-30,413.56,416.68,412.22,415.59,86562680,0.01195578065647207,0.01195578065647207,0.010784408550149869,-0.21539061392258319,0.18510560487689245,0.0001289360231353738,0,1,0,0,0,0.006280228109434738
2023-10-31,416.18,418.53,414.21,418.2,79665150,0.006280228109434738,0.006280228109434738,0.010380123984814247,-0.08303654937638072,0.1810725536009167,6.518954642884816e-05,0,0,0,1,0,0.010664753706360663
2023-11-01,419.2,423.5,418.6499,422.66,98068120,0.010664753706360663,0.010664753706360663,0.011569895038167934,0.20783011145903174,0.1644635283647429,0.00012339008099050531,0,0,0,0,1,0.019164340131547775
2023-11-02,426.58,430.915,426.56,430.76,94938910,0.019164340131547775,0.019164340131547775,0.010209104974447977,-0.03242870678182541,0.13860100821839752,0.0001956507601689974,0,0,1,0,0,0.00912340978735271
2023-11-03,433.14,436.29,433.01,434.69,100167800,0.00912340978735271,0.00912340978735271,0.007572609318003486,0.05361314704724052,0.07634725558518153,6.908801796767132e-05,1,0,0,0,0,0.0023004900043708254
2023-11-06,435.47,436.1498,433.68,435.69,67831660,0.0023004900043708254,0.0023004900043708254,0.005671573242703333,-0.3898177273542842,0.09948441360298844,1.3047397553896047e-05,0,1,0,0,0,0.0028460602722120143
2023-11-07,435.69,437.585,434.51,436.93,64256110,0.0028460602722120143,0.0028460602722120143,0.007057770433106082,-0.054152230255127165,0.10903040082668161,2.00868400400558e-05,0,0,0,1,0,0.0007323827615406397
2023-11-08,437.55,438.09,434.87,437.25,61746030,0.0007323827615406397,0.0007323827615406397,0.007359158953262416,-0.039847133954157954,0.120626621788483,5.389721156806853e-06,0,0,0,0,1,0.007798742138364845
2023-11-09,438.43,438.47,433.4,433.84,83174420,-0.007798742138364845,0.007798742138364845,0.011563989690486623,0.2979101625152829,0.09643267367779094,9.018457368681466e-05,0,0,1,0,0,0.015604831274202535
2023-11-10,435.98,440.93,433.8335,440.61,89558050,0.015604831274202535,0.015604831274202535,0.01627712280379832,0.07394716889248087,0.1330061794747125,0.0002540017549827473,1,0,0,0,0,0.0009532239395384501
2023-11-13,439.23,441.33,438.42,440.19,52236070,-0.0009532239395384501,0.0009532239395384501,0.006625230517041113,-0.5391137579733574,0.13565827689780624,6.315328333804292e-06,0,1,0,0,0,0.019400713328335595
2023-11-14,446.32,450.06,446.09,448.73,97176940,0.019400713328335595,0.019400713328335595,0.008894963255063693,0.6207601792389177,0.18384904440939212,0.00017256863217756955,0,0,0,1,0,0.0021170859982617696
2023-11-15,450.11,451.38,448.8,449.68,77327570,0.0021170859982617696,0.0021170859982617696,0.005731932194352456,-0.2284828835210817,0.1818879511304367,1.2134993391649445e-05,0,0,0,0,1,0.0012230919765165993
2023-11-16,449.22,450.56,448.12,450.23,66665800,0.0012230919765165993,0.0012230919765165993,0.005431637059792524,-0.1483584744953177,0.1478856084880629,6.643391707182448e-06,0,0,1,0,0,0.001243808719987527
2023-11-17,450.24,451.42,449.29,450.79,83193900,0.001243808719987527,0.001243808719987527,0.004730810234541568,0.221481947056116,0.13251449342189586,5.8842230223290395e-06,1,0,0,0,0,0.0076975975509661065
2023-11-20,450.53,455.125,450.52,454.26,70055630,0.0076975975509661065,0.0076975975509661065,0.01022129491931729,-0.17188438486048696,0.12357979564985479,7.867941473863907e-05,0,1,0,0,0,0.002179368643508095
2023-11-21,453.1842,454.131,451.9599,453.27,49244640,-0.002179368643508095,0.002179368643508095,0.004790767197973732,-0.35248910547636925,0.056748185616855434,1.044084780961109e-05,0,0,0,1,0,0.0038608334987977333
2023-11-22,454.98,456.38,453.8895,455.02,59446570,0.0038608334987977333,0.0038608334987977333,0.005473866983164089,0.18827739323681314,0.058265248803047134,2.1133689016562805e-05,0,0,0,0,1,0.0006153575667005029
2023-11-24,455.07,455.5,454.73,455.3,29737380,0.0006153575667005029,0.0006153575667005029,0.0016920473773265252,-0.692673068812006,0.05917107515315181,1.0412141568536182e-06,1,0,0,0,0,0.0018010103228640606
2023-11-27,454.65,455.4901,454.0799,454.48,50505990,-0.0018010103228640606,0.0018010103228640606,0.003101726602881282,0.5296870889685756,0.06598173925418083,5.586241630491264e-06,0,1,0,0,0,0.00099014258053165
2023-11-28,454.08,456.27,453.5,454.93,62115010,0.00099014258053165,0.00099014258053165,0.006100246652572194,0.20689571984824084,0.03873571529036141,6.040113962457392e-06,0,0,0,1,0,0.0007034049194380998
2023-11-29,457.15,458.32,454.2,454.61,63145990,-0.0007034049194380998,0.0007034049194380998,0.009012359181887794,0.016461680256011135,0.03390694837038209,6.3393377842830025e-06,0,0,0,0,1,0.0039374408833945385
2023-11-30,455.48,456.76,453.34,456.4,79752700,0.0039374408833945385,0.0039374408833945385,0.0075085623957144455,0.23348124641747603,0.034373328923165886,2.95645205524049e-05,0,0,1,0,0,0.005915863277826672
2023-12-01,455.77,459.65,455.16,459.1,89183400,0.005915863277826672,0.005915863277826672,0.00985146016631185,0.11176432539560821,0.05101610227785062,5.8279891430856515e-05,1,0,0,0,0,0.005249401001960363
2023-12-04,455.6,459.1206,454.34,456.69,72430890,-0.005249401001960363,0.005249401001960363,0.010492976294995718,-0.2080620551615162,0.06862332229863755,5.5081840276496864e-05,0,1,0,0,0,0.00019707022268933283
2023-12-05,455.26,457.59,454.87,456.6,69793470,-0.00019707022268933283,0.00019707022268933283,0.0059746079163554245,-0.037092412952720366,0.0691259766130331,1.1774173125576143e-06,0,0,0,1,0,0.004029785370127104
2023-12-06,458.81,458.84,454.31,454.76,69124690,-0.004029785370127104,0.004029785370127104,0.009873368060853017,-0.009628477041605521,0.07707995728866618,3.97875541655057e-05,0,0,0,0,1,0.007630398451930809
2023-12-07,456.91,458.9,456.29,458.23,66995450,0.007630398451930809,0.007630398451930809,0.00571228469501643,-0.03128726810618687,0.09179174165066244,4.358700829384142e-05,0,0,1,0,0,0.004299151081334607
2023-12-08,457.46,460.745,457.21,460.2,83194400,0.004299151081334607,0.004299151081334607,0.007727451580466106,0.21655532832605928,0.08670743132087073,3.3221481818121675e-05,1,0,0,0,0,0.003889613211647047
2023-12-11,459.69,462.17,459.47,461.99,65002250,0.003889613211647047,0.003889613211647047,0.005873523461463135,-0.24675814982439448,0.0715394790316952,2.2845734454625907e-05,0,1,0,0,0,0.004567198424208385
2023-12-12,461.63,464.2,460.6,464.1,68327620,0.004567198424208385,0.004567198424208385,0.007798453306760752,0.04989219178884241,0.06893345274741255,3.561708365390038e-05,0,0,0,1,0,0.013790131437190212
2023-12-13,464.49,470.7599,464.12,470.5,93277960,0.013790131437190212,0.013790131437190212,0.014295033262287695,0.31126977158981006,0.06605362914318673,0.0001971303875859533,0,0,0,0,1,0.0032093517534537153
2023-12-14,472.5,473.73,469.25,472.01,119026000,0.0032093517534537153,0.0032093517534537153,0.00948148148148152,0.24375810159923006,0.07003763963542593,3.0429409217931645e-05,0,0,1,0,0,0.0056778458083515115
2023-12-15,469.49,470.7,467.4263,469.33,141553700,-0.0056778458083515115,0.0056778458083515115,0.006972885471468961,0.17333719241106138,0.10953887228560055,3.9590968546295194e-05,1,0,0,0,0,0.005625039950567956
2023-12-18,470.98,472.98,469.8929,471.97,70375290,0.005625039950567956,0.005625039950567956,0.006554630769884115,-0.6988369360117552,0.11016399577740094,3.687005994182015e-05,0,1,0,0,0,0.00608089497213804
2023-12-19,472.53,474.92,472.45,474.84,55761810,0.00608089497213804,0.00608089497213804,0.005227181342983572,-0.2327529770383734,0.11091446555565922,3.178594074700257e-05,0,0,0,1,0,0.013857299300817139
2023-12-20,473.96,475.895,467.82,468.26,102921000,-0.013857299300817139,0.013857299300817139,0.017037302725968415,0.6128724689629728,0.1372278338601893,0.00023609100315237204,0,0,0,0,1,0.009481911758424832
2023-12-21,471.33,472.975,468.84,472.7,86667470,0.009481911758424832,0.009481911758424832,0.008773046485477368,-0.1718830902934414,0.15518121107877297,8.318525262785551e-05,0,0,1,0,0,0.002009731330653741
2023-12-22,473.86,475.38,471.7,473.65,67160420,0.002009731330653741,0.002009731330653741,0.007766006837462556,-0.2549945222716232,0.14573900821485614,1.5607587255319675e-05,1,0,0,0,0,0.004222527182518698
2023-12-26,474.07,476.58,473.99,475.65,55386950,0.004222527182518698,0.004222527182518698,0.00546332820047667,-0.19274007630922796,0.14378830246922242,2.3069051833533704e-05,0,0,0,1,0,0.0018080521391778959
2023-12-27,475.44,476.66,474.89,476.51,68000310,0.0018080521391778959,0.0018080521391778959,0.00372286723876838,0.2051682542023272,0.13847787132739334,6.7311380749304755e-06,0,0,0,0,1,0.0003777465320768947
2023-12-28,476.88,477.55,476.26,476.69,77158120,0.0003777465320768947,0.0003777465320768947,0.0027050830397584726,0.12634455705009984,0.056741858866894694,1.0218357372487876e-06,0,0,1,0,0,0.0028949631836203693
2023-12-29,476.49,477.03,473.3,475.31,122283100,-0.0028949631836203693,0.0028949631836203693,0.007828076140107791,0.46048202078581824,0.04166899504470965,2.2661992224189105e-05,1,0,0,0,0,0.005596347646798949
2024-01-02,472.16,473.67,470.49,472.65,123007800,-0.005596347646798949,0.005596347646798949,0.0067350050830227185,0.005908919594528328,0.061519419392348264,3.769142984755315e-05,0,0,0,1,0,0.008166719559927982
2024-01-03,470.43,471.19,468.17,468.79,103585900,-0.008166719559927982,0.008166719559927982,0.006419658610207644,-0.1718465462948977,0.06541273622878714,5.242755154004285e-05,0,0,0,0,1,0.0032210584696773514
2024-01-04,468.3,470.96,467.05,467.28,84232170,-0.0032210584696773514,0.0032210584696773514,0.008349348708093035,-0.20682430317088674,0.05073182440065617,2.6893740372492722e-05,0,0,1,0,0,0.0013696284882727117
2024-01-05,467.49,470.44,466.43,467.92,86118910,0.0013696284882727117,0.0013696284882727117,0.008577723587670305,0.02215210061018169,0.05619570313774836,1.174829459020206e-05,1,0,0,0,0,0.014275944605915525
2024-01-08,468.43,474.75,468.3,474.6,74879070,0.014275944605915525,0.014275944605915525,0.013769399910338766,-0.13985460169462272,0.14058348123166894,0.00019657119037669443,0,1,0,0,0,0.001517067003792727
2024-01-09,471.87,474.93,471.35,473.88,65931440,-0.001517067003792727,0.001517067003792727,0.007586835357195804,-0.1272589961744366,0.13365453655573586,1.1509737583609762e-05,0,0,0,1,0,0.005655440195830197
2024-01-10,474.16,477.4481,473.87,476.56,67310640,0.005655440195830197,0.005655440195830197,0.007546186941116935,0.020702907678497695,0.11097216050330987,4.2677008952041634e-05,0,0,0,0,1,0.0004406580493536705
2024-01-11,477.59,478.12,472.26,476.35,77940720,-0.0004406580493536705,0.0004406580493536705,0.012269938650306778,0.146630213494106,0.10205641729612532,5.406847231333393e-06,0,0,1,0,0,0.0006927679227457517
2024-01-12,477.84,478.6,475.23,476.68,58026420,0.0006927679227457517,0.0006927679227457517,0.007052569897873775,-0.29505010926860464,0.10320722290225788,4.885794198169233e-06,1,0,0,0,0,0.003671225979692827
2024-01-16,475.26,476.6098,473.06,474.93,85014870,-0.003671225979692827,0.003671225979692827,0.007469174767495697,0.38192775282416846,0.05518192035962069,2.7421028453296333e-05,0,0,0,1,0,0.005558713915734925
2024-01-17,471.82,472.79,469.87,472.29,68843870,-0.005558713915734925,0.005558713915734925,0.00618880081386973,-0.21098499252467207,0.06865961227825251,3.44017732057693e-05,0,0,0,0,1,0.008892841262783335
2024-01-18,474.01,477.06,472.42,476.49,91856250,0.008892841262783335,0.008892841262783335,0.009788823020611351,0.288383664355095,0.08843272461252143,8.705044927177603e-05,0,0,1,0,0,0.012466158786123449
2024-01-19,477.65,482.72,476.5374,482.43,110834500,0.012466158786123449,0.012466158786123449,0.012943787291950249,0.18781324075121475,0.12460857054612709,0.00016135930767525864,1,0,0,0,0,0.002114296374603475
2024-01-22,484.01,485.22,482.78,483.45,75844930,0.002114296374603475,0.002114296374603475,0.005041218156649769,-0.37934723241757595,0.12366856757930358,1.0658629272189819e-05,0,1,0,0,0,0.002916537387527285
2024-01-23,484.01,485.105,482.89,484.86,49945300,0.002916537387527285,0.002916537387527285,0.004576351728270143,-0.4177624476978288,0.10986041718674251,1.3347100913974979e-05,0,0,0,1,0,0.0010930990388977602
2024-01-24,487.81,488.77,484.8819,485.39,81765040,0.0010930990388977602,0.0010930990388977602,0.007970521309526267,0.49292135402603066,0.07841296919533151,8.712569182957279e-06,0,0,0,0,1,0.005438925400193639
2024-01-25,487.575,488.305,485.39,488.03,72524990,0.005438925400193639,0.005438925400193639,0.005978567399887239,-0.1199185747089544,0.07260726319503077,3.251698208801635e-05,0,0,1,0,0,0.0012704137040754349
2024-01-26,487.59,489.12,486.54,487.41,76641610,-0.0012704137040754349,0.0012704137040754349,0.005291330831231125,0.055208947884267445,0.03903021666471225,6.7221792007928835e-06,1,0,0,0,0,0.007919410763012502
2024-01-29,487.73,491.415,487.17,491.27,61322750,0.007919410763012502,0.007919410763012502,0.008703586000451078,-0.22298923778559043,0.05711939489491679,6.89272726487772e-05,0,1,0,0,0,0.0007735054043601641
2024-01-30,490.56,491.62,490.11,490.89,58618390,-0.0007735054043601641,0.0007735054043601641,0.003078114807566844,-0.04510242907493023,0.06395122497689604,2.3809384388940003e-06,0,0,0,1,0,0.016317301228381043
2024-01-31,488.62,489.0813,482.86,482.88,126011100,-0.016317301228381043,0.016317301228381043,0.012732389177684059,0.7653215193091576,0.14970927359332936,0.0002077582295692496,0,0,0,0,1,0.01308813783962881
2024-02-01,484.63,489.23,483.8,489.2,91891640,0.01308813783962881,0.01308813783962881,0.011204423993562113,-0.3157599385830423,0.17767439467431814,0.00014664504564138525,0,0,1,0,0,0.010527391659852947
2024-02-02,489.65,496.05,489.3,494.35,99228190,0.010527391659852947,0.010527391659852947,0.013785356887572757,0.07681208972391218,0.18949409163389477,0.00014512385112632983,1,0,0,0,0,0.003641144937797103
2024-02-05,493.695,494.3778,490.23,492.55,75757100,-0.003641144937797103,0.003641144937797103,0.008401543463069224,-0.2698899748159178,0.18792576202053915,3.059123745023685e-05,0,1,0,0,0,0.0029032585524313426
2024-02-06,493.52,494.32,492.05,493.98,55918600,0.0029032585524313426,0.0029032585524313426,0.0045996109580158494,-0.3036351028402642,0.18807421194922053,1.3353859851716435e-05,0,0,0,1,0,0.00834041864043078
2024-02-07,496.29,498.53,495.36,498.1,70556510,0.00834041864043078,0.00834041864043078,0.006387394466944647,0.23251688346715582,0.10603330000338528,5.327354387588956e-05,0,0,0,0,1,0.0004416783778358191
2024-02-08,498.1,498.71,497.26,498.32,52343640,0.0004416783778358191,0.0004416783778358191,0.002911062035735773,-0.29858350412785484,0.09163648263736635,1.2857531577232135e-06,0,0,1,0,0,0.0057794188473270225
2024-02-09,498.84,501.65,498.49,501.2,63979380,0.0057794188473270225,0.0057794188473270225,0.006334696495870356,0.20073040050695212,0.07387517620197022,3.661086432032958e-05,1,0,0,0,0,0.0004389465283319849
2024-02-12,501.17,503.5,500.24,500.98,56502280,-0.0004389465283319849,0.0004389465283319849,0.006504778817566875,-0.12427985055726865,0.05822134898468094,2.855250079538414e-06,0,1,0,0,0,0.013773004910375697
2024-02-13,494.53,497.09,490.715,494.08,113099200,-0.013773004910375697,0.013773004910375697,0.012891027844620146,0.6939843095335725,0.13586929158042416,0.0001775481898037431,0,0,0,1,0,0.009087597150259086
2024-02-14,496.79,499.07,494.4,498.57,68387830,0.009087597150259086,0.009087597150259086,0.009400350248596017,-0.5030704191084361,0.1388064265659123,8.542659613057846e-05,0,0,0,0,1,0.006899733237057948
2024-02-15,499.29,502.2,498.795,502.01,61682960,0.006899733237057948,0.006899733237057948,0.006819683951210664,-0.10318716550462526,0.14679967077355535,4.705400002439889e-05,0,0,1,0,0,0.004979980478476476
2024-02-16,501.7,502.87,498.75,499.51,75532930,-0.004979980478476476,0.004979980478476476,0.008212078931632458,0.20256099940556282,0.14696257889341854,4.089599276723759e-05,1,0,0,0,0,0.005505395287381587
2024-02-20,497.72,498.41,494.45,496.76,71736740,-0.005505395287381587,0.005505395287381587,0.007956280639717183,-0.05156569020692103,0.15087338331673236,4.380246993898434e-05,0,0,0,1,0,0.0009058700378452578
2024-02-21,495.42,497.37,493.56,497.21,59603770,0.0009058700378452578,0.0009058700378452578,0.007690444471357641,-0.18528419925624107,0.10586906764444276,6.9665432243156e-06,0,0,0,0,1,0.02069548078276795
2024-02-22,504.01,508.49,503.02,507.5,76402540,0.02069548078276795,0.02069548078276795,0.010852959266681271,0.2482971108998946,0.1715119689894493,0.0002246072099397656,0,0,1,0,0,0.0006896551724138167
2024-02-23,509.27,510.13,507.1,507.85,61321820,0.0006896551724138167,0.0006896551724138167,0.005949692697390329,-0.2198802045458379,0.16964831723449209,4.103236343027953e-06,1,0,0,0,0,0.003662498769321676
2024-02-26,508.3,508.75,505.86,505.99,50386740,-0.003662498769321676,0.003662498769321676,0.005685618729096963,-0.19640768516577012,0.16628105808109356,2.08235715981499e-05,0,1,0,0,0,0.0018577442241940467
2024-02-27,506.7,507.16,504.75,506.93,48854530,0.0018577442241940467,0.0018577442241940467,0.004756266035129317,-0.030880937556119648,0.15112643226345787,8.835925755491808e-06,0,0,0,1,0,0.0013216814944864153
2024-02-28,505.33,506.855,504.96,506.26,56506630,-0.0013216814944864153,0.0013216814944864153,0.003750024736311002,0.1455108665837983,0.15487095297276834,4.956338297848551e-06,0,0,0,0,1,0.0035949907162327044
2024-02-29,508.07,509.74,505.35,508.08,83924800,0.0035949907162327044,0.0035949907162327044,0.008640541657645573,0.3955631776007813,0.04471939684639832,3.106266704245778e-05,0,0,1,0,0,0.00938828530940028
2024-03-01,508.98,513.29,508.56,512.85,76844840,0.00938828530940028,0.00938828530940028,0.009293095995913318,-0.08813283474155753,0.07946945483755827,8.724623661727956e-05,1,0,0,0,0,0.0010724383347958666
2024-03-04,512.03,514.2,512.0,512.3,49799260,-0.0010724383347958666,0.0010724383347958666,0.004296623244731843,-0.4337881923939264,0.06938947534784375,4.60786347782543e-06,0,1,0,0,0,0.009994144056217014
2024-03-05,510.24,510.7,504.91,507.18,72855620,-0.009994144056217014,0.009994144056217014,0.011347601128880455,0.3804795436465298,0.11330355142398675,0.00011340956037452208,0,0,0,1,0,0.005067234512401875
2024-03-06,510.55,512.069,508.42,509.75,68382370,0.005067234512401875,0.005067234512401875,0.00714719420233071,-0.06336463071831844,0.11719717987771354,3.621650912888876e-05,0,0,0,0,1,0.0099264345267287
2024-03-07,513.14,515.89,509.8053,514.81,58652090,0.0099264345267287,0.0099264345267287,0.01185777760455236,-0.15349183085340812,0.1323223986736332,0.00011770545302409888,0,0,1,0,0,0.006002214409199347
2024-03-08,515.46,518.2201,511.13,511.72,86532540,-0.006002214409199347,0.006002214409199347,0.013754898537228895,0.388897313087579,0.1280850862263989,8.255985019723029e-05,1,0,0,0,0,0.0008598452278590907
2024-03-11,510.48,511.88,508.5,511.28,62557180,-0.0008598452278590907,0.0008598452278590907,0.006621219244632493,-0.32443950524535126,0.12802522112356216,5.693223770106023e-06,0,1,0,0,0,0.01075731497418242
2024-03-12,513.45,517.38,510.86,516.78,73114440,0.01075731497418242,0.01075731497418242,0.012698412698412662,0.15594486406453,0.11373794430088,0.0001366008250689827,0,0,0,1,0,0.0015673981191220987
2024-03-13,517.11,517.29,514.49,515.97,55104090,-0.0015673981191220987,0.0015673981191220987,0.005414708669335256,-0.2828019383179665,0.11864616183028598,8.487004183910202e-06,0,0,0,0,1,0.0019768591197162344
2024-03-14,516.97,517.125,511.82,514.95,110171800,-0.0019768591197162344,0.0019768591197162344,0.010261717314350943,0.6928170144547003,0.10003012435062641,2.0285969456824645e-05,0,0,1,0,0,0.009942712884746241
2024-03-15,510.21,511.7,508.122,509.83,107646300,-0.009942712884746241,0.009942712884746241,0.007012798651535593,-0.023190112817605524,0.11748865399202972,6.9726243510754e-05,1,0,0,0,0,0.005943157523095932
2024-03-18,514.0,515.48,512.44,512.86,88893330,0.005943157523095932,0.005943157523095932,0.005914396887159462,-0.19141373903070047,0.12654827602877447,3.515019235449692e-05,0,1,0,0,0,0.005557072105447869
2024-03-19,512.15,515.995,511.12,515.71,60755260,0.005557072105447869,0.005557072105447869,0.009518695694620717,-0.3805834435389919,0.1036822286068907,5.289607832482352e-05,0,0,0,1,0,0.009249384343914091
2024-03-20,515.77,520.62,515.08,520.48,69594570,0.009249384343914091,0.009249384343914091,0.010741221862458003,0.1358328821303587,0.12268767884682258,9.93496893291268e-05,0,0,0,0,1,0.0033046418690441115
2024-03-21,523.39,524.11,521.91,522.2,60256110,0.0033046418690441115,0.0033046418690441115,0.004203366514453936,-0.14408256681118203,0.11818364569217484,1.3890620974602487e-05,0,0,1,0,0,0.001895825354270464
2024-03-22,522.11,522.605,520.97,521.21,79070840,-0.001895825354270464,0.001895825354270464,0.003131524008350713,0.27174017755821467,0.06548541673644509,5.936822612537954e-06,1,0,0,0,0,0.0027628019416359173
2024-03-25,519.8,520.95,519.61,519.77,48512110,-0.0027628019416359173,0.0027628019416359173,0.0025779145825318046,-0.4885306940605041,0.08031397062693783,7.122267413990415e-06,0,1,0,0,0,0.001846970775535417
2024-03-26,521.23,521.58,518.4,518.81,65463740,-0.001846970775535417,0.001846970775535417,0.006100953513804009,0.29968293873332996,0.08086406426338263,1.1268282842896117e-05,0,0,0,1,0,0.008403847265858522
2024-03-27,521.71,523.21,519.485,523.17,82999780,0.008403847265858522,0.008403847265858522,0.00713998198232739,0.2373415523946143,0.07562075592372064,6.000331806046114e-05,0,0,0,0,1,0.00019114245847418054
2024-03-28,523.21,524.61,522.78,523.07,96294890,-0.00019114245847418054,0.00019114245847418054,0.003497639571109193,0.14857729519831864,0.07305588870093307,6.685474264783895e-07,0,0,1,0,0,0.001739728908176863
2024-04-01,523.83,524.38,520.97,522.16,62477540,-0.001739728908176863,0.001739728908176863,0.006509745528129294,-0.4326081162743911,0.07276254817347169,1.1325192480161593e-05,0,1,0,0,0,0.006358204381798571
2024-04-02,518.24,518.98,516.48,518.84,74230310,-0.006358204381798571,0.006358204381798571,0.004824019759184933,0.17236542263857402,0.08582730063576925,3.067210357073253e-05,0,0,0,1,0,0.0010986045794463273
2024-04-03,517.72,520.95,517.665,519.41,59155760,0.0010986045794463273,0.0010986045794463273,0.006345128640964386,-0.2269985886700283,0.08512758670471753,6.970787382139525e-06,0,0,0,0,1,0.012206156985810623
2024-04-04,523.52,523.8674,512.755,513.07,96858070,-0.012206156985810623,0.012206156985810623,0.021226314180929056,0.4930727393036669,0.08638172884526121,0.0002590917231225583,0,0,1,0,0,0.010446917574599812
2024-04-05,514.46,520.44,514.01,518.43,74546480,0.010446917574599812,0.010446917574599812,0.012498542160712327,-0.26182388455771743,0.13457009636025294,0.00013057123975562232,1,0,0,0,0,0.00055938120864929
2024-04-08,519.15,520.18,517.89,518.72,48401750,0.00055938120864929,0.00055938120864929,0.004411056534720146,-0.4318868461231844,0.1355691424726174,2.467462135812104e-06,0,1,0,0,0,0.001156693399136488
2024-04-09,520.5,520.75,514.35,519.32,68124390,0.001156693399136488,0.001156693399136488,0.012295869356388045,0.34179932273977087,0.12817211335616494,1.4222550921178669e-05,0,0,0,1,0,0.010013094046060322
2024-04-10,513.48,516.16,512.09,514.12,82652810,-0.010013094046060322,0.010013094046060322,0.007926306769494306,0.19331352108405753,0.1463160344048482,7.936685512087107e-05,0,0,0,0,1,0.007546876215669407
2024-04-11,515.68,519.48,512.08,518.0,70099010,0.007546876215669407,0.007546876215669407,0.014349984486503216,-0.1647401490534932,0.12529825590151564,0.00010829755661641608,0,0,1,0,0,0.013803088803088781
2024-04-12,514.37,515.815,509.08,510.85,92561090,-0.013803088803088781,0.013803088803088781,0.013093687423450183,0.27796018424048796,0.13907966724981102,0.0001807333302657696,1,0,0,0,0,0.01252813937555064
2024-04-15,515.13,515.3,503.58,504.45,92101450,-0.01252813937555064,0.01252813937555064,0.022751538446605653,-0.004978172013252902,0.1491765919529781,0.0002850344446672745,0,1,0,0,0,0.0018237684606997595
2024-04-16,504.94,506.5,502.21,503.53,73484020,-0.0018237684606997595,0.0018237684606997595,0.008496058937695608,-0.22582271652856178,0.14209487069273585,1.549484433081555e-05,0,0,0,1,0,0.005918217385259994
2024-04-17,506.05,506.22,499.12,500.55,75910310,-0.005918217385259994,0.005918217385259994,0.014030234166584374,0.03248454375405885,0.13794778045751777,8.30339757639484e-05,0,0,0,0,1,0.002057736489861184
2024-04-18,501.98,504.13,498.56,499.52,74548090,-0.002057736489861184,0.002057736489861184,0.011096059603968271,-0.01810809106950728,0.09014153336673847,2.2832766740760148e-05,0,0,1,0,0,0.008728379244074214
2024-04-19,499.44,500.455,493.86,495.16,102212600,-0.008728379244074214,0.008728379244074214,0.01320478936408772,0.31561053371736847,0.0722362358892368,0.00011525640940787519,1,0,0,0,0,0.00920914451894328
2024-04-22,497.83,502.38,495.43,499.72,67961050,0.00920914451894328,0.00920914451894328,0.013960588956069319,-0.40812020596151655,0.10831082103125818,0.00012856508126600586,0,1,0,0,0,0.01186664532137982
2024-04-23,501.78,506.09,499.5328,505.65,64633620,0.01186664532137982,0.01186664532137982,0.013067878353063028,-0.05020003734514944,0.1457621887771493,0.000155071877518736,0,0,0,1,0,0.0004746366063481666
2024-04-24,506.56,507.37,503.13,505.41,55928080,-0.0004746366063481666,0.0004746366063481666,0.008370183196462431,-0.14466812681910568,0.13446626147698965,3.972795346881378e-06,0,0,0,0,1,0.003798895945865799
2024-04-25,499.18,504.27,497.49,503.49,69122370,-0.003798895945865799,0.003798895945865799,0.013582274930886599,0.21181182907021778,0.13826085943369973,5.1597649170579774e-05,0,0,1,0,0,0.0094738723708514
2024-04-26,506.35,509.88,505.7,508.26,64306120,0.0094738723708514,0.0094738723708514,0.008255159474671684,-0.0722236054553953,0.10996742759508395,7.820832726406422e-05,1,0,0,0,0,0.0035414945106835294
2024-04-29,510.09,510.75,507.25,510.06,46415450,0.0035414945106835294,0.0035414945106835294,0.006861534239055853,-0.3260224216230121,0.1043465816377277,2.430008584248339e-05,0,1,0,0,0,0.015841273575657788
2024-04-30,508.56,509.56,501.98,501.98,77483570,-0.015841273575657788,0.015841273575657788,0.014904829322007205,0.5124335272989811,0.1501418960806785,0.00023611147888840214,0,0,0,1,0,0.003247141320371294
2024-05-01,501.38,508.19,499.865,500.35,80242840,-0.003247141320371294,0.003247141320371294,0.01660417248394429,0.03499162251796406,0.1503322749336544,5.391609456318757e-05,0,0,0,0,1,0.009353452583191757
2024-05-02,504.15,505.89,499.55,505.03,62550180,0.009353452583191757,0.009353452583191757,0.012575622334622583,-0.24908841871426546,0.1682100900226041,0.00011762548721101955,0,0,1,0,0,0.01239530324931204
2024-05-03,511.16,512.55,508.56,511.29,72756710,0.01239530324931204,0.01239530324931204,0.007805775099772971,0.1511520186259645,0.17880329361120997,9.675494945761492e-05,1,0,0,0,0,0.010326820395470282
2024-05-06,513.75,516.61,513.3,516.57,47264700,0.010326820395470282,0.010326820395470282,0.006442822384428339,-0.4313574113964762,0.19041643249653314,6.653386960390704e-05,0,1,0,0,0,0.0011034322550669273
2024-05-07,517.56,518.57,516.45,517.14,52561300,0.0011034322550669273,0.0011034322550669273,0.004096143442306215,0.10621638871036154,0.10659350602164397,4.519816795621553e-06,0,0,0,1,0,9.668561704767598e-05
2024-05-08,515.26,517.74,515.14,517.19,42047210,9.668561704767598e-05,9.668561704767598e-05,0.0050459961960952196,-0.2231870681169461,0.08964051668585099,4.878752558396921e-07,0,0,0,0,1,0.005761905682631019
2024-05-09,517.38,520.2074,516.705,520.17,43643670,0.005761905682631019,0.005761905682631019,0.00676949244269196,0.03726521908361491,0.08639711336478145,3.900517697407454e-05,0,0,1,0,0,0.0012880404483150976
2024-05-10,521.81,522.635,519.59,520.84,52233170,0.0012880404483150976,0.0012880404483150976,0.005835457350376496,0.17965947533933857,0.06814427603519592,7.5163051017025724e-06,1,0,0,0,0,0.00013439827970196383
2024-05-13,522.56,522.67,519.74,520.91,36716360,0.00013439827970196383,0.00013439827970196383,0.0056070116350274615,-0.3524952933054024,0.03726600946687123,7.535727180165863e-07,0,1,0,0,0,0.004588124628054802
2024-05-14,521.11,523.83,520.56,523.3,57535870,0.004588124628054802,0.004588124628054802,0.006275066684577336,0.4491861372378736,0.04182077067074713,2.8790787998195467e-05,0,0,0,1,0,0.012382954328301166
2024-05-15,525.83,530.08,525.18,529.78,59504900,0.012382954328301166,0.012382954328301166,0.009318601068786661,0.033650082135167736,0.0763662080969829,0.00011539181143844365,0,0,0,0,1,0.002057457812676855
2024-05-16,529.88,531.5218,528.54,528.69,50244830,-0.002057457812676855,0.002057457812676855,0.005627311844191177,-0.169151002930775,0.08942200560006343,1.1577956718200138e-05,0,0,1,0,0,0.0014375153681740471
2024-05-17,528.81,529.52,527.32,529.45,59187590,0.0014375153681740471,0.0014375153681740471,0.004160284412170595,0.16380423245540854,0.08921964896008948,5.980472778470162e-06,1,0,0,0,0,0.0011521390121822517
2024-05-20,529.57,531.5601,529.17,530.06,37764210,0.0011521390121822517,0.0011521390121822517,0.004513284362785042,-0.44935005324540356,0.0872168498090973,5.199930987436761e-06,0,1,0,0,0,0.0024525525412217863
2024-05-21,529.28,531.52,529.07,531.36,33437000,0.0024525525412217863,0.0024525525412217863,0.004628929866988989,-0.1216987540061254,0.08685630662381728,1.135269370842127e-05,0,0,0,1,0,0.002879403794037838
2024-05-22,530.65,531.38,527.6,529.83,48389970,-0.002879403794037838,0.002879403794037838,0.007123339300857388,0.36962948032728704,0.037170396639899766,2.0510970209107605e-05,0,0,0,0,1,0.007304229658569694
2024-05-23,532.96,533.07,524.72,525.96,57211200,-0.007304229658569694,0.007304229658569694,0.015667217051936397,0.16745711938583696,0.06436754356999017,0.00011443695145800268,0,0,1,0,0,0.006616472735569312
2024-05-24,527.85,530.27,526.881,529.44,41291080,0.006616472735569312,0.006616472735569312,0.0064203845789523725,-0.3261031806649335,0.08428549177273881,4.248029951850803e-05,1,0,0,0,0,0.0006988516168024983
2024-05-28,530.27,530.51,527.11,529.81,36269600,0.0006988516168024983,0.0006988516168024983,0.006411827936711444,-0.12966656782140618,0.08395847176753667,4.480916320230219e-06,0,0,0,1,0,0.007002510333893097
2024-05-29,525.68,527.31,525.37,526.1,45190320,-0.007002510333893097,0.007002510333893097,0.003690458073352498,0.2199029743322356,0.09237864908087615,2.5842470795450077e-05,0,0,0,0,1,0.006633719825128281
2024-05-30,524.52,525.2,521.33,522.61,46468510,-0.006633719825128281,0.006633719825128281,0.007378174330816755,0.027891973666370973,0.09834843846379351,4.89447413315917e-05,0,0,1,0,0,0.00910813034576452
2024-05-31,523.59,527.5,518.36,527.37,90785760,0.00910813034576452,0.00910813034576452,0.01745640673045701,0.6697275557237532,0.11738332065252717,0.0001589952278696835,1,0,0,0,0,0.0008153668202588449
2024-06-03,529.02,529.31,522.6,527.8,46835700,0.0008153668202588449,0.0008153668202588449,0.012683830478998757,-0.6618567021415664,0.10510073623737827,1.0341974526363439e-05,0,1,0,0,0,0.001117847669571903
2024-06-04,526.46,529.15,524.96,528.39,34632660,0.001117847669571903,0.001117847669571903,0.007958819283516204,-0.30184855763634033,0.10546909671033554,8.896747588622512e-06,0,0,0,1,0,0.011885160582145726
2024-06-05,530.77,534.69,528.7254,534.67,47610370,0.011885160582145726,0.011885160582145726,0.011237635887484256,0.3182534193050124,0.11693510785716005,0.00013356110708643407,0,0,0,0,1,1.8703125292174327e-05
2024-06-06,534.98,535.42,532.68,534.66,30808530,-1.8703125292174327e-05,1.8703125292174327e-05,0.005121686792029625,-0.4352589835096481,0.08737339640879507,9.579154977860448e-08,0,0,1,0,0,0.001215725881868801
2024-06-07,533.66,536.89,532.535,534.01,43224530,-0.001215725881868801,0.001215725881868801,0.008160626616197613,0.338616549161074,0.08436619480943602,9.921084989578853e-06,1,0,0,0,0,0.0030898297784685003
2024-06-10,533.18,535.99,532.57,535.66,35729250,0.0030898297784685003,0.0030898297784685003,0.006414344123935555,-0.1904384722688448,0.08301075586012123,1.9819231483480524e-05,0,1,0,0,0,0.0024082440353956347
2024-06-11,534.07,537.01,532.05,536.95,36383410,0.0024082440353956347,0.0024082440353956347,0.009287172093545857,0.01814321996339885,0.08169022580432161,2.2365776799974598e-05,0,0,0,1,0,0.008213055219294052
2024-06-12,541.63,544.12,540.3,541.36,63251310,0.008213055219294052,0.008213055219294052,0.007052785111607647,0.5530029256629341,0.05786344890110363,5.792491357144857e-05,0,0,0,0,1,0.002013447613418151
2024-06-13,543.15,543.325,539.59,542.45,44760950,0.002013447613418151,0.002013447613418151,0.006876553438276744,-0.34577972479873864,0.05396840894838911,1.3845580108840693e-05,0,0,1,0,0,0.0006083510000920445
2024-06-14,540.88,542.81,539.85,542.78,40089900,0.0006083510000920445,0.0006083510000920445,0.005472563230291234,-0.11021167265919729,0.046194627340879806,3.3292393142146216e-06,1,0,0,0,0,0.007959025756291815
2024-06-17,542.08,548.53,541.6072,547.1,55839460,0.007959025756291815,0.007959025756291815,0.012770808736717713,0.33135634862112084,0.05674890077513468,0.00010164319566421282,0,1,0,0,0,0.002540668981904526
2024-06-18,547.16,548.62,546.73,548.49,41376420,0.002540668981904526,0.002540668981904526,0.003454199868411409,-0.29976962831038634,0.056486729785857705,8.775978462971562e-06,0,0,0,1,0,0.002716549071086094
2024-06-20,549.44,550.12,545.18,547.0,70328230,-0.002716549071086094,0.002716549071086094,0.00899097262667453,0.530462119634393,0.061457218655603864,2.4424418337153193e-05,0,0,1,0,0,0.004552102376599643
2024-06-21,544.4,545.65,543.02,544.51,64513860,-0.004552102376599643,0.004552102376599643,0.004831006612784709,-0.08629319721373818,0.0774947014846789,2.1991236683425863e-05,1,0,0,0,0,0.0032506290058951226
2024-06-24,544.33,546.95,542.62,542.74,45528650,-0.0032506290058951226,0.0032506290058951226,0.007954733341906639,-0.34853827984742125,0.08266522394474797,2.5857886935362763e-05,0,1,0,0,0,0.0038508309687881326
2024-06-25,543.99,545.2,542.44,544.83,38273350,0.0038508309687881326,0.0038508309687881326,0.005073622676887426,-0.17358796242825036,0.05968479698921995,1.9537663328103846e-05,0,0,0,1,0,0.0012480957362845935
2024-06-26,543.69,546.24,543.03,545.51,38550640,0.0012480957362845935,0.0012480957362845935,0.005904099762732506,0.007218869963928398,0.05566186232172695,7.36888174046532e-06,0,0,0,0,1,0.0015765063885171404
2024-06-27,545.37,546.96,544.61,546.37,35041480,0.0015765063885171404,0.0015765063885171404,0.004309001228523796,-0.09544019647051627,0.0560721231085269,6.793167964895971e-06,0,0,1,0,0,0.003935062320405525
2024-06-28,547.16,550.28,542.95,544.22,76144540,-0.003935062320405525,0.003935062320405525,0.013396447108706645,0.7761008581557967,0.05316849171884847,5.2715854244777054e-05,1,0,0,0,0,0.002057991253537228
2024-07-01,545.63,545.88,542.52,545.34,40297810,0.002057991253537228,0.002057991253537228,0.006158019170500181,-0.6363362394530228,0.04627303478143548,1.2673149592003947e-05,0,1,0,0,0,0.006729746580115048
2024-07-02,543.7,549.01,543.65,549.01,40434790,0.006729746580115048,0.006729746580115048,0.009858377781865024,0.003393427885495015,0.06006384400529987,6.634438416298831e-05,0,0,0,1,0,0.004462578095116854
2024-07-03,548.69,551.83,548.65,551.46,32789910,0.004462578095116854,0.004462578095116854,0.005795622300388313,-0.20956970113428497,0.06334078876780667,2.5863417125283634e-05,0,0,0,0,1,0.005766510717005735
2024-07-05,551.77,555.05,551.12,554.64,41488390,0.005766510717005735,0.005766510717005735,0.007122532939449318,0.2352927765530488,0.06766938812962214,4.107216252756085e-05,1,0,0,0,0,0.001153901629886045
2024-07-08,555.44,556.2501,554.19,555.28,36110450,0.001153901629886045,0.001153901629886045,0.003708951461903932,-0.13883132833733924,0.03777657547021158,4.279765137059176e-06,0,1,0,0,0,0.000972482351246251
2024-07-09,556.26,557.18,555.52,555.82,27314130,0.000972482351246251,0.000972482351246251,0.0029842160140940714,-0.27917813750643106,0.04191353298797842,2.902097406012918e-06,0,0,0,1,0,0.009895289842035249
2024-07-10,557.07,561.67,556.77,561.32,38701220,0.009895289842035249,0.009895289842035249,0.008796022043908265,0.3484669626056238,0.05851104006653283,8.703918758140358e-05,0,0,0,0,1,0.00862253260172452
2024-07-11,561.44,562.33,555.83,556.48,53054180,-0.00862253260172452,0.00862253260172452,0.011577372470789398,0.31544252446991905,0.10969297891958642,9.982627157168954e-05,0,0,1,0,0,0.006307504312823342
2024-07-12,557.63,563.67,557.15,559.99,53084410,0.006307504312823342,0.006307504312823342,0.011692340799454803,0.0005696325954147596,0.11097486214001051,7.37494900195615e-05,1,0,0,0,0,0.002750049108019681
2024-07-15,562.03,564.8371,559.63,561.53,40584290,0.002750049108019681,0.002750049108019681,0.009264807928402343,-0.26850223643885585,0.110839795616116,2.547867677947653e-05,0,1,0,0,0,0.005930226345876477
2024-07-16,562.865,565.16,562.1,564.86,36475260,0.005930226345876477,0.005930226345876477,0.005436472333507938,-0.1067468205828419,0.11278130726564052,3.223951146079734e-05,0,0,0,1,0,0.014021173388096053
2024-07-17,558.8,560.51,556.61,556.94,57118960,-0.014021173388096053,0.014021173388096053,0.006979241231209695,0.44850187812071596,0.1467283981569879,9.785715142014011e-05,0,0,0,0,1,0.007684849355406476
2024-07-18,558.51,559.52,550.43,552.66,56270390,-0.007684849355406476,0.007684849355406476,0.016275447171939683,-0.014967646028452464,0.14399898569174766,0.00012507435970823282,0,0,1,0,0,0.006640610863822172
2024-07-19,552.42,554.08,547.91,548.99,65509080,-0.006640610863822172,0.006640610863822172,0.011169038050758614,0.1520202921912457,0.12923963997567783,7.416923541831086e-05,1,0,0,0,0,0.010309841709320589
2024-07-22,553.0,555.27,551.02,554.65,43346720,0.010309841709320589,0.010309841709320589,0.0076853526220614825,-0.41295771402549164,0.16108804203972663,7.923476901376583e-05,0,1,0,0,0,0.0015685567474984508
2024-07-23,554.54,556.735,553.275,553.78,34439560,-0.0015685567474984508,0.0015685567474984508,0.0062394056334981,-0.23002512755503446,0.1445424267774678,9.786861806803291e-06,0,0,0,1,0,0.0226624291234786
2024-07-24,548.86,549.17,540.29,541.23,74515270,-0.0226624291234786,0.0226624291234786,0.01617898917756804,0.7717981515735346,0.1888198125350869,0.00036665519552616304,0,0,0,0,1,0.005210354193226685
2024-07-25,541.35,547.455,537.45,538.41,61158290,-0.005210354193226685,0.005210354193226685,0.018481573843169844,-0.19753864667540455,0.18795445484086057,9.629554577118862e-05,0,0,1,0,0,0.01119964339443924
2024-07-26,542.28,547.19,541.49,544.44,53763790,0.01119964339443924,0.01119964339443924,0.010511175038725467,-0.12886522672860323,0.21915099320797318,0.0001177214120902563,1,0,0,0,0,0.0005877599000807532
2024-07-29,546.02,547.05,542.72,544.76,39515820,0.0005877599000807532,0.0005877599000807532,0.00793011245009327,-0.30789908748051786,0.1954949079086082,4.6610021012959565e-06,0,1,0,0,0,0.005066451281298123
2024-07-30,546.26,547.34,538.515,542.0,46853630,-0.005066451281298123,0.005066451281298123,0.016155310657928544,0.17032738498808442,0.1948591627134599,8.18500943826313e-05,0,0,0,1,0,0.01625461254612537
2024-07-31,548.98,553.5,547.5799,550.81,65663390,0.01625461254612537,0.01625461254612537,0.010783817261102495,0.33751304722759556,0.15466164098624335,0.00017528677134743992,0,0,0,0,1,0.014160962945480193
2024-08-01,552.57,554.8688,539.43,543.01,76428730,-0.014160962945480193,0.014160962945480193,0.02793998950359233,0.15181713011204323,0.1945278708816164,0.0003956571560574765,0,0,1,0,0,0.018618441649325135
2024-08-02,535.75,536.99,528.6,532.9,82789070,-0.018618441649325135,0.018618441649325135,0.015660289314045703,0.07993737423679903,0.21725132500195568,0.00029157018280510986,1,0,0,0,0,0.029123662976168085
2024-08-05,511.64,523.58,510.27,517.38,146267400,-0.029123662976168085,0.029123662976168085,0.026014385114533772,0.5691404003050664,0.2715942266759821,0.0007576341846079254,0,1,0,0,0,0.009219529166183404
2024-08-06,519.22,529.75,517.87,522.15,84826310,0.009219529166183404,0.009219529166183404,0.02288047455799082,-0.5448306943307379,0.3052661883312372,0.00021094720252351373,0,0,0,1,0,0.006683903092980947
2024-08-07,528.47,531.59,518.0519,518.66,70698340,-0.006683903092980947,0.006683903092980947,0.0256175374193426,-0.18218365861943298,0.22730813116343318,0.00017122513759169916,0,0,0,0,1,0.02311726371804257
2024-08-08,523.91,531.29,521.84,530.65,63276590,0.02311726371804257,0.02311726371804257,0.01803744918020258,-0.11090665695382285,0.33311223984500793,0.00041697646949953376,0,0,1,0,0,0.004409686233864285
2024-08-09,529.81,534.51,528.56,532.99,45619560,0.004409686233864285,0.004409686233864285,0.01123044110152705,-0.3271788564892937,0.3106234897461736,4.952272152562749e-05,1,0,0,0,0,0.0005253381864573914
2024-08-12,534.21,535.73,530.95,533.27,42542070,0.0005253381864573914,0.0005253381864573914,0.008947792066790161,-0.069843101658563,0.17689205909494155,4.700616857165377e-06,0,1,0,0,0,0.016445702927222472
2024-08-13,536.53,542.28,536.28,542.04,52333070,0.016445702927222472,0.016445702927222472,0.011182972061208135,0.20713501174978433,0.19169476404383362,0.00018391183636205774,0,0,0,1,0,0.0031547487270313646
2024-08-14,542.85,544.96,540.12,543.75,42446930,0.0031547487270313646,0.0031547487270313646,0.008915906788247272,-0.20937389060475198,0.15480413946133048,2.8127445590553384e-05,0,0,0,0,1,0.01714022988505759
2024-08-15,549.5,553.36,548.88,553.07,60846810,0.01714022988505759,0.01714022988505759,0.00815286624203825,0.3601047971766107,0.12462992220279002,0.0001397420016106612,0,0,1,0,0,0.0022420308460049387
2024-08-16,551.42,555.02,551.26,554.31,44430730,0.0022420308460049387,0.0022420308460049387,0.006818758840810981,-0.31442804084099407,0.12977508130048118,1.5287867652567098e-05,1,0,0,0,0,0.009561436741173823
2024-08-19,554.73,559.61,553.86,559.61,39121790,0.009561436741173823,0.009561436741173823,0.010365402988841418,-0.12725174333241185,0.11206490654279194,9.910814497458129e-05,0,1,0,0,0,0.0016261324851235548
2024-08-20,559.15,560.84,557.325,558.7,33732260,-0.0016261324851235548,0.0016261324851235548,0.0062863274613252015,-0.14822494718479362,0.11695527406956674,1.0222401296985198e-05,0,0,0,1,0,0.003436549131913269
2024-08-21,559.77,562.11,554.73,560.62,41514600,0.003436549131913269,0.003436549131913269,0.01318398628007931,0.20759051754138724,0.11652535553731792,4.5307416605963e-05,0,0,0,0,1,0.007848453497912966
2024-08-22,562.56,563.18,554.98,556.22,56121460,-0.007848453497912966,0.007848453497912966,0.014576222980659722,0.3014730917112125,0.10221880720569093,0.00011440080823891815,0,0,1,0,0,0.010625292150587828
2024-08-23,559.53,563.09,557.29,562.13,50639390,0.010625292150587828,0.010625292150587828,0.010365842760888725,-0.10278853669778343,0.12304873864499907,0.00011014010772149863,1,0,0,0,0,0.0023837902264601807
2024-08-26,563.18,563.91,559.05,560.79,35788610,-0.0023837902264601807,0.0023837902264601807,0.008629567811356962,-0.3471000373958262,0.11045641721404098,2.0571079407288098e-05,0,1,0,0,0,0.0013730630004100686
2024-08-27,559.49,562.06,558.32,561.56,32693900,0.0013730630004100686,0.0013730630004100686,0.006684659243239192,-0.09044116755554654,0.10896295849498883,9.178458277240903e-06,0,0,0,1,0,0.005805256784671253
2024-08-28,561.21,561.65,555.04,558.3,41066020,-0.005805256784671253,0.005805256784671253,0.011778122271520489,0.2279924931592312,0.11570460442930132,6.83750242274319e-05,0,0,0,0,1,8.955758552753323e-05
2024-08-29,560.31,563.68,557.18,558.35,38715180,8.955758552753323e-05,8.955758552753323e-05,0.011600721029430138,-0.058949242886860986,0.09757767878026076,1.038932565774243e-06,0,0,1,0,0,0.0095459837019789
2024-08-30,560.77,564.2,557.14,563.68,62700110,0.0095459837019789,0.0095459837019789,0.012589831838365212,0.48213142095398354,0.09078102424463375,0.00012018232953968936,1,0,0,0,0,0.02057905194436549
2024-09-03,560.47,560.81,549.51,552.08,60600110,-0.02057905194436549,0.02057905194436549,0.02016165004371323,-0.03406649321547661,0.17800255189488204,0.0004149076435336933,0,0,0,1,0,0.0020468048108969183
2024-09-04,550.2,554.43,549.46,550.95,47224940,-0.0020468048108969183,0.0020468048108969183,0.009033078880406968,-0.24937456070824027,0.1742343695726073,1.848894930962833e-05,0,0,0,0,1,0.002432162628187684
2024-09-05,550.89,553.7995,547.1,549.61,44264260,-0.002432162628187684,0.002432162628187684,0.012161230009620693,-0.06474456203055112,0.1733823064238873,2.9578089142194e-05,0,0,1,0,0,0.01683011590036576
2024-09-06,549.94,551.6,539.44,540.36,68493810,-0.01683011590036576,0.01683011590036576,0.022111503073062456,0.43656578880340646,0.19422411008804816,0.00037213915945093483,1,0,0,0,0,0.011196239544007724
2024-09-09,544.65,547.71,542.68,546.41,40445820,0.011196239544007724,0.011196239544007724,0.009235288717525176,-0.5267800653857719,0.20295362625741725,0.00010340050473948376,0,1,0,0,0,0.004355703592540339
2024-09-10,548.36,549.15,543.38,548.79,36394580,0.004355703592540339,0.004355703592540339,0.010522284630534652,-0.10554343550206013,0.16479249836372548,4.583195296695177e-05,0,0,0,1,0,0.010258933289600813
2024-09-11,548.7,555.36,539.96,554.42,75248610,0.010258933289600813,0.010258933289600813,0.0280663386185529,0.7263775550533218,0.1827577555845579,0.00028793069557108125,0,0,0,0,1,0.008423217055661958
2024-09-12,555.01,559.4,552.74,559.09,51892740,0.008423217055661958,0.008423217055661958,0.011999783787679444,-0.37161852972230136,0.18499035859567056,0.00010107678346463734,0,0,1,0,0,0.005222772719955637
2024-09-13,559.71,563.03,559.45,562.01,39310500,0.005222772719955637,0.005222772719955637,0.006396169444890974,-0.27768723106337134,0.047908891488256306,3.340573928899037e-05,1,0,0,0,0,0.0014768420490738343
2024-09-16,561.74,563.11,559.9,562.84,36656120,0.0014768420490738343,0.0014768420490738343,0.005714387439028796,-0.06991125753522098,0.054855245633841275,8.439247654657068e-06,0,1,0,0,0,0.0004086418875701714
2024-09-17,565.1,566.58,560.795,563.07,49320970,0.0004086418875701714,0.0004086418875701714,0.010237126172359019,0.2967689391898176,0.06771956241307713,4.183318562366793e-06,0,0,0,1,0,0.002965883460315899
2024-09-18,563.74,568.69,560.83,561.4,59044940,-0.002965883460315899,0.002965883460315899,0.013942597651399605,0.17994949995908627,0.07000713948339601,4.135211976812539e-05,0,0,0,0,1,0.017064481653010333
2024-09-19,571.01,572.88,568.08,570.98,75315470,0.017064481653010333,0.017064481653010333,0.008406157510376272,0.24338670605466461,0.12287942359968416,0.0001434467206081309,0,0,1,0,0,0.004781253283827835
2024-09-20,567.84,569.31,565.17,568.25,77503110,-0.004781253283827835,0.004781253283827835,0.007290786136939959,0.028632505619579973,0.13750035536601032,3.4859095158930634e-05,1,0,0,0,0,0.002498900131984172
2024-09-23,569.34,570.3325,568.1,569.67,44116920,0.002498900131984172,0.002498900131984172,0.003921207011627427,-0.5634746724837356,0.13733405944253,9.798704718893036e-06,0,1,0,0,0,0.0028613056681938698
2024-09-24,570.48,571.36,567.6,571.3,46805670,0.0028613056681938698,0.0028613056681938698,0.006590940961996899,0.05916096579077035,0.13614157282532252,1.8858696733292884e-05,0,0,0,1,0,0.002205496236653226
2024-09-25,571.14,571.89,568.91,570.04,38428590,-0.002205496236653226,0.002205496236653226,0.005217634905627374,-0.19720263095607748,0.13415760575508057,1.1507474148591683e-05,0,0,0,0,1,0.003964634060767747
2024-09-26,574.38,574.71,569.9,572.3,48336000,0.003964634060767747,0.003964634060767747,0.008374247014171906,0.22937490549275097,0.059809806797626416,3.320082494566854e-05,0,0,1,0,0,0.001450288310326675
2024-09-27,573.39,574.22,570.42,571.47,42100930,-0.001450288310326675,0.001450288310326675,0.006627251957655467,-0.13810679087475108,0.043971102651451335,9.611426043777297e-06,1,0,0,0,0,0.004007209477312923
2024-09-30,570.42,574.38,568.08,573.76,63655450,0.004007209477312923,0.004007209477312923,0.011044493531082281,0.4134151070983769,0.048036952160923845,4.4257599149874184e-05,0,1,0,0,0,0.008958449525934165
2024-10-01,573.4,574.0622,566.0,568.62,72668780,-0.008958449525934165,0.008958449525934165,0.014060341820718456,0.13242690847151195,0.08500167545530213,0.00012595886251828755,0,0,0,1,0,0.0004220744961485057
2024-10-02,567.71,569.9,565.27,568.86,38097800,0.0004220744961485057,0.0004220744961485057,0.008155572387310414,-0.6457553060964081,0.0845604250868523,3.4422591061767086e-06,0,0,0,0,1,0.001828217839187074
2024-10-03,567.36,569.8025,565.49,567.82,40846470,-0.001828217839187074,0.001828217839187074,0.007600994077834179,0.06966386441380479,0.07519200815557955,1.389627296865175e-05,0,0,1,0,0,0.009087386847944634
2024-10-04,572.35,573.36,568.1,572.98,43005190,0.009087386847944634,0.009087386847944634,0.009190180833406116,0.0515004009922464,0.10676184527768633,8.351472843572759e-05,1,0,0,0,0,0.009040455164229244
2024-10-07,571.3,571.9599,566.63,567.8,49964690,-0.009040455164229244,0.009040455164229244,0.009329424120427013,0.1499957466279902,0.11953250072551973,8.434224046879926e-05,0,1,0,0,0,0.009457555477280666
2024-10-08,570.42,573.78,569.5299,573.17,37398690,0.009457555477280666,0.009457555477280666,0.007450825707373471,-0.2896808721576285,0.12402443185654434,7.046659747903356e-05,0,0,0,1,0,0.0069263918209256925
2024-10-09,573.16,577.71,572.55,577.14,37912240,0.0069263918209256925,0.0069263918209256925,0.009002721753088286,0.013638337663447686,0.1285799680046947,6.235637831666052e-05,0,0,0,0,1,0.0017500086634092415
2024-10-10,575.77,577.58,574.49,576.13,44138060,-0.0017500086634092415,0.0017500086634092415,0.00536672629695891,0.15204842998268475,0.12839906766831236,9.391817513824291e-06,0,0,1,0,0,0.0059882318226789355
2024-10-11,576.05,580.33,575.91,579.58,42267990,0.0059882318226789355,0.0059882318226789355,0.007672945056852831,-0.04329238580237771,0.12069959305188023,4.594737376311316e-05,1,0,0,0,0,0.008178336036440248
2024-10-14,581.22,585.27,580.73,584.32,36217220,0.008178336036440248,0.008178336036440248,0.007811155844602669,-0.15449536170600098,0.06979958804229473,6.388225733016488e-05,0,1,0,0,0,0.0077697152245346235
2024-10-15,584.59,584.9,578.545,579.78,54203640,-0.0077697152245346235,0.0077697152245346235,0.01087086676131993,0.40321335936536684,0.10864533711016557,8.446353897931485e-05,0,0,0,1,0,0.00434647624961193
2024-10-16,579.78,582.83,578.96,582.3,30725440,0.00434647624961193,0.00434647624961193,0.006674945669046888,-0.5676570748293699,0.10315102027705816,2.9012492817962314e-05,0,0,0,0,1,8.586639189434031e-05
2024-10-17,585.91,586.12,582.16,582.35,34393710,8.586639189434031e-05,8.586639189434031e-05,0.006758717209127744,0.112782719416618,0.09994560089073101,5.803466605819848e-07,0,0,1,0,0,0.0038464840731518013
2024-10-18,584.07,585.39,582.58,584.59,37416800,0.0038464840731518013,0.0038464840731518013,0.004811067166606648,0.08424610024991352,0.09585823074917095,1.8505693231216036e-05,1,0,0,0,0,0.00164217656819321
2024-10-21,583.85,584.85,580.6001,583.63,36439010,-0.00164217656819321,0.00164217656819321,0.007279095658131412,-0.026479896629744815,0.07797240888867203,1.1953560327420338e-05,0,1,0,0,0,0.0005311584394221969
2024-10-22,581.05,584.5,580.38,583.32,34183840,-0.0005311584394221969,0.0005311584394221969,0.0070906118234231215,-0.06388688448645397,0.04290387585203763,3.766238310678003e-06,0,0,0,1,0,0.009137351710896358
2024-10-23,581.26,581.7086,574.415,577.99,49314570,-0.009137351710896358,0.009137351710896358,0.012547913154182437,0.36646654815731594,0.07546025127107955,0.0001146546957275478,0,0,0,0,1,0.0021626671741725723
2024-10-24,579.98,580.06,576.57,579.24,34979860,0.0021626671741725723,0.0021626671741725723,0.006017448877547321,-0.343447099306065,0.07949998187140771,1.3013739159733182e-05,0,0,1,0,0,0.00034528002209799347
2024-10-25,581.51,584.46,578.08,579.04,47268180,-0.00034528002209799347,0.00034528002209799347,0.010971436432735456,0.3010648671152083,0.06792818113806122,3.788217813941629e-06,1,0,0,0,0,0.0030913235700471553
2024-10-28,582.58,582.71,580.52,580.83,30174700,0.0030913235700471553,0.0030913235700471553,0.0037591403755708303,-0.4488335049289667,0.07678849808217876,1.1620719246118024e-05,0,1,0,0,0,0.0016183737065922355
2024-10-29,579.85,582.907,578.43,581.77,42899660,0.0016183737065922355,0.0016183737065922355,0.0077209623178409745,0.35186006573530193,0.07901465915344648,1.2495402404783276e-05,0,0,0,1,0,0.003025250528559398
2024-10-30,581.29,583.32,579.29,580.01,41435840,-0.003025250528559398,0.003025250528559398,0.006932856233549669,-0.03471769285933135,0.03861727736494156,2.0973626984972452e-05,0,0,0,0,1,0.019603110291201875
2024-10-31,575.56,575.63,568.44,568.64,60182450,-0.019603110291201875,0.019603110291201875,0.01249218152755567,0.3732345672435784,0.1461434430495987,0.00024488561226238855,0,0,1,0,0,0.004220596510973618
2024-11-01,571.32,575.55,570.62,571.04,45667530,0.004220596510973618,0.004220596510973618,0.00862913953651185,-0.2759932342008966,0.15592118996223736,3.642011622050641e-05,1,0,0,0,0,0.0021539646959932712
2024-11-04,571.18,572.5,567.89,569.81,38216980,-0.0021539646959932712,0.0021539646959932712,0.00807101088973706,-0.1781076183535113,0.14779841690757753,1.738467251747087e-05,0,1,0,0,0,0.012091749881539604
2024-11-05,570.74,576.74,570.52,576.7,39478320,0.012091749881539604,0.012091749881539604,0.010898132249360527,0.03247174016404841,0.18576385776478296,0.0001317774893352081,0,0,0,1,0,0.024865614704352224
2024-11-06,589.2,591.93,585.39,591.04,68181970,0.024865614704352224,0.024865614704352224,0.011099796334012157,0.5464284892640698,0.26274708110906203,0.0002760032589383276,0,0,0,0,1,0.007732133188955048
2024-11-07,593.08,596.65,592.9999,595.61,47233210,0.007732133188955048,0.007732133188955048,0.006154481688810872,-0.3670829070164636,0.16062322550425379,4.7587272126870656e-05,0,0,1,0,0,0.004331693557865224
2024-11-08,596.17,599.64,596.165,598.19,46444890,0.004331693557865224,0.004331693557865224,0.005828874314373456,-0.016830798071492126,0.1604014429995908,2.5248897317177572e-05,1,0,0,0,0,0.0009528745047560072
2024-11-11,599.81,600.17,597.0,598.76,37586770,0.0009528745047560072,0.0009528745047560072,0.005285006918857571,-0.2116143165938773,0.14731790933199196,5.035948350438479e-06,0,1,0,0,0,0.0031064199345314236
2024-11-12,598.68,599.29,594.37,596.9,43006130,-0.0031064199345314236,0.0031064199345314236,0.008218079775506046,0.13469053354417682,0.17125597452259042,2.552880683820151e-05,0,0,0,1,0,0.0004858435248786819
2024-11-13,597.37,599.23,594.96,597.19,47388640,0.0004858435248786819,0.0004858435248786819,0.007147998727756636,0.09703987170709283,0.06532096159490922,3.472808897721618e-06,0,0,0,0,1,0.006430114368961348
2024-11-14,597.32,597.81,592.65,593.35,38904110,-0.006430114368961348,0.006430114368961348,0.008638585682716079,-0.19728263235777632,0.06548453962384249,5.5547093925936434e-05,0,0,1,0,0,0.012808628971096359
2024-11-15,589.72,590.2,583.86,585.75,75988770,-0.012808628971096359,0.012808628971096359,0.010750864817201437,0.6694856530957587,0.09007482911536709,0.00013770383856194688,1,0,0,0,0,0.0040973111395645745
2024-11-18,586.22,589.49,585.34,588.15,37084080,0.0040973111395645745,0.0040973111395645745,0.00707925352256828,-0.7173977853974804,0.10317923467580148,2.900590431782077e-05,0,1,0,0,0,0.0036555300518574807
2024-11-19,584.71,591.045,584.03,590.3,49412050,0.0036555300518574807,0.0036555300518574807,0.011997400420721359,0.2870065478392334,0.11545744437034863,4.385685778211451e-05,0,0,0,1,0,0.0003388107741826296
2024-11-20,590.38,590.79,584.63,590.5,50032580,0.0003388107741826296,0.0003388107741826296,0.010433957789897978,0.012480071404038284,0.11524648604240403,3.5351373165842127e-06,0,0,0,0,1,0.005368331922099845
2024-11-21,593.4,595.12,587.45,593.67,46750290,0.005368331922099845,0.005368331922099845,0.012925513987192381,-0.06785393290176245,0.11854462463396033,6.93884493469929e-05,0,0,1,0,0,0.003099364967069196
2024-11-22,593.66,596.15,593.1525,595.51,38226390,0.003099364967069196,0.003099364967069196,0.00504918640299152,-0.2012943393639688,0.02953713929409784,1.5649271449634043e-05,1,0,0,0,0,0.0033920505113262944
2024-11-25,599.52,600.86,595.2,597.53,42441390,0.0033920505113262944,0.0033920505113262944,0.009440886042167014,0.10459794794170207,0.028770030107400913,3.202396232670589e-05,0,1,0,0,0,0.005221495155054878
2024-11-26,598.8,601.33,598.07,600.65,45621290,0.005221495155054878,0.005221495155054878,0.005444221776887093,0.07225042655551661,0.03235656422143687,2.8426977631060214e-05,0,0,0,1,0,0.003030050778323412
2024-11-27,600.46,600.85,597.28,598.83,34000160,-0.003030050778323412,0.003030050778323412,0.005945441827932002,-0.2940092555484348,0.054350823032007896,1.8014990638201933e-05,0,0,0,0,1,0.006212113621561821
2024-11-29,599.66,603.35,599.3805,602.55,30177350,0.006212113621561821,0.006212113621561821,0.006619584431177733,-0.11927358377151265,0.05711271897542079,4.1121610613997755e-05,1,0,0,0,0,0.0017923823749066425
2024-12-02,602.97,604.32,602.47,603.63,31745990,0.0017923823749066425,0.0017923823749066425,0.003068146010580995,0.05067477352216798,0.057689978088954465,5.499290833005505e-06,0,1,0,0,0,0.0004638603117803619
2024-12-03,603.39,604.16,602.341,603.91,26906630,0.0004638603117803619,0.0004638603117803619,0.003014633984653309,-0.16539368784323116,0.059257384933002116,1.3983690600249587e-06,0,0,0,1,0,0.0062095345332913165
2024-12-04,605.63,607.91,604.95,607.66,42787560,0.0062095345332913165,0.0062095345332913165,0.004887472549246112,0.4638746676988106,0.06281134143619332,3.0348929575057074e-05,0,0,0,0,1,0.0016456571108843798
2024-12-05,607.66,608.48,606.305,606.66,28762180,-0.0016456571108843798,0.0016456571108843798,0.0035793042161736304,-0.3971860650353989,0.055740119403263726,5.890307435364577e-06,0,0,1,0,0,0.0018956252266508766
2024-12-06,607.44,609.07,607.02,607.81,31241550,0.0018956252266508766,0.0018956252266508766,0.003374818912156045,0.08268760715649037,0.04566153874868732,6.397391865261468e-06,1,0,0,0,0,0.0051496355769072855
2024-12-09,607.69,607.86,604.08,604.68,34742740,-0.0051496355769072855,0.0051496355769072855,0.006220276785861166,0.10622168647708463,0.06686381186089474,3.2032158634681164e-05,0,1,0,0,0,0.0031090824899120406
2024-12-10,605.37,605.8,602.13,602.8,37234520,-0.0031090824899120406,0.0031090824899120406,0.006062408114045887,0.06926565673575169,0.07116915921793321,1.8848526914080747e-05,0,0,0,1,0,0.0077305905773059624
2024-12-11,605.78,608.435,605.5,607.46,28677720,0.0077305905773059624,0.0077305905773059624,0.004844993231866265,-0.26111576530561464,0.08025395052926457,3.7454659025376504e-05,0,0,0,0,1,0.005152602640503101
2024-12-12,606.58,607.16,604.33,604.33,31543810,-0.005152602640503101,0.005152602640503101,0.004665501665072912,0.09525685539302131,0.08810869428349727,2.4039476198726303e-05,0,0,1,0,0,0.0001985670080916213
2024-12-13,606.4,607.13,602.81,604.21,35904730,-0.0001985670080916213,0.0001985670080916213,0.007124010554089792,0.1294916646148181,0.08534769641525754,1.4145934613387434e-06,1,0,0,0,0,0.0042700385627512105
2024-12-16,606.0,607.7795,605.21,606.79,43695180,0.0042700385627512105,0.0042700385627512105,0.0042400990099009045,0.1963687518798558,0.08390377346943345,1.8105386282160088e-05,0,1,0,0,0,0.004120041530018659
2024-12-17,604.19,605.17,602.885,604.29,55773550,-0.004120041530018659,0.004120041530018659,0.003781922905046373,0.24406193917836916,0.08704933487153654,1.5581679432119868e-05,0,0,0,1,0,0.0298035711330652
2024-12-18,603.98,606.405,585.89,586.28,108248700,-0.0298035711330652,0.0298035711330652,0.0339663565018709,0.6631316062109178,0.2107461468893689,0.001012318722134561,0,0,0,0,1,0.00030702053626241455
2024-12-19,591.36,593.0,585.85,586.1,85919450,-0.00030702053626241455,0.00030702053626241455,0.01209077380952377,-0.23102112573526412,0.21616153452467254,3.7121158588275446e-06,0,0,1,0,0,0.008616277085821356
2024-12-20,581.77,595.75,580.91,591.15,125716700,0.008616277085821356,0.008616277085821356,0.02550836241126224,0.3806207296570463,0.23899957800839952,0.0002197871185409856,1,0,0,0,0,0.0059883278355747915
2024-12-23,590.89,595.3,587.661,594.69,57635830,0.0059883278355747915,0.0059883278355747915,0.012927956133967423,-0.7798865304611482,0.2431425826129338,7.741683957412698e-05,0,1,0,0,0,0.011115034723973682
2024-12-24,596.06,601.34,595.47,601.3,33160100,0.011115034723973682,0.011115034723973682,0.009848001879005478,-0.5527970641704165,0.2654101074891945,0.00010946088284690397,0,0,0,1,0,6.652253450867285e-05
2024-12-26,599.5,602.48,598.0825,601.34,41338890,6.652253450867285e-05,6.652253450867285e-05,0.0073352793994996435,0.22045635147463827,0.0809077013886595,4.879613769839721e-07,0,0,1,0,0,0.010526490837130531
2024-12-27,597.54,597.7761,590.7647,595.01,64969310,-0.010526490837130531,0.010526490837130531,0.011733775144760341,0.45211129236618675,0.13699162667037593,0.0001235154765462697,1,0,0,0,0,0.01141157291474082
2024-12-30,587.89,591.74,584.41,588.22,56578760,-0.01141157291474082,0.01141157291474082,0.012468318903196246,-0.13828135250523133,0.1579278972664598,0.00014228313028806524,0,1,0,0,0,0.003638094590459273
2024-12-31,589.905,590.6399,584.42,586.08,57052650,-0.003638094590459273,0.003638094590459273,0.010543901136623783,0.008340875802588243,0.14557327323560734,3.8359709687488365e-05,0,0,0,1,0,0.002457002457002533
2025-01-02,589.39,591.13,580.5,584.64,50203980,-0.002457002457002533,0.002457002457002533,0.018035596124806996,-0.1278802168967701,0.08089827901486267,4.431350399215615e-05,0,0,1,0,0,0.012503420908593466
2025-01-03,587.53,592.6,586.43,591.95,37888460,0.012503420908593466,0.012503420908593466,0.010501591408098435,-0.28144771971383165,0.1523466043706341,0.00013130581758552347,1,0,0,0,0,0.005760621674127719
2025-01-06,596.27,599.7,593.6,595.36,47679440,0.005760621674127719,0.005760621674127719,0.01023026481292036,0.22985369206668338,0.1461192537048651,5.893268521337519e-05,0,1,0,0,0,0.011304084923407731
2025-01-07,597.42,597.75,586.78,588.63,60393050,-0.011304084923407731,0.011304084923407731,0.018362291185430733,0.23637374995809424,0.1455843900510761,0.00020756889894845023,0,0,0,1,0,0.0014610196558109134
2025-01-08,588.7,590.5799,585.195,589.49,47304670,0.0014610196558109134,0.0014610196558109134,0.009147103788007307,-0.24426500538830354,0.14162166918282648,1.3364098428021138e-05,0,0,0,0,1,0.01526743456207913
2025-01-10,585.88,585.95,578.55,580.49,73105050,-0.01526743456207913,0.01526743456207913,0.012630572813545592,0.4352884182309893,0.18498348396032957,0.000192836443912383,1,0,0,0,0,0.0015504143051559005
2025-01-13,575.77,581.75,575.35,581.39,47910060,0.0015504143051559005,0.0015504143051559005,0.011115549611824127,-0.4225719373810186,0.14532672739097952,1.7233707127842242e-05,0,1,0,0,0,0.0013760126593165278
2025-01-14,584.36,585.0,578.35,582.19,48420580,0.0013760126593165278,0.0013760126593165278,0.011379971250598907,0.010599426496977316,0.13015210007832206,1.5658984503482235e-05,0,0,0,1,0,0.01818993799275126
2025-01-15,590.325,593.94,589.195,592.78,56900160,0.01818993799275126,0.01818993799275126,0.00803794519967815,0.16137322004194488,0.18778158971028422,0.00014620972477127819,0,0,0,0,1,0.0019231418064037387
2025-01-16,594.175,594.35,590.93,591.64,43319660,-0.0019231418064037387,0.0019231418064037387,0.005755880001683129,-0.272691574036358,0.18931335836935162,1.1069373463880047e-05,0,0,1,0,0,0.010039889121763235
2025-01-17,596.96,599.36,595.61,597.58,58070630,0.010039889121763235,0.010039889121763235,0.006281827928169391,0.2930534489034855,0.13012108501028527,6.306885588081635e-05,1,0,0,0,0,0.009153586130727032
2025-01-21,600.67,603.06,598.67,603.05,42532850,0.009153586130727032,0.009153586130727032,0.0073085055021892,-0.311383303468002,0.1254163675120851,6.689903460118125e-05,0,0,0,1,0,0.005621424425835464
2025-01-22,605.92,607.82,605.36,606.44,48195970,0.005621424425835464,0.005621424425835464,0.004059941906522374,0.12499868629827304,0.11589997021776197,2.2822656600797875e-05,0,0,0,0,1,0.005458083239891831
2025-01-23,605.8,609.75,605.52,609.75,41152100,0.005458083239891831,0.005458083239891831,0.006982502476064739,-0.15800044542331193,0.07485229165073115,3.8111079737112165e-05,0,0,1,0,0,0.002919229192291928
2025-01-24,609.81,610.78,606.8,607.97,34604690,-0.002919229192291928,0.002919229192291928,0.006526623046522718,-0.17328573201936237,0.08127644484380618,1.9052708524494395e-05,1,0,0,0,0,0.014145434807638524
2025-01-27,594.81,599.69,594.64,599.37,70361130,-0.014145434807638524,0.014145434807638524,0.00849010608429594,0.7096517433058089,0.14887094936954576,0.00012009624212534341,0,1,0,0,0,0.00859235530640512
2025-01-28,600.62,605.37,597.25,604.52,44433320,0.00859235530640512,0.00859235530640512,0.013519363324564625,-0.4596513332671748,0.14688753897105689,0.00011616317320104161,0,0,0,1,0,0.004482895520412922
2025-01-29,603.72,604.13,599.22,601.81,37177430,-0.004482895520412922,0.004482895520412922,0.008132909295699941,-0.17828777732940893,0.14222740827774585,3.6458982649617874e-05,0,0,0,0,1,0.0053671424535983725
2025-01-30,603.96,606.6,600.715,605.04,39281260,0.0053671424535983725,0.0053671424535983725,0.009744022782965744,0.05504570220459115,0.14194833431229403,5.2297558347285206e-05,0,0,1,0,0,0.005321962184318241
2025-01-31,607.5,609.96,601.05,601.82,66671470,-0.005321962184318241,0.005321962184318241,0.014666666666666802,0.529029554461065,0.14444593017791527,7.805544537000158e-05,1,0,0,0,0,0.006729586919677066
2025-02-03,592.67,600.29,590.49,597.77,65857250,-0.006729586919677066,0.006729586919677066,0.016535340071203122,-0.012287604260951213,0.11084217860792371,0.00011127600825558058,0,1,0,0,0,0.006708265720929418
2025-02-04,597.83,602.3,597.28,601.78,33457820,0.006708265720929418,0.006708265720929418,0.008397035946673773,-0.6772039651186752,0.1015029922875334,5.632954839848378e-05,0,0,0,1,0,0.004054637907541014
2025-02-05,600.64,604.37,598.58,604.22,30653150,0.004054637907541014,0.004054637907541014,0.009639717634523115,-0.08755010793292684,0.10056564310805703,3.908556453892902e-05,0,0,0,0,1,0.003475555261328589
2025-02-06,605.99,606.4525,602.63,606.32,35771500,0.003475555261328589,0.003475555261328589,0.006307859865674336,0.15441605195814745,0.09596350370911443,2.1923315543867883e-05,0,0,1,0,0,0.009153582266789972
2025-02-07,606.89,608.13,600.05,600.77,50788520,-0.009153582266789972,0.009153582266789972,0.013313780091944243,0.35051884955470314,0.11282487378632766,0.0001218687813535622,1,0,0,0,0,0.006791284518201657
2025-02-10,604.03,605.4999,602.74,604.85,26048710,0.006791284518201657,0.006791284518201657,0.004569143916692906,-0.6677020792743882,0.10506639149535282,3.1030356342871815e-05,0,1,0,0,0,0.0007605191369759456
2025-02-11,602.55,605.86,602.43,605.31,30056740,0.0007605191369759456,0.0007605191369759456,0.005692473653638808,0.14311867673772483,0.09785007122905888,4.329235150323694e-06,0,0,0,1,0,0.003221489815135925
2025-02-12,599.2,604.55,598.51,603.36,45076080,-0.003221489815135925,0.003221489815135925,0.01008010680907871,0.4052647891066101,0.09804427433292488,3.2472961420929356e-05,0,0,0,0,1,0.010557544417926223
2025-02-13,604.48,609.94,603.2,609.73,40921300,0.010557544417926223,0.010557544417926223,0.011150079407093715,-0.09670101673170706,0.12442803404317986,0.00011771745860379639,0,0,1,0,0,4.9202105850132405e-05
2025-02-14,609.94,610.99,609.07,609.7,26910450,-4.9202105850132405e-05,4.9202105850132405e-05,0.0031478506082564823,-0.4191360101545989,0.08856529819934754,1.548808788278391e-07,1,0,0,0,0,0.0029358701000492538
2025-02-18,610.88,611.49,608.38,611.49,26749030,0.0029358701000492538,0.0029358701000492538,0.00509101623886854,-0.006016475780473485,0.08207042438235597,1.4946562354559355e-05,0,0,0,1,0,0.0023549035961338838
2025-02-19,610.08,613.23,609.56,612.93,31011070,0.0023549035961338838,0.0023549035961338838,0.0060156045108839375,0.14784602137517666,0.08108740327217165,1.4166168695599798e-05,0,0,0,0,1,0.00416034457442116
2025-02-20,611.54,611.684,607.02,610.38,36554000,-0.00416034457442116,0.00416034457442116,0.007626647480132105,0.16444637692702813,0.08542983185913818,3.1729481464990415e-05,0,0,1,0,0,0.01710409908581534
2025-02-21,610.16,610.3,599.47,599.94,76519820,-0.01710409908581534,0.01710409908581534,0.017749442769109624,0.7387591586225675,0.13106795655635095,0.0003035882278408596,1,0,0,0,0,0.004550455045504553
2025-02-24,602.02,603.03,596.49,597.21,50737210,-0.004550455045504553,0.004550455045504553,0.010863426464237009,-0.4108902191470456,0.12810301873811675,4.9433533765654986e-05,0,1,0,0,0,0.00497312503139602
2025-02-25,597.15,597.89,589.56,594.24,58266470,-0.00497312503139602,0.00497312503139602,0.013949593904379203,0.13836723025955777,0.11201217236160974,6.937307462367755e-05,0,0,0,1,0,0.0005048465266557223
2025-02-26,595.93,599.58,591.8556,594.54,43321580,0.0005048465266557223,0.0005048465266557223,0.01296192505831232,-0.2963758991124088,0.10413785808132457,6.543782844460745e-06,0,0,0,0,1,0.015961920139940133
2025-02-27,596.85,598.02,584.65,585.05,74196660,-0.015961920139940133,0.015961920139940133,0.02240093825919411,0.5380682318490955,0.12265594944978121,0.00035756198755298595,0,0,1,0,0,0.015605503803093779
2025-02-28,585.56,594.72,582.44,594.18,88744110,0.015605503803093779,0.015605503803093779,0.020971377826354214,0.17903792206355718,0.18211275278943553,0.00032726891642528724,1,0,0,0,0,0.017519943451479336
2025-03-03,596.18,597.34,579.9,583.77,74249200,-0.017519943451479336,0.017519943451479336,0.029252910194907673,-0.17833005454221507,0.21451055906548847,0.0005125093324059858,0,1,0,0,0,0.011836853555338478
2025-03-04,579.71,585.39,572.25,576.86,109648200,-0.011836853555338478,0.011836853555338478,0.022666505666626393,0.38985005129841,0.22096426776937303,0.00026830010818710637,0,0,0,1,0,0.010747841764032762
2025-03-05,576.69,584.88,573.0795,583.06,71230530,0.010747841764032762,0.010747841764032762,0.020462466836601887,-0.43135553529394954,0.24960779591602236,0.0002199273556615651,0,0,0,0,1,0.017751174836208805
2025-03-06,575.48,580.1736,570.12,572.71,80094870,-0.017751174836208805,0.017751174836208805,0.017469938138597277,0.11729028687811294,0.2553601823019692,0.0003101119262759925,0,0,1,0,0,0.005604930942361586
2025-03-07,570.9,577.39,565.63,575.92,81158820,0.005604930942361586,0.005604930942361586,0.02059905412506567,0.013196168426855337,0.21296683667661348,0.00011545627584896165,1,0,0,0,0,0.026635643839421963
2025-03-10,567.59,569.54,555.59,560.58,99326620,-0.026635643839421963,0.026635643839421963,0.02457760002818924,0.2020056337370022,0.2502018925106864,0.0006546402007786158,0,1,0,0,0,0.00831281886617441
2025-03-11,559.4,564.02,552.02,555.92,88102110,-0.00831281886617441,0.00831281886617441,0.021451555237754737,-0.11991712766602447,0.2480156424110852,0.00017832289308919005,0,0,0,1,0,0.005306518923586134
2025-03-12,562.17,563.11,553.69,558.87,69588170,0.005306518923586134,0.005306518923586134,0.016756497144991656,-0.23590189806304096,0.2250583903217999,8.891866919291525e-05,0,0,0,0,1,0.013330470413513096
2025-03-13,558.49,559.105,549.68,551.42,74079410,-0.013330470413513096,0.013330470413513096,0.0168758616985086,0.0625430434428722,0.2154157490681584,0.00022496317507450777,0,0,1,0,0,0.020655761488520552
2025-03-14,556.11,563.83,551.4917,562.81,62660320,0.020655761488520552,0.020655761488520552,0.02218679757601914,-0.16740923104604732,0.28744203213807235,0.0004582851989243373,1,0,0,0,0,0.007711305769265042
2025-03-17,562.79,569.71,562.35,567.15,49008710,0.007711305769265042,0.007711305769265042,0.013077702162440722,-0.2457303505757018,0.2147672859580042,0.00010084616013395906,0,1,0,0,0,0.010808428105439472
2025-03-18,564.8,565.02,559.06,561.02,66041420,-0.010808428105439472,0.010808428105439472,0.010552407932011397,0.29828407826206416,0.2231801922161056,0.00011405494247241439,0,0,0,1,0,0.010890877330576476
2025-03-19,562.83,570.95,561.63,567.13,66555990,0.010890877330576476,0.010890877330576476,0.01655917417337393,0.007761427246080643,0.23189042618909267,0.0001803439346178656,0,0,0,0,1,0.002891753213548953
2025-03-20,563.33,570.57,562.6012,565.49,62958200,-0.002891753213548953,0.002891753213548953,0.01414588252001509,-0.055572533325452866,0.19430560238689545,4.0906401235739604e-05,0,0,1,0,0,0.002670250579143718
2025-03-21,559.28,564.89,558.03,563.98,83762960,-0.002670250579143718,0.002670250579143718,0.012265770276069256,0.2855198869369886,0.13961309194808014,3.275268018331774e-05,1,0,0,0,0,0.017908436469378453
2025-03-24,570.8,575.15,570.2,574.08,58766800,0.017908436469378453,0.017908436469378453,0.008672039243167366,-0.3544138303308664,0.18457187242994397,0.00015530266384621957,0,1,0,0,0,0.0024038461538462563
2025-03-25,575.3,576.41,573.69,575.46,38355740,0.0024038461538462563,0.0024038461538462563,0.004727968016686796,-0.42667286986975483,0.1439907295017864,1.1365307732420667e-05,0,0,0,1,0,0.011938275466583215
2025-03-26,575.19,576.33,567.19,568.59,52228900,-0.011938275466583215,0.011938275466583215,0.015890401432570082,0.30873178394013223,0.17442537595208665,0.00018970398957661019,0,0,0,0,1,0.0026556921507588926
2025-03-27,567.18,570.9,564.94,567.08,42164250,-0.0026556921507588926,0.0026556921507588926,0.0105081279311681,-0.2140632713589632,0.1741386832708533,2.7906352865973403e-05,0,0,1,0,0,0.020138252098469533
2025-03-28,565.53,566.2675,555.07,555.66,71662650,-0.020138252098469533,0.020138252098469533,0.01980001060951672,0.5303969760106675,0.23004730481727537,0.00039873760520681915,1,0,0,0,0,0.006712738005254959
2025-03-31,549.83,560.7112,546.87,559.39,95328210,0.006712738005254959,0.006712738005254959,0.02517359911245286,0.28535608460743234,0.17293953825754813,0.00016898377549121483,0,1,0,0,0,0.0028245052646633795
2025-04-01,557.45,562.94,553.68,560.97,54609640,0.0028245052646633795,0.0028245052646633795,0.0166113552785005,-0.5571153476840749,0.17411477508739834,4.691886043731848e-05,0,0,0,1,0,0.006328324152806708
2025-04-02,555.05,567.42,554.81,564.52,76014540,0.006328324152806708,0.006328324152806708,0.022718673993333962,0.3307142086777617,0.17678668071904968,0.00014377113335175694,0,0,0,0,1,0.049280804931623234
2025-04-03,545.11,547.97,536.7,536.7,125986000,-0.049280804931623234,0.049280804931623234,0.02067472620205093,0.5052461466718086,0.38507037952250955,0.0010188671489779915,0,0,1,0,0,0.05854294764300372
2025-04-04,523.67,525.87,505.06,505.28,217965100,-0.05854294764300372,0.05854294764300372,0.039738766780606116,0.5481641652133504,0.5179141369667503,0.0023264245430345593,1,0,0,0,0,0.0017811906269790123
2025-04-07,489.19,523.17,481.8,504.38,256611400,-0.0017811906269790123,0.0017811906269790123,0.08456836811872677,0.16322791939774106,0.49497845626989856,0.00015063238463198684,0,1,0,0,0,0.01566279392521508
2025-04-08,521.86,524.98,489.16,496.48,165816600,-0.01566279392521508,0.01566279392521508,0.06863909860882228,-0.4366805178680693,0.45700259235527785,0.0010750800567225004,0,0,0,1,0,0.10501933612632941
2025-04-09,493.44,548.62,493.05,548.62,241867300,0.10501933612632941,0.10501933612632941,0.11261754215304798,0.3775068684390064,1.0364555909379285,0.011827019513092016,0,0,0,0,1,0.04381903685611166
2025-04-10,532.17,533.495,509.32,524.58,162331200,-0.04381903685611166,0.04381903685611166,0.04542721310859314,-0.3987505339818931,1.0220647674332508,0.0019905767254758816,0,0,1,0,0,0.017842845705135613
2025-04-11,523.01,536.43,520.07,533.94,97866330,0.017842845705135613,0.017842845705135613,0.031280472648706335,-0.5060361205747377,0.8964930862524276,0.0005581326470545818,1,0,0,0,0,0.009701464584035646
2025-04-14,544.05,544.28,533.86,539.12,68033990,0.009701464584035646,0.009701464584035646,0.019152651410715853,-0.3635951302989078,0.8887877124822882,0.0001858087693514402,0,1,0,0,0,0.002800860661819282
2025-04-15,539.675,543.23,536.81,537.61,56892870,-0.002800860661819282,0.002800860661819282,0.0118960485477372,-0.178837404630535,0.8655695958715949,3.3319174408449526e-05,0,0,0,1,0,0.022228009151615602
2025-04-16,531.68,537.8854,520.29,525.66,83484810,-0.022228009151615602,0.022228009151615602,0.033093966295516176,0.38349466781820496,0.39633255829179764,0.0007356129856799918,0,0,0,0,1,0.0014267777650953661
2025-04-17,527.64,531.165,523.91,526.41,79868080,0.0014267777650953661,0.0014267777650953661,0.013749905238420127,-0.04428842502109731,0.23987613796756901,1.9618059066346138e-05,0,0,1,0,0,0.02380273930966348
2025-04-21,521.16,521.7,508.46,513.88,69368130,-0.02380273930966348,0.02380273930966348,0.025404866068002276,-0.14094873154560972,0.23550314570026282,0.0006047054042135736,0,1,0,0,0,0.026017747334007968
2025-04-22,520.14,529.305,519.1925,527.25,75948120,0.026017747334007968,0.026017747334007968,0.01944188103202975,0.09062293422332957,0.32299620978039556,0.0005058339483891922,0,0,0,1,0,0.015495495495495337
2025-04-23,540.43,545.43,533.88,535.42,90590660,0.015495495495495337,0.015495495495495337,0.021371870547526886,0.17630063949043873,0.3529904415923715,0.00033116772379951235,0,0,0,0,1,0.021048896193642586
2025-04-24,536.715,547.43,535.4504,546.69,64150420,0.021048896193642586,0.021048896193642586,0.02232022581817166,-0.3451204744820018,0.3180561653033312,0.00046981611626535646,0,0,1,0,0,0.007225301359088165
2025-04-25,546.65,551.05,543.69,550.64,61119590,0.007225301359088165,0.007225301359088165,0.013463825116619227,-0.04839820070172962,0.3130888443340529,9.728019391363427e-05,1,0,0,0,0,0.0003813744006975206
2025-04-28,551.39,553.55,545.02,550.85,47613760,0.0003813744006975206,0.0003813744006975206,0.015469994015125362,-0.24971063698630047,0.16415106619302725,5.899859696312666e-06,0,1,0,0,0,0.006299355541435903
2025-04-29,548.91,555.45,548.55,554.32,47775120,0.006299355541435903,0.006299355541435903,0.012570366726785978,0.003383206732870292,0.12948911139004116,7.918520929826074e-05,0,0,0,1,0,0.0003968826670512904
2025-04-30,547.57,556.52,541.52,554.54,93101460,0.0003968826670512904,0.0003968826670512904,0.027393757875705388,0.6671848541348098,0.1340657774501293,1.0872107686267245e-05,0,0,0,0,1,0.007086954953655411
2025-05-01,560.37,564.0699,557.86,558.47,63186150,0.007086954953655411,0.007086954953655411,0.011081785249031797,-0.38760472956978376,0.05663299055199979,7.853611286597135e-05,0,0,1,0,0,0.014844127706054033
2025-05-02,564.73,568.38,562.38,566.76,60717270,0.014844127706054033,0.014844127706054033,0.010624546243337524,-0.03985695932145106,0.09466885585806796,0.00015771212125497883,1,0,0,0,0,0.005734349636530411
2025-05-05,562.57,566.65,561.7,563.51,38659220,-0.005734349636530411,0.005734349636530411,0.008798905025152303,-0.4514428645207893,0.12257278809334057,5.045599783284772e-05,0,1,0,0,0,0.008358325495554708
2025-05-06,557.93,563.3476,556.96,558.8,48264710,-0.008358325495554708,0.008358325495554708,0.011448748050830787,0.22191534895552678,0.1505801761510439,9.569236272544124e-05,0,0,0,1,0,0.004205440229062329
2025-05-07,560.15,563.82,556.04,561.15,55733230,0.004205440229062329,0.004205440229062329,0.013889136838347025,0.14387590334957068,0.15101494977633279,5.840993480693615e-05,0,0,0,0,1,0.006967833912500998
2025-05-08,565.24,570.31,561.7,565.06,65130790,0.006967833912500998,0.006967833912500998,0.01523246762437177,0.15582084156904585,0.15078466156477605,0.00010613730448417114,0,0,1,0,0,0.0012742009698083478
2025-05-09,566.48,567.5,562.7637,564.34,37603430,-0.0012742009698083478,0.0012742009698083478,0.008360930659511418,-0.5493021211926283,0.10259868222794608,1.0653505954849798e-05,1,0,0,0,0,0.033047453662685466
2025-05-12,581.47,583.0,577.04,582.99,78993570,0.033047453662685466,0.033047453662685466,0.010249883914905389,0.7422711731758547,0.2498139039970499,0.00033873256372574096,0,1,0,0,0,0.006603886859122943
2025-05-13,583.41,589.08,582.84,586.84,67947230,0.006603886859122943,0.006603886859122943,0.01069573713169128,-0.15063508019372307,0.2118751542160995,7.063343789260935e-05,0,0,0,1,0,0.0012780314906959411
2025-05-14,587.81,588.98,585.535,587.59,66283530,0.0012780314906959411,0.0012780314906959411,0.00586073731307744,-0.02478992408645908,0.21777780493147272,7.490206844809685e-06,0,0,0,0,1,0.004884358140880618
2025-05-15,585.56,590.97,585.0969,590.46,71268150,0.004884358140880618,0.004884358140880618,0.010029885921169518,0.07250807245396729,0.21969216164755814,4.898955495116823e-05,0,0,1,0,0,0.006334044643159675
2025-05-16,591.25,594.5,589.28,594.2,76052100,0.006334044643159675,0.006334044643159675,0.008828752642706177,0.06496910730270855,0.20352175796615055,5.5921713382314886e-05,1,0,0,0,0,0.0010939077751599413
2025-05-19,588.1,595.54,588.1,594.85,68168510,0.0010939077751599413,0.0010939077751599413,0.012650909709233023,-0.10943590220171728,0.04263792052317701,1.3838928493776397e-05,0,1,0,0,0,0.003362192149281351
2025-05-20,593.09,594.05,589.6,592.85,60614490,-0.003362192149281351,0.003362192149281351,0.007503077104655164,-0.11744875278156641,0.06002390559075047,2.5226786936724245e-05,0,0,0,1,0,0.016850805431390725
2025-05-21,588.44,592.58,581.82,582.86,95197660,-0.016850805431390725,0.016850805431390725,0.018285636598463717,0.4514213822658739,0.14805553582491024,0.00030812770450982943,0,0,0,0,1,0.0003946059087946985
2025-05-22,582.66,586.62,581.405,583.09,70860420,0.0003946059087946985,0.0003946059087946985,0.008950331239487921,-0.29524333145539217,0.13885019516554123,3.531853592771711e-06,0,0,1,0,0,0.006825704436707936
2025-05-23,575.98,581.8101,575.6,579.11,76029050,-0.006825704436707936,0.006825704436707936,0.010781797979096515,0.07040347653504497,0.11574087901811601,7.359336630160774e-05,1,0,0,0,0,0.020790523389338844
2025-05-27,586.07,591.31,578.43,591.15,72588480,0.020790523389338844,0.020790523389338844,0.02197689695770129,-0.04630927191695733,0.2198766810879732,0.0004569111902241783,0,0,0,1,0,0.0057853336716569
2025-05-28,591.56,592.7688,586.985,587.73,68445510,-0.0057853336716569,0.0057853336716569,0.009777199269727572,-0.05876827646235583,0.22206030055389497,5.656436014965418e-05,0,0,0,0,1,0.003947390808704654
2025-05-29,593.06,593.2,586.07,590.05,70073760,0.003947390808704654,0.003947390808704654,0.012022392338043362,0.023510446970430365,0.17689329157130868,4.7457081013833625e-05,0,0,1,0,0,0.001118549275485048
2025-05-30,588.93,591.1299,583.235,589.39,90601240,-0.001118549275485048,0.001118549275485048,0.013405498106735957,0.25691949468833997,0.1783503933721685,1.4994710194805685e-05,1,0,0,0,0,0.005632942533806196
2025-06-02,587.76,592.79,585.06,592.71,61630500,0.005632942533806196,0.005632942533806196,0.013151626514223524,-0.385311016427881,0.15956432463908632,7.4082356380703e-05,0,1,0,0,0,0.005702620168379191
2025-06-03,592.34,597.08,591.85,596.09,63606200,0.005702620168379191,0.005702620168379191,0.008829388526859603,0.03155407149427347,0.07957519098728195,5.0350649087725406e-05,0,0,0,1,0,0.00026841584324532874
2025-06-04,596.96,597.95,595.49,595.93,57314200,-0.00026841584324532874,0.00026841584324532874,0.004120879120879182,-0.10416253662768682,0.051766057862337934,1.1061092441428546e-06,0,0,0,0,1,0.004832782373768718
2025-06-05,597.63,599.0,591.05,593.05,92436400,-0.004832782373768718,0.004832782373768718,0.013302545052959264,0.4779724223205015,0.07261376723096792,6.428830525820579e-05,0,0,1,0,0,0.010268948655256738
2025-06-06,598.66,600.83,596.86,599.14,66588740,0.010268948655256738,0.010268948655256738,0.006631476965222376,-0.32798534208503227,0.09346337717956939,6.809829646438635e-05,1,0,0,0,0,0.0009012918516539958
2025-06-09,599.72,601.25,598.49,599.68,53016420,0.0009012918516539958,0.0009012918516539958,0.0046021476689121436,-0.22793381344770225,0.09205056724600467,4.147878194098946e-06,0,1,0,0,0,0.0056696905016009325
2025-06-10,600.22,603.47,599.09,603.08,66246970,0.0056696905016009325,0.0056696905016009325,0.0072973243144180385,0.22278804731304902,0.091975372108639,4.137357035255749e-05,0,0,0,1,0,0.002852026265172114
2025-06-11,604.19,605.06,599.27,601.36,73658230,-0.002852026265172114,0.002852026265172114,0.009583078170774034,0.10604615191411426,0.09822190912657204,2.7331190644245084e-05,0,0,0,0,1,0.003974324863642353
2025-06-12,600.01,603.75,599.52,603.75,64129000,0.003974324863642353,0.003974324863642353,0.007049882501958331,-0.13853919967379724,0.07849859763749858,2.8018523313290158e-05,0,0,1,0,0,0.011180124223602483
2025-06-13,598.5,601.85,595.48,597.0,89506000,-0.011180124223602483,0.011180124223602483,0.010643274853801177,0.3334089780056644,0.10632679475139822,0.00011899313501144171,1,0,0,0,0,0.009514237855946295
2025-06-16,600.4,604.45,600.22,602.68,79984130,0.009514237855946295,0.009514237855946295,0.007045303131245867,-0.11247742081493328,0.12953423723139287,6.703068975791639e-05,0,1,0,0,0,0.008545164929979365
2025-06-17,600.21,601.75,596.76,597.53,82209370,-0.008545164929979365,0.008545164929979365,0.008313756851768562,0.027441045500001593,0.13654475500041427,7.104242348610838e-05,0,0,0,1,0,0.0001506200525495105
2025-06-18,598.44,601.22,596.47,597.44,76605030,-0.0001506200525495105,0.0001506200525495105,0.007937303656172715,-0.07060654455647963,0.13660243436701172,1.1955170937941562e-06,0,0,0,0,1,0.005289234065345649
2025-06-20,598.38,599.46,592.86,594.28,94051370,-0.005289234065345649,0.005289234065345649,0.011029780407099206,0.20517837955230434,0.12982791801012752,5.833909026251113e-05,1,0,0,0,0,0.00987749882210398
2025-06-23,595.04,600.54,591.89,600.15,87426040,0.00987749882210398,0.00987749882210398,0.014536837859639651,-0.07304794276555882,0.13358606182812297,0.0001435875988357072,0,1,0,0,0,0.01104723819045228
2025-06-24,604.33,607.8499,603.41,606.78,67735290,0.01104723819045228,0.01104723819045228,0.007346813826882795,-0.255185861050105,0.1399734325164659,8.116200228648248e-05,0,0,0,1,0,0.0005603348824945176
2025-06-25,607.91,608.61,605.54,607.12,62114770,0.0005603348824945176,0.0005603348824945176,0.005050089651428748,-0.0866235102288897,0.11124318658257036,2.829741391420107e-06,0,0,0,0,1,0.00782382395572534
2025-06-26,608.99,612.31,608.37,611.87,78548360,0.00782382395572534,0.00782382395572534,0.006469728566971446,0.23473067984458496,0.11047329320070093,5.061801734931177e-05,0,0,1,0,0,0.004968375635347355
2025-06-27,612.88,616.39,610.83,614.91,86258400,0.004968375635347355,0.004968375635347355,0.009071922725492667,0.09363295527337101,0.0668009115537974,4.507271983509174e-05,1,0,0,0,0,0.004781187490852323
2025-06-30,617.38,619.22,615.04,617.85,92502540,0.004781187490852323,0.004781187490852323,0.006770546502964242,0.06988866034468089,0.06189352914584548,3.2371252246206574e-05,0,1,0,0,0,0.00032370316419849665
2025-07-01,616.36,618.83,615.52,617.65,70030140,-0.00032370316419849665,0.00032370316419849665,0.005370238172496689,-0.2783103793231305,0.053678455667412285,1.7383630889367302e-06,0,0,0,1,0,0.004533311746134583
2025-07-02,617.24,620.49,616.61,620.45,66510370,0.004533311746134583,0.004533311746134583,0.006286047566586734,-0.05156784469889075,0.0466293576247672,2.849661327036835e-05,0,0,0,0,1,0.007881376420340036
2025-07-03,622.45,626.28,622.43,625.34,51065790,0.007881376420340036,0.007881376420340036,0.006185235761908623,-0.2642430694175495,0.04689996690614801,4.8748171288150555e-05,0,0,1,0,0,0.007451946141299293
2025-07-07,623.36,624.03,617.87,620.68,74814510,-0.007451946141299293,0.007451946141299293,0.009881930184804877,0.38189704251981027,0.09505335177604017,7.363961150924571e-05,0,1,0,0,0,0.0005477862988978455
2025-07-08,621.35,622.11,619.52,620.34,59024590,-0.0005477862988978455,0.0005477862988978455,0.0041683431238432956,-0.23705770981127827,0.0923098520548351,2.2833612523464022e-06,0,0,0,1,0,0.0059967114808006095
2025-07-09,622.77,624.72,620.9105,624.06,66113330,0.0059967114808006095,0.0059967114808006095,0.006117025547152354,0.11341625211662887,0.09810733761394133,3.668203732695915e-05,0,0,0,0,1,0.0028202416434319755
2025-07-10,624.2,626.8701,623.01,625.82,57528960,0.0028202416434319755,0.0028202416434319755,0.006184075616789472,-0.1390819152273579,0.09614529677277885,1.7440587580601947e-05,0,0,1,0,0,0.0035153878111917614
2025-07-11,622.74,624.86,621.53,623.62,63670230,-0.0035153878111917614,0.0035153878111917614,0.005347335966856217,0.10142863153507164,0.08349139006159725,1.879795968023366e-05,1,0,0,0,0,0.0019082133350436514
2025-07-14,623.16,625.1581,621.7999,624.81,51898520,0.0019082133350436514,0.0019082133350436514,0.005388985172347408,-0.2044268294486855,0.056870400904027604,1.0283333368225834e-05,0,1,0,0,0,0.004273299082921178
2025-07-15,627.52,627.86,622.06,622.14,74317260,-0.004273299082921178,0.004273299082921178,0.009242733299337181,0.359052947026246,0.06939994779397034,3.949696373174261e-05,0,0,0,1,0,0.003343298935930994
2025-07-16,623.74,624.73,618.05,624.22,88987510,0.003343298935930994,0.003343298935930994,0.010709590534517689,0.18015279436063736,0.057988525568457926,3.580536263830963e-05,0,0,0,0,1,0.006119637307359538
2025-07-17,624.4,628.4048,624.18,628.04,68885680,0.006119637307359538,0.006119637307359538,0.0067661755285074844,-0.25604770055320003,0.07113529553886334,4.140654019239754e-05,0,0,1,0,0,0.0007324374243677934
2025-07-18,629.3,629.47,626.46,627.58,65621650,-0.0007324374243677934,0.0007324374243677934,0.004783092324805325,-0.04854264626100857,0.06298136704473255,3.503315822893773e-06,1,0,0,0,0,0.0018961725995090273
2025-07-21,628.77,631.54,628.34,628.77,63374980,0.0018961725995090273,0.0018961725995090273,0.005089301334351085,-0.03483652512009883,0.06297377489248746,9.650193740841259e-06,0,1,0,0,0,0.00014313660002862605
2025-07-22,629.1,629.73,626.19,628.86,60046290,0.00014313660002862605,0.00014313660002862605,0.0056270863137815345,-0.05395338068576905,0.04317040147925085,8.054420030223033e-07,0,0,0,1,0,0.008507457939764151
2025-07-23,631.55,634.21,629.73,634.21,70511040,0.008507457939764151,0.008507457939764151,0.007093658459346083,0.16065352606247174,0.06310040177140276,6.034900098193897e-05,0,0,0,0,1,0.0003311206067388994
2025-07-24,634.6,636.15,633.99,634.42,71307130,0.0003311206067388994,0.0003311206067388994,0.0034037188780333565,0.011227028959183372,0.059425002723381345,1.127041460063051e-06,0,0,1,0,0,0.004224330884902816
2025-07-25,635.09,637.5799,634.84,637.1,56865360,0.004224330884902816,0.004224330884902816,0.004314191689366736,-0.2263099504592283,0.05518076321059217,1.8224573196782956e-05,1,0,0,0,0,0.000251137968921622
2025-07-28,637.48,638.04,635.54,636.94,54917100,-0.000251137968921622,0.000251137968921622,0.003921691660914852,-0.034861592349010095,0.0598455696582775,9.848856784590182e-07,0,1,0,0,0,0.002637611077966673
2025-07-29,638.35,638.67,634.335,635.26,60556280,-0.002637611077966673,0.002637611077966673,0.006790945406125045,0.09774840343559177,0.06949010626965337,1.7911872833062305e-05,0,0,0,1,0,0.001259326889777368
2025-07-30,635.92,637.68,631.54,634.46,80418850,-0.001259326889777368,0.001259326889777368,0.009655302553780328,0.2836754168046056,0.04088062431504808,1.2159182134911658e-05,0,0,0,0,1,0.0037512215112063263
2025-07-31,639.455,639.85,630.765,632.08,103385200,-0.0037512215112063263,0.0037512215112063263,0.014207410998428404,0.25121321416365205,0.048813482575024304,5.329514575585398e-05,0,0,1,0,0,0.016390330337931913
2025-08-01,626.3,626.34,619.29,621.72,140103600,-0.016390330337931913,0.016390330337931913,0.011256586300495081,0.30392032804184055,0.10449579577294849,0.00018449916794255328,1,0,0,0,0,0.01519976838448156
2025-08-04,625.67,631.215,625.58,631.17,73218020,0.01519976838448156,0.01519976838448156,0.009006345197947786,-0.6489405768894443,0.17866154703730736,0.00013689436099949406,0,1,0,0,0,0.005069949458941236
2025-08-05,631.79,632.6052,627.04,627.97,68051400,-0.005069949458941236,0.005069949458941236,0.008808623118441262,-0.07317826250379866,0.18023518109967782,4.465927401335854e-05,0,0,0,1,0,0.00765960157332346
2025-08-06,629.05,633.44,628.13,632.78,64357530,0.00765960157332346,0.00765960157332346,0.008441300373579302,-0.05580935763716255,0.19393798125835998,6.465699762236394e-05,0,0,0,0,1,0.000837573880337561
2025-08-07,636.24,636.98,629.11,632.25,74205790,-0.000837573880337561,0.000837573880337561,0.012369546083239036,0.14238823389854716,0.19192540008013018,1.0360408710952798e-05,0,0,1,0,0,0.007797548438117863
2025-08-08,634.06,637.645,633.74,637.18,64051630,0.007797548438117863,0.007797548438117863,0.0061587231492287375,-0.14715270045061857,0.12659947971405394,4.802294207306887e-05,1,0,0,0,0,0.0019774631972127032
2025-08-11,637.46,638.95,634.66,635.92,58742300,-0.0019774631972127032,0.0019774631972127032,0.006729834028801928,-0.08652939487102884,0.09334966665033136,1.3307999115305508e-05,0,1,0,0,0,0.010645993206692905
2025-08-12,638.29,642.85,636.79,642.69,64821800,0.010645993206692905,0.010645993206692905,0.00949411709411092,0.0984818843334132,0.09013350084100277,0.00010107430608745184,0,0,0,1,0,0.0034231122314023477
2025-08-13,644.91,646.19,642.68,644.89,60092790,0.0034231122314023477,0.0034231122314023477,0.005442619900451388,-0.07575209769840541,0.08617522342857936,1.8630698752108976e-05,0,0,0,0,1,9.303912295122174e-05
2025-08-14,642.79,645.62,642.34,644.95,59327470,9.303912295122174e-05,9.303912295122174e-05,0.0051027551766517415,-0.012817430891566062,0.0832154912409965,4.747558662704846e-07,0,0,1,0,0,0.0023412667648654573
2025-08-15,645.99,646.09,642.5153,643.44,68592510,-0.0023412667648654573,0.0023412667648654573,0.00553367699190391,0.1451109063044349,0.08514600268791996,1.2955814028645283e-05,1,0,0,0,0,0.00021758050478692947
2025-08-18,642.86,644.0,642.18,643.3,43804910,-0.00021758050478692947,0.00021758050478692947,0.002831098528451062,-0.44843742529152664,0.08081398992273407,6.159918469219153e-07,0,1,0,0,0,0.005425151562257091
2025-08-19,643.12,644.105,638.48,639.81,69750730,-0.005425151562257091,0.005425151562257091,0.008746423684537877,0.46518196654857036,0.05186323572762246,4.745067411633309e-05,0,0,0,1,0,0.0026570388083961838
2025-08-20,639.4,639.66,632.95,638.11,88890300,-0.0026570388083961838,0.0026570388083961838,0.01049421332499206,0.242475135522227,0.03529856455943845,2.7883532068092256e-05,0,0,0,0,1,0.004011847487110476
2025-08-21,636.28,637.97,633.81,635.55,54805780,-0.004011847487110476,0.004011847487110476,0.006538002137423905,-0.4836073553647857,0.030919152492661722,2.6229467445747012e-05,0,0,1,0,0,0.015356777594209836
2025-08-22,637.76,646.5,637.25,645.31,84083210,0.015356777594209836,0.015356777594209836,0.014503888610135475,0.4280112345679683,0.13437431130298402,0.0002227329916370437,1,0,0,0,0,0.004400985572825311
2025-08-25,644.04,645.29,642.35,642.47,51274330,-0.004400985572825311,0.004400985572825311,0.004564933855039968,-0.4946166590793801,0.1391912879068646,2.009020803693273e-05,0,1,0,0,0,0.004186965928370201
2025-08-26,642.2,645.51,641.57,645.16,51581570,0.004186965928370201,0.004186965928370201,0.006135160386172439,0.005974200951737174,0.13317648973988933,2.5687707501990567e-05,0,0,0,1,0,0.0022785045570090645
2025-08-27,644.57,647.37,644.42,646.63,48341070,0.0022785045570090645,0.0022785045570090645,0.004576694540546481,-0.06488292693640574,0.12750451678087907,1.0428019366673664e-05,0,0,0,0,1,0.0035414379165827903
2025-08-28,647.24,649.48,645.34,648.92,61519460,0.0035414379165827903,0.0035414379165827903,0.006396390828749747,0.24107203318594017,0.1129704027990061,2.265242101021677e-05,0,0,1,0,0,0.005963755162423756
2025-08-29,647.47,647.84,643.14,645.05,74522190,-0.005963755162423756,0.005963755162423756,0.007259023584104352,0.19174338302352822,0.075371943550403,4.3291039373858126e-05,1,0,0,0,0,0.007410278273002002
2025-09-02,637.5,640.49,634.92,640.27,81983550,-0.007410278273002002,0.007410278273002002,0.008737254901960863,0.09542168277677376,0.0881982652476276,6.474549016568082e-05,0,0,0,1,0,0.005419588611054849
2025-09-03,642.67,644.21,640.46,643.74,70820900,0.005419588611054849,0.005419588611054849,0.005835031975975229,-0.14636446058326413,0.09279212904297385,3.162347284213622e-05,0,0,0,0,1,0.008357411377264201
2025-09-04,644.42,649.15,643.51,649.12,65219230,0.008357411377264201,0.008357411377264201,0.00875205611247321,-0.08239978956767047,0.11200446375487093,7.31445333288383e-05,0,0,1,0,0,0.002896228740448592
2025-09-05,651.48,652.21,643.33,647.24,85178940,-0.002896228740448592,0.002896228740448592,0.013630502855037753,0.2669998524919279,0.11135990888008346,3.947705411552693e-05,1,0,0,0,0,0.0024565848835054194
2025-09-08,648.62,649.84,647.23,648.83,63133100,0.0024565848835054194,0.0024565848835054194,0.004023927723474475,-0.29950901988703293,0.1008772796088791,9.88512001780577e-06,0,1,0,0,0,0.0023118536442519044
2025-09-09,648.97,650.86,647.22,650.33,66133860,0.0023118536442519044,0.0023118536442519044,0.005608887930104606,0.04643567294661821,0.06641083328385722,1.2966928001412854e-05,0,0,0,1,0,0.002890840035059128
2025-09-10,653.62,654.55,650.63,652.21,78034530,0.002890840035059128,0.002890840035059128,0.005997368501575777,0.16547054887131907,0.06327021953643312,1.733743296935783e-05,0,0,0,0,1,0.008310206835221656
2025-09-11,654.18,658.33,653.59,657.63,69934360,0.008310206835221656,0.008310206835221656,0.0072457121893057105,-0.1095943317191086,0.0630010516435912,6.021336696161719e-05,0,0,1,0,0,0.0003345346167298313
2025-09-12,657.6,659.11,656.9,657.41,72780140,-0.0003345346167298313,0.0003345346167298313,0.003360705596107111,0.03988602739387659,0.05021061074992325,1.1242723585354916e-06,1,0,0,0,0,0.005323922666220504
2025-09-15,659.64,661.04,659.34,660.91,63772410,0.005323922666220504,0.005323922666220504,0.0025771633011944877,-0.1321224621684891,0.05189670804460704,1.3720618113780994e-05,0,1,0,0,0,0.0013768894403171084
2025-09-16,661.47,661.78,659.21,660.0,61168950,-0.0013768894403171084,0.0013768894403171084,0.0038852858028329876,-0.041680943180857355,0.06343855274060425,5.349608994534719e-06,0,0,0,1,0,0.001242424242424267
2025-09-17,660.01,661.72,654.3,659.18,101952200,-0.001242424242424267,0.001242424242424267,0.01124225390524397,0.5108643616234296,0.07016342340692376,1.3967648791363998e-05,0,0,0,0,1,0.004672471858976346
2025-09-18,661.89,664.89,660.27,662.26,90459240,0.004672471858976346,0.004672471858976346,0.006980011784435487,-0.11960471223596514,0.052534794649437055,3.2613908638098086e-05,0,0,1,0,0,0.0021743726029053168
2025-09-19,662.33,664.55,660.37,663.7,97945620,0.0021743726029053168,0.0021743726029053168,0.006311053402382422,0.07951306334260622,0.05026070249599616,1.3722581613612723e-05,1,0,0,0,0,0.004731053186680656
2025-09-22,662.2,667.29,662.17,666.84,69452200,0.004731053186680656,0.004731053186680656,0.007731803080640296,-0.3437736763454602,0.04784192626922266,3.657957160345059e-05,0,1,0,0,0,0.005443584667986334
2025-09-23,666.72,667.34,661.98,663.21,81708870,-0.005443584667986334,0.005443584667986334,0.008039356851451905,0.16252381558008722,0.06889100706023063,4.376291969703448e-05,0,0,0,1,0,0.003181496057055866
2025-09-24,664.51,664.61,659.67,661.1,68082230,-0.003181496057055866,0.003181496057055866,0.007434049148997087,-0.18244632214445744,0.0740139712576786,2.365139805549375e-05,0,0,0,0,1,0.004613522916351642
2025-09-25,657.94,659.4056,654.405,658.05,89622070,-0.004613522916351642,0.004613522916351642,0.007600389093230501,0.27488536377363815,0.07104975434751645,3.506456925480799e-05,0,0,1,0,0,0.005729047944685206
2025-09-26,659.51,662.37,657.88,661.82,69179210,0.005729047944685206,0.005729047944685206,0.006808084790223058,-0.2589012193584672,0.08500645710050943,3.900384417467002e-05,1,0,0,0,0,0.0028104318394728267
2025-09-29,664.36,665.28,661.86,663.68,73499020,0.0028104318394728267,0.0028104318394728267,0.005147811427539224,0.06057168798856338,0.07831109263897434,1.44675731395583e-05,0,1,0,0,0,0.0037668756027000594
2025-09-30,662.93,666.65,661.61,666.18,86288030,0.0037668756027000594,0.0037668756027000594,0.0076026126438688306,0.16041881145462256,0.07198260053995642,2.8638096084968492e-05,0,0,0,1,0,0.0034074874658502896
2025-10-01,663.17,669.37,663.06,668.45,72545370,0.0034074874658502896,0.0034074874658502896,0.009514905680293227,-0.1734787248351104,0.06308095462428487,3.242192184434689e-05,0,0,0,0,1,0.0011519186176975893
2025-10-02,670.45,670.565,666.78,669.22,56895990,0.0011519186176975893,0.0011519186176975893,0.005645462003132346,-0.24298729131362862,0.026273359150003273,6.503112786912476e-06,0,0,1,0,0,1.4942769194004057e-05
2025-10-03,669.99,672.675,668.16,669.21,70494350,-1.4942769194004057e-05,1.4942769194004057e-05,0.006738906550844022,0.21430769724018006,0.025457722867096105,1.0069792520922419e-07,1,0,0,0,0,0.0035863181960820167
2025-10-06,671.62,672.51,669.455,671.61,54623260,0.0035863181960820167,0.0035863181960820167,0.004548703135701662,-0.2550727612795285,0.027124387095458374,1.6313096824142197e-05,0,1,0,0,0,0.00370750882208426
2025-10-07,672.54,672.99,667.67,669.12,72020070,-0.00370750882208426,0.00370750882208426,0.00791031016742506,0.2764850263887837,0.04737971676401874,2.932754473115123e-05,0,0,0,1,0,0.005963055954088858
2025-10-08,670.25,673.2056,669.42,673.11,60702240,0.005963055954088858,0.005963055954088858,0.005648041775456986,-0.1709642273984322,0.05819237717723461,3.367958913808139e-05,0,0,0,0,1,0.0028970004902616475
2025-10-09,673.53,673.94,669.21,671.16,66501940,-0.0028970004902616475,0.0028970004902616475,0.007022701290217241,0.09125051854669408,0.06585590942703833,2.034476908072045e-05,0,0,1,0,0,0.027027832409559527
2025-10-10,672.13,673.95,652.84,653.02,159422600,-0.027027832409559527,0.027027832409559527,0.031407614598366405,0.8743274090542101,0.2077474906327839,0.0008488797437486824,1,0,0,0,0,0.01534409359590816
2025-10-13,660.65,665.13,659.7679,663.04,79560520,0.01534409359590816,0.01534409359590816,0.00811640051464458,-0.695040541778809,0.25015060507195946,0.00012453880915858358,0,1,0,0,0,0.0012216457528956282
2025-10-14,657.17,665.83,653.17,662.23,88779560,-0.0012216457528956282,0.0012216457528956282,0.019264421686930447,0.10963845210510215,0.24999521548664602,2.3534298935829014e-05,0,0,0,1,0,0.0044395451731271685
2025-10-15,666.82,670.23,658.93,665.17,81702560,0.0044395451731271685,0.0044395451731271685,0.016946102396448916,-0.08307110682237706,0.2471682665859152,7.523298709747353e-05,0,0,0,0,1,0.006810289099027256
2025-10-16,666.82,668.71,657.11,660.64,110563300,-0.006810289099027256,0.006810289099027256,0.017395998920248377,0.3025028689009197,0.24934285750721297,0.00011847178181325743,0,0,1,0,0,0.005676313877452266
2025-10-17,659.5,665.755,658.14,664.39,96500870,0.005676313877452266,0.005676313877452266,0.01154662623199395,-0.13603618245387494,0.13150393929453622,6.554227471842163e-05,1,0,0,0,0,0.010400517768178297
2025-10-20,667.32,672.21,667.27,671.3,60493350,0.010400517768178297,0.010400517768178297,0.007402745309596677,-0.4670185760401324,0.10553893733006425,7.699238412575879e-05,0,1,0,0,0,1.4896469536673784e-05
2025-10-21,671.44,672.99,669.981,671.29,56249030,-1.4896469536673784e-05,1.4896469536673784e-05,0.004481413082330535,-0.07274464390132707,0.10318167153861232,6.675723346218818e-08,0,0,0,1,0,0.005198945314245695
2025-10-22,672.0,672.0,663.3,667.8,80564010,-0.005198945314245695,0.005198945314245695,0.01294642857142864,0.3592632218785532,0.11516288738100729,6.730777415764553e-05,0,0,0,0,1,0.005929919137466433
2025-10-23,668.12,672.7101,667.8,671.76,65604460,0.005929919137466433,0.005929919137466433,0.007349128899000265,-0.20540833946131443,0.0959666670576333,4.357974010188928e-05,0,0,1,0,0,0.008172561629153252
2025-10-24,676.46,678.47,675.65,677.25,74356530,0.008172561629153252,0.008172561629153252,0.004168760902344632,0.12522781365281332,0.10125535120986488,3.406945539161603e-05,1,0,0,0,0,0.011797711332595107
2025-10-27,682.73,685.54,682.115,685.24,63339790,0.011797711332595107,0.011797711332595107,0.00501662443425652,-0.16035776888715247,0.10725134414264592,5.9184686939401664e-05,0,1,0,0,0,0.002656003735917345
2025-10-28,687.05,688.905,684.83,687.06,61738070,0.002656003735917345,0.002656003735917345,0.005931154937777355,-0.0256129667926146,0.10229881167865104,1.5753169673041262e-05,0,0,0,1,0,0.0004803073967338811
2025-10-29,688.72,689.7,682.87,687.39,85362210,0.0004803073967338811,0.0004803073967338811,0.009916947380648218,0.3240027340601337,0.07090506886613407,4.763183179946027e-06,0,0,0,0,1,0.010998123336097287
2025-10-30,683.9,685.94,679.83,679.83,76335750,-0.010998123336097287,0.010998123336097287,0.008934054686357674,-0.111762121846251,0.13859489986958648,9.825783533199966e-05,0,0,1,0,0,0.0032802318226614613
2025-10-31,685.04,685.08,679.24,682.06,87164120,0.0032802318226614613,0.0032802318226614613,0.008525049632138315,0.13265140294784317,0.12988393223606828,2.7964139093108486e-05,1,0,0,0,0,0.0018766677418409206
2025-11-03,685.67,685.8,679.94,683.34,57315030,0.0018766677418409206,0.0018766677418409206,0.008546385287382998,-0.41922987938404077,0.09427047462760003,1.6038725578175516e-05,0,1,0,0,0,0.01185354289226448
2025-11-04,676.11,679.96,674.58,675.24,78426970,-0.01185354289226448,0.01185354289226448,0.007957285057165248,0.3136049756154762,0.1168449436325716,9.432201973108348e-05,0,0,0,1,0,0.0034654345121734043
2025-11-05,674.98,680.86,674.17,677.58,74402380,0.0034654345121734043,0.0034654345121734043,0.009911404782364002,-0.0526799420377877,0.12480974219547006,3.434732419692474e-05,0,0,0,0,1,0.010729360370731245
2025-11-06,676.47,677.38,668.72,670.31,85035300,-0.010729360370731245,0.010729360370731245,0.012801750262391484,0.13357853214191096,0.12371355301500836,0.0001373545919413015,0,0,1,0,0,0.000984619056854319
2025-11-07,667.91,671.08,661.205,670.97,100592400,0.000984619056854319,0.000984619056854319,0.01478492611279963,0.1680102418762175,0.11753396956702435,1.4557520004845563e-05,1,0,0,0,0,0.015604274408691943
2025-11-10,677.235,682.18,675.03,681.44,75842890,0.015604274408691943,0.015604274408691943,0.010557635089739864,-0.2824127410873025,0.17939230010281343,0.00016474423504713581,0,1,0,0,0,0.002289269781638792
2025-11-11,679.95,683.57,678.73,683.0,58953390,0.002289269781638792,0.002289269781638792,0.007118170453709878,-0.25191682829213846,0.1484614323428905,1.629541252023211e-05,0,0,0,1,0,0.0005563689604686228
2025-11-12,684.79,684.96,680.945,683.38,62312480,0.0005563689604686228,0.0005563689604686228,0.005863111318798444,0.055414594153436525,0.14848740230795068,3.2620531495517067e-06,0,0,0,0,1,0.016593988703210605
2025-11-13,680.5,680.86,670.52,672.04,103457800,-0.016593988703210605,0.016593988703210605,0.015194709772226351,0.507002066951074,0.18165041283149663,0.0002521408423088879,0,0,1,0,0,0.0001636807332896506
2025-11-14,665.38,675.66,663.265,671.93,96846670,-0.0001636807332896506,0.0001636807332896506,0.01862845291412423,-0.0660347932374421,0.18166746108252502,3.0491188330355828e-06,1,0,0,0,0,0.009316446653669264
2025-11-17,669.7,673.71,662.17,665.67,90456110,-0.009316446653669264,0.009316446653669264,0.017231596237121213,-0.0682642447727595,0.1279403844806993,0.0001605372471007078,0,1,0,0,0,0.008397554343743785
2025-11-18,662.095,665.12,655.86,660.08,114467500,-0.008397554343743785,0.008397554343743785,0.013985908366624111,0.23542617689651024,0.11307797646288568,0.00011744742555534685,0,0,0,1,0,0.0038631681008360896
2025-11-19,660.78,667.34,658.745,662.63,94702960,0.0038631681008360896,0.0038631681008360896,0.013007354944156948,-0.18954568178197206,0.12804597248339822,5.0249598696519714e-05,0,0,0,0,1,0.015242292078535558
2025-11-20,672.91,675.56,651.89,652.53,165293500,-0.015242292078535558,0.015242292078535558,0.03517558068686743,0.556977420796958,0.12126121041605749,0.0005361564748613278,0,0,1,0,0,0.00996122783626796
2025-11-21,655.05,664.55,650.85,659.03,123956200,0.00996122783626796,0.00996122783626796,0.020914434012670687,-0.2877944021926133,0.1647026657211856,0.00020833344226680467,1,0,0,0,0,0.014718601581111601
2025-11-24,662.69,670.06,661.59,668.73,80437940,0.014718601581111601,0.014718601581111601,0.012781240097179545,-0.4324423176082206,0.1990377121090656,0.00018812198070291384,0,1,0,0,0,0.009405888774243643
2025-11-25,668.63,676.21,664.48,675.02,81077090,0.009405888774243643,0.009405888774243643,0.017543334878782013,0.007914474936320914,0.18588562159750732,0.0001650106565991327,0,0,0,1,0,0.006903499155580528
2025-11-26,677.63,681.7,676.72,679.68,71879600,0.006903499155580528,0.006903499155580528,0.007349143337809746,-0.12040793181336795,0.18643914626535446,5.0734804826809844e-05,0,0,0,0,1,0.005458451035781575
2025-11-28,680.86,683.665,680.5,683.39,49212030,0.005458451035781575,0.005458451035781575,0.00464853273800776,-0.3788543848563677,0.05629849218638517,2.537378833864302e-05,1,0,0,0,0,0.0045654750581659576
2025-12-01,678.81,682.99,678.74,680.27,61201190,-0.0045654750581659576,0.0045654750581659576,0.006260956674179815,0.21802852398785078,0.11214160656168076,2.858424153622563e-05,0,1,0,0,0,0.0018522057418377535
2025-12-02,681.92,683.82,679.3275,681.53,62953840,0.0018522057418377535,0.0018522057418377535,0.006588016189582449,0.028235125195582356,0.08606803149716534,1.2202361413664691e-05,0,0,0,1,0,0.0034627969421743288
2025-12-03,680.57,684.91,679.69,683.89,57238480,0.0034627969421743288,0.0034627969421743288,0.007670041288919454,-0.09517535835913549,0.07069772695525217,2.6559795521621133e-05,0,0,0,0,1,0.0007311117284942714
2025-12-04,685.3,685.37,681.34,684.39,61970340,0.0007311117284942714,0.0007311117284942714,0.00588063621771483,0.0794294826717703,0.059906135916304934,4.299402109779504e-06,0,0,1,0,0,0.0018995017460805563
2025-12-05,685.47,688.39,684.58,685.69,79241050,0.0018995017460805563,0.0018995017460805563,0.005558230119479985,0.24583858562421668,0.04900748269698777,1.055786781706977e-05,1,0,0,0,0,0.003004273068004548
2025-12-08,686.59,686.64,681.57,683.63,55231460,-0.003004273068004548,0.003004273068004548,0.007384319608499885,-0.3609617486677834,0.03864598516834233,2.2184512525354093e-05,0,1,0,0,0,0.0008630399485102247
2025-12-09,683.15,685.385,682.59,683.04,58310060,-0.0008630399485102247,0.0008630399485102247,0.004091341579448085,0.05424191478837059,0.03961714471919428,3.5309912260646166e-06,0,0,0,1,0,0.006632115249473047
2025-12-10,682.56,688.97,681.31,687.57,85671330,0.006632115249473047,0.006632115249473047,0.01122245663384916,0.3847435908494603,0.05727815040711159,7.442862577790097e-05,0,0,0,0,1,0.002327035792719201
2025-12-11,685.14,689.25,682.165,689.17,86173680,0.002327035792719201,0.002327035792719201,0.010340952214146068,0.00584656400683059,0.05778565267030419,2.406376593311677e-05,0,0,1,0,0,0.010752064077078183
2025-12-12,688.17,688.88,679.1744,681.76,113160300,-0.010752064077078183,0.010752064077078183,0.014103491869741495,0.27244060015779326,0.10299173248185943,0.00015164164829401176,1,0,0,0,0,0.0015107955878901347
2025-12-15,685.74,685.76,679.25,680.73,90810950,-0.0015107955878901347,0.0015107955878901347,0.009493393997725072,-0.22002552231850814,0.10182043262897358,1.4342577765865726e-05,0,1,0,0,0,0.0027323608479132844
2025-12-16,679.23,681.08,674.98,678.87,122030600,-0.0027323608479132844,0.0027323608479132844,0.008980757622602097,0.29549195708822396,0.10271567236185836,2.4538670512596758e-05,0,0,0,1,0,0.011003579477661396
2025-12-17,679.89,680.435,671.195,671.4,110625200,-0.011003579477661396,0.011003579477661396,0.013590433746635332,-0.09812392087446042,0.09384055037489082,0.00014954341786699342,0,0,0,0,1,0.007551385165326163
2025-12-18,677.6,680.74,674.9,676.47,108650100,0.007551385165326163,0.007551385165326163,0.008618654073199575,-0.01801528398316421,0.12177825776255721,6.508277651343718e-05,0,0,1,0,0,0.006090440078643455
2025-12-19,676.59,681.09,676.47,680.59,103599500,0.006090440078643455,0.006090440078643455,0.006828359863432809,-0.04760012308096506,0.11890758527540433,4.158771658365153e-05,1,0,0,0,0,0.006229888772976366
2025-12-22,683.94,685.36,680.5868,684.83,69556730,0.006229888772976366,0.006229888772976366,0.006978974763868138,-0.3983898202293581,0.12648491832093148,4.34782365283075e-05,0,1,0,0,0,0.004570477344742585
2025-12-23,683.92,688.2,683.87,687.96,64839950,0.004570477344742585,0.004570477344742585,0.006331149842086854,-0.07022075182127452,0.12264974935471766,2.893637691942856e-05,0,0,0,1,0,0.0035176463747892406
2025-12-24,687.95,690.83,687.8,690.38,39445560,0.0035176463747892406,0.0035176463747892406,0.004404389853913927,-0.4970004223800224,0.024899440515417866,1.5493086002778838e-05,0,0,0,0,1,0.00010139343549930846
2025-12-26,690.64,691.66,689.27,690.31,41613350,-0.00010139343549930846,0.00010139343549930846,0.003460558322715143,0.05349953449698219,0.041015735034048505,3.5087789708581293e-07,1,0,0,0,0,0.003563616346279108
2025-12-29,687.54,689.2,686.07,687.85,62559500,-0.003563616346279108,0.003563616346279108,0.004552462402187503,0.40769706658473837,0.06254181488119388,1.622322943225644e-05,0,1,0,0,0,0.001221196481791087
2025-12-30,687.445,688.555,686.58,687.01,47160670,-0.001221196481791087,0.001221196481791087,0.0028729571092958837,-0.28255781613512454,0.05348885158001744,3.5084451142088247e-06,0,0,0,1,0,0.007408916900772944
2025-12-31,687.14,687.36,681.71,681.92,74144800,-0.007408916900772944,0.007408916900772944,0.008222487411590037,0.45245964776588465,0.06451089688596506,6.0919725950122204e-05,0,0,0,0,1,0.0018330595964335394
2026-01-02,685.71,686.87,679.82,683.17,89377200,0.0018330595964335394,0.0018330595964335394,0.010281314258214047,0.18684567579107636,0.0564394933580347,1.8846261764968238e-05,1,0,0,0,0,0.006660128518523933
2026-01-05,686.54,689.43,686.375,687.72,71927190,0.006660128518523933,0.006660128518523933,0.004449849972324919,-0.2172112560236208,0.08476948171020549,2.963657270383413e-05,0,1,0,0,0,0.005947187808991838
2026-01-06,687.93,692.315,687.78,691.81,69273830,0.005947187808991838,0.005947187808991838,0.0065922404895848155,-0.03758715542853608,0.09143978433672618,3.9205292273601204e-05,0,0,0,1,0,0.003223428397970407
2026-01-07,692.19,693.96,689.32,689.58,75588340,-0.003223428397970407,0.003223428397970407,0.006703361793727136,0.08723483588349268,0.09573156914581785,2.1607806767769894e-05,0,0,0,0,1,0.00010151106470612792
2026-01-08,688.82,690.615,687.49,689.51,64019200,-0.00010151106470612792,0.00010151106470612792,0.004536743996980343,-0.16611899772672345,0.0658249977047417,4.6052971343260903e-07,0,0,1,0,0,0.006613392119041217
2026-01-09,690.63,695.31,689.18,694.07,80125470,0.006613392119041217,0.006613392119041217,0.008875953839248217,0.22441073954970747,0.07245500454637037,5.870016316945779e-05,1,0,0,0,0,0.0015704467849062542
2026-01-12,690.68,696.09,690.63,695.16,63976000,0.0015704467849062542,0.0015704467849062542,0.007905252794347653,-0.22508576487824072,0.06574940227740367,1.2414778834754454e-05,0,1,0,0,0,0.0019995396743195393
2026-01-13,695.49,696.09,691.35,693.77,78309730,-0.0019995396743195393,0.0019995396743195393,0.006815338825863792,0.20216384503073215,0.06095016458643702,1.3627540376244999e-05,0,0,0,1,0,0.0049151736166164195
2026-01-14,691.0,691.72,686.04,690.36,94676680,-0.0049151736166164195,0.0049151736166164195,0.008219971056440034,0.18979585541832122,0.06832403158606423,4.040258486596466e-05,0,0,0,0,1,0.0027232168723565486
2026-01-15,694.57,695.45,691.25,692.24,77861970,0.0027232168723565486,0.0027232168723565486,0.0060469067192652215,-0.1955300725802509,0.07036387897939687,1.6467038403469234e-05,0,0,1,0,0,0.0008378597018375844
2026-01-16,693.66,694.25,690.1,691.66,79289200,-0.0008378597018375844,0.0008378597018375844,0.0059827581235763596,0.018164283771504586,0.047853480781238196,5.012711937586075e-06,1,0,0,0,0,0.02035682271636341
2026-01-20,681.49,684.77,676.57,677.58,111623300,-0.02035682271636341,0.02035682271636341,0.01203245828992345,0.3420278781753687,0.14238106758966246,0.0002449426202500089,0,0,0,1,0,0.011541072640868899
2026-01-21,679.65,688.735,678.13,685.4,127844500,0.011541072640868899,0.011541072640868899,0.015603619510041961,0.13568487099464122,0.18645113801294907,0.00018008250622587345,0,0,0,0,1,0.0052232273125183415
2026-01-22,689.85,691.125,686.92,688.98,77112240,0.0052232273125183415,0.0052232273125183415,0.0060955280133362915,-0.5055526536697776,0.19155172903412412,3.1838328403478784e-05,0,0,1,0,0,0.000362855235275239
2026-01-23,688.15,690.96,687.16,689.23,63059580,0.000362855235275239,0.000362855235275239,0.005522051878224324,-0.20118202617173608,0.18989843286799793,2.0037054334751623e-06,1,0,0,0,0,0.005078130667556469
2026-01-26,690.49,694.13,689.92,692.73,60473810,0.005078130667556469,0.005078130667556469,0.006097119436921659,-0.04186961434339054,0.1944407556624757,3.096196919638651e-05,0,1,0,0,0,0.003984236282534415
2026-01-27,694.18,696.53,693.57,695.49,55506150,0.003984236282534415,0.003984236282534415,0.004264023740240173,-0.08571655184570659,0.0640381764705399,1.6988878095452996e-05,0,0,0,1,0,0.00010064846367319191
2026-01-28,697.05,697.84,693.94,695.42,61172170,-0.00010064846367319191,0.00010064846367319191,0.005595007531740876,0.09719852043840049,0.04105773860857554,5.631289123096567e-07,0,0,0,0,1,0.0019844122976042655
2026-01-29,696.39,697.06,684.83,694.04,97486200,-0.0019844122976042655,0.0019844122976042655,0.01756199830554704,0.46601847590405754,0.04693437387998477,3.4850245408032823e-05,0,0,1,0,0,0.002982537029565968
2026-01-30,691.79,694.21,687.12,691.97,101835100,-0.002982537029565968,0.002982537029565968,0.010248774917243719,0.04364400843907745,0.05685726142197392,3.056735069836628e-05,1,0,0,0,0,0.004971313785279596
2026-02-02,689.58,696.93,689.425,695.41,79286520,0.004971313785279596,0.004971313785279596,0.0108834362945561,-0.25028670880755755,0.056353616594644405,5.410497688233903e-05,0,1,0,0,0,0.008455443551286246
2026-02-03,696.21,696.96,684.03,689.53,107904600,-0.008455443551286246,0.008455443551286246,0.018571982591459563,0.3081793732754079,0.07712855825990271,0.0001570343504375572,0,0,0,1,0,0.004843879164068143
2026-02-04,690.35,691.45,681.76,686.19,105204600,-0.004843879164068143,0.004843879164068143,0.014036358368943368,-0.025340477600867217,0.07823487040172192,6.799042384271829e-05,0,0,0,0,1,0.012489252247919747
2026-02-05,680.94,683.69,675.79,677.62,113610800,-0.012489252247919747,0.012489252247919747,0.011601609539754002,0.07687154590398748,0.10387270509824716,0.00014489542802385985,0,0,1,0,0,0.01918479383725402
2026-02-06,681.46,692.31,680.85,690.62,89127570,0.01918479383725402,0.01918479383725402,0.016816834443694306,-0.24270985554944602,0.2012960831257303,0.0003226275017975077,1,0,0,0,0,0.004821754365642583
2026-02-09,689.42,695.87,688.34,693.95,73885190,0.004821754365642583,0.004821754365642583,0.010922224478547146,-0.18755630999249462,0.2010507547131307,5.266428356196299e-05,0,1,0,0,0,0.0026370775992506923
2026-02-10,694.95,696.54,691.66,692.12,65185730,-0.0026370775992506923,0.0026370775992506923,0.007022087919994237,-0.1252718201624532,0.19023695030233367,1.851779075378569e-05,0,0,0,1,0,0.00023117378489279083
2026-02-11,696.39,697.14,689.18,691.96,76353870,-0.00023117378489279083,0.00023117378489279083,0.011430376656758478,0.1581381358115017,0.18433124810572893,2.642403434493062e-06,0,0,0,0,1,0.015448869876871552
2026-02-12,694.24,695.35,680.37,681.27,118829000,-0.015448869876871552,0.015448869876871552,0.021577552431435842,0.4423067621988892,0.1993036266170013,0.00033334879977462567,0,0,1,0,0,0.0007045664714431243
2026-02-13,681.69,686.28,677.52,681.75,96267490,0.0007045664714431243,0.0007045664714431243,0.012850415878185084,-0.21055481196536974,0.12211511325036609,9.053972171869563e-06,1,0,0,0,0,0.0016134946828016972
2026-02-17,680.14,684.94,675.78,682.85,81354660,0.0016134946828016972,0.0016134946828016972,0.013467815449760464,-0.16831255367343445,0.11156882465363782,2.1730248617143057e-05,0,0,0,1,0,0.005037709599472695
2026-02-18,684.02,689.15,682.83,686.29,73570340,0.005037709599472695,0.005037709599472695,0.009239495921171802,-0.10057615868496583,0.12633470916425105,4.6545897296376e-05,0,0,0,0,1,0.002637369042241544
2026-02-19,683.84,686.18,681.5475,684.48,58649360,-0.002637369042241544,0.002637369042241544,0.0067742454375291535,-0.22666528907542016,0.12576803736662123,1.7866185201485412e-05,0,0,1,0,0,0.007231767180925663
2026-02-20,682.32,690.06,681.73,689.43,100034000,0.007231767180925663,0.007231767180925663,0.012208347989213164,0.5339334582983213,0.06105557459153611,8.828793032171157e-05,1,0,0,0,0,0.010211334000551076
2026-02-23,687.83,690.0,680.371,682.39,90558090,-0.010211334000551076,0.010211334000551076,0.013999098614483257,-0.09951860391209877,0.10977926790882363,0.00014294947165914034,0,1,0,0,0,0.007268570758657056
2026-02-24,681.9,688.35,680.0,687.35,73798730,0.007268570758657056,0.007268570758657056,0.012245197242997542,-0.20464999794905125,0.12110145037202905,8.900508261443993e-05,0,0,0,1,0,0.008438204699207086
2026-02-25,690.18,693.68,690.1,693.15,56369480,0.008438204699207086,0.008438204699207086,0.005187052652931014,-0.26941364131055323,0.1297443545464587,4.376941207099706e-05,0,0,0,0,1,0.005554353314578431
2026-02-26,693.28,693.3,684.35,689.3,71670990,-0.005554353314578431,0.005554353314578431,0.012909646895914973,0.24015818214799367,0.13774419606609992,7.170474002636249e-05,0,0,1,0,0,0.004801973016103189
2026-02-27,683.09,686.86,681.64,685.99,83308870,-0.004801973016103189,0.004801973016103189,0.007641745597212706,0.1504689609264105,0.13221923885731074,3.6695456153740763e-05,1,0,0,0,0,0.0005685214070176858
2026-03-02,678.7,688.62,678.02,686.38,87477200,0.0005685214070176858,0.0005685214070176858,0.015618093413879508,0.04882316131142517,0.10387241928096168,8.87922044259243e-06,0,1,0,0,0,0.0088143593927561
2026-03-03,675.06,682.61,669.66,680.33,105003100,-0.0088143593927561,0.0088143593927561,0.01918347998696419,0.18261168364283975,0.10721699997808301,0.00016909008700884647,0,0,0,1,0,0.00705539958549517
2026-03-04,681.63,687.09,679.62,685.13,79182240,0.00705539958549517,0.00705539958549517,0.010959024690814705,-0.2822378391756146,0.09883045905140107,7.732029826100541e-05,0,0,0,0,1,0.005575584195700145
2026-03-05,682.08,685.53,675.61,681.31,106606500,-0.005575584195700145,0.005575584195700145,0.014543748533896256,0.2973924509837147,0.09887448116413138,8.108989447182912e-05,0,0,1,0,0,0.013107102493725264
2026-03-06,673.41,676.11,669.76,672.38,100687000,-0.013107102493725264,0.013107102493725264,0.009429619399771348,-0.05712778986593747,0.12592244266648495,0.00012359498794962316,1,0,0,0,0,0.008759927421993385
2026-03-09,666.39,679.92,662.39,678.27,102667700,0.008759927421993385,0.008759927421993385,0.026305916955536506,0.019480863933122095,0.15468457331353094,0.000230437923299485,0,1,0,0,0,0.0016070296489598679
2026-03-10,677.72,683.36,674.76,677.18,81505320,-0.0016070296489598679,0.0016070296489598679,0.012689606327096769,-0.23082926247085567,0.14374469407630924,2.039257360127324e-05,0,0,0,1,0,0.0012552054106735877
2026-03-11,677.58,680.08,673.34,676.33,68441670,-0.0012552054106735877,0.0012552054106735877,0.009947164910416495,-0.17468644218678264,0.1257714107140703,1.2485735216417239e-05,0,0,0,0,1,0.015184894947732785
2026-03-12,671.16,671.65,665.87,666.06,108882200,-0.015184894947732785,0.015184894947732785,0.008611955420466019,0.46428470878199235,0.15532916028218166,0.00013077163835433444,0,0,1,0,0,0.005660150737170744
2026-03-13,669.27,672.335,661.36,662.29,97200240,-0.005660150737170744,0.005660150737170744,0.016398463998087504,-0.11349338216720639,0.13720848749845205,9.281777808724289e-05,1,0,0,0,0,0.010176810762656752
2026-03-16,668.38,672.07,667.12,669.03,82023130,0.010176810762656752,0.010176810762656752,0.007405966665669298,-0.16977189803567683,0.1449997872856568,7.536912127106046e-05,0,1,0,0,0,0.002630674259749277
2026-03-17,672.39,674.44,669.7,670.79,87128040,0.002630674259749277,0.002630674259749277,0.00704948021237676,0.060377479493794795,0.15005623764758771,1.8544886139311408e-05,0,0,0,1,0,0.013953696387841275
2026-03-18,668.36,669.72,661.19,661.43,82062580,-0.013953696387841275,0.013953696387841275,0.012762583039080694,-0.059896633230227536,0.1722747698991874,0.0001780852088519446,0,0,0,0,1,0.0024643575283854746
2026-03-19,656.97,662.98,655.17,659.8,111272500,-0.0024643575283854746,0.0024643575283854746,0.011887909645798223,0.3045000176600219,0.14333605630845264,2.929605963238915e-05,0,0,1,0,0,0.01702030918460129
2026-03-20,656.51,656.69,644.72,648.57,163617500,-0.01702030918460129,0.01702030918460129,0.01823277634765659,0.3855492359998287,0.1802702088784558,0.0003103274907308006,1,0,0,0,0,0.01050002312780407
2026-03-23,658.07,662.615,653.94,655.38,134802700,0.01050002312780407,0.01050002312780407,0.013182488185147407,-0.19371915740547507,0.18189309763232409,0.00013841643082605168,0,1,0,0,0,0.0033568311513931803
2026-03-24,651.32,657.03,649.88,653.18,96457480,-0.0033568311513931803,0.0033568311513931803,0.010977706810784218,-0.33470993552120376,0.1727517784996506,3.685030819330154e-05,0,0,0,1,0,0.005572736458556715
2026-03-25,658.67,660.89,654.24,656.82,90653790,0.005572736458556715,0.005572736458556715,0.0100961027525164,-0.06205454333429472,0.16633708470807845,5.626291989828295e-05,0,0,0,0,1,0.017858774093358898
2026-03-26,652.06,654.85,644.82,645.09,96494380,-0.017858774093358898,0.017858774093358898,0.015382020059503686,0.06243702215639502,0.2043684665289599,0.0002747040213421913,0,0,1,0,0,0.017051884233207804
2026-03-27,642.5,642.66,633.105,634.09,103649400,-0.017051884233207804,0.017051884233207804,0.014871595330739222,0.0715292811305801,0.20449107531838034,0.0002535887219428789,1,0,0,0,0,0.003343373968994978
2026-03-30,640.11,640.37,629.28,631.97,99275850,-0.003343373968994978,0.003343373968994978,0.01732514724031812,-0.04311171067228159,0.1594292056853415,5.792444629228478e-05,0,1,0,0,0,0.029067835498520544
2026-03-31,638.94,651.54,637.98,650.34,152534100,0.029067835498520544,0.029067835498520544,0.021222650014085742,0.4294858350358872,0.30682016929747663,0.0006168964994521191,0,0,0,1,0,0.0075345204047112535
2026-04-01,653.9,658.52,653.0,655.24,97841470,0.0075345204047112535,0.0075345204047112535,0.008441657745832668,-0.44403965814802504,0.3096590377117067,6.360384253556505e-05,0,0,0,0,1,0.0009004334289726135
2026-04-02,646.42,658.2,645.11,655.83,68358710,0.0009004334289726135,0.0009004334289726135,0.020249992265090857,-0.3585795240030727,0.26868867457789714,1.823376997192466e-05,0,0,1,0,0,0.004726834698016047
2026-04-06,655.86,659.72,655.52,658.93,39105760,0.004726834698016047,0.004726834698016047,0.0064038056902388394,-0.5584992057221605,0.19979376250545608,3.026973093597355e-05,0,1,0,0,0,0.0004401074469215782
2026-04-07,656.65,659.61,651.06,659.22,69980360,0.0004401074469215782,0.0004401074469215782,0.01302063504149862,0.5819448492517054,0.18798298078548778,5.730478445411595e-06,0,0,0,1,0,0.025469494250781155
2026-04-08,676.39,677.08,671.46,676.01,93606110,0.025469494250781155,0.025469494250781155,0.008308815919809585,0.29088102427090234,0.1633410627281293,0.00021162133930038916,0,0,0,0,1,0.005769145426842703
2026-04-09,674.84,681.16,673.77,679.91,57134450,0.005769145426842703,0.005769145426842703,0.0109507438800308,-0.49368839008258547,0.16401099156121196,6.317643397600542e-05,0,0,1,0,0,0.0006618523039813029
2026-04-10,681.32,682.03,678.45,679.46,42253460,-0.0006618523039813029,0.0006618523039813029,0.005254505959020618,-0.3017210121233802,0.1682679199283056,3.4777068752612815e-06,1,0,0,0,0,0.009772466370352895
2026-04-13,677.41,686.3,676.58,686.1,54185820,0.009772466370352895,0.009772466370352895,0.01434876957824643,0.2487330014470288,0.16750363317690087,0.00014022286815935594,0,1,0,0,0,0.012184812709517656
2026-04-14,687.69,694.58,687.66,694.46,63480530,0.012184812709517656,0.012184812709517656,0.010062673588390223,0.15831399140759572,0.1535856291640615,0.00012261179303154482,0,0,0,1,0,0.007891023241079376
2026-04-15,695.26,700.28,694.2,699.94,58240380,0.007891023241079376,0.007891023241079376,0.008744929954261611,-0.08615431469990753,0.07759913630884467,6.900644551068957e-05,0,0,0,0,1,0.0024573534874416936
2026-04-16,701.06,702.78,698.53,701.66,49972360,0.0024573534874416936,0.0024573534874416936,0.006062248594984738,-0.15310887317368227,0.08416842443992628,1.4897087726624252e-05,0,0,1,0,0,0.012085625516631948
2026-04-17,706.14,712.39,705.76,710.14,9999999,0.012085625516631948,0.012085625516631948,0.009389072988359243,-1.608884979594908,0.06360844499856491,0.00011347282008563425,1,0,0,0,0,0.008533528599994344
2026-04-21,710.28,711.275,702.64,704.08,58941380,-0.008533528599994344,0.008533528599994344,0.012157177451146015,1.7739583146484073,0.13737905783465687,0.00010374362147456086,0,0,0,1,0,0.010126690148846818
2026-04-22,709.15,711.45,708.22,711.21,42518500,0.010126690148846818,0.010126690148846818,0.004554748642741336,-0.3266041087882634,0.13145185801207493,4.61245282109221e-05,0,0,0,0,1,0.003880710338718507
2026-04-23,709.5,712.3598,702.2803,708.45,56173990,-0.003880710338718507,0.003880710338718507,0.014206483439041493,0.2785145573291423,0.1403105115352803,5.5131247158721574e-05,0,0,1,0,0,0.007749311878043619
2026-04-24,710.75,714.47,709.01,713.94,45181960,0.007749311878043619,0.007749311878043619,0.007682026028842823,-0.21775594192427405,0.1452675524891545,5.953041555275194e-05,1,0,0,0,0,0.0017228338515840047
2026-04-27,713.17,715.63,712.295,715.17,33135940,0.0017228338515840047,0.0017228338515840047,0.0046763043874532536,-0.3100793901482177,0.12376191819979236,8.05649549901527e-06,0,1,0,0,0,0.004865975921808707
2026-04-28,711.815,712.88,709.25,711.69,43117440,-0.004865975921808707,0.004865975921808707,0.005099639653561663,0.2633090547177268,0.10671213548645903,2.481472376413195e-05,0,0,0,1,0,0.00015456167713467917
2026-04-29,711.0,712.2,708.37,711.58,41859230,-0.00015456167713467917,0.00015456167713467917,0.005386779184247596,-0.02961523273913258,0.08005078878501853,8.325896250714873e-07,0,0,0,0,1,0.009949689423536245
2026-04-30,714.63,719.79,710.445,718.66,67240950,0.009949689423536245,0.009949689423536245,0.01307669703203044,0.47397010571800635,0.09532587365262837,0.0001301090741543811,0,0,1,0,0,0.0027690423844377587
2026-05-01,721.25,724.87,720.47,720.65,43049850,0.0027690423844377587,0.0027690423844377587,0.006100519930675878,-0.44592368203144517,0.08533287361220598,1.6892598255148803e-05,1,0,0,0,0,0.0036633594671476866
2026-05-04,720.07,722.12,714.99,718.01,51950560,-0.0036633594671476866,0.0036633594671476866,0.009901815101309587,0.18793374655597717,0.09409237105337073,3.627390809332841e-05,0,1,0,0,0,0.00802217239314218
2026-05-05,721.77,725.04,721.4898,723.77,36933230,0.00802217239314218,0.00802217239314218,0.004918741427324519,-0.34118080144886065,0.08951371135701472,3.945899168728752e-05,0,0,0,1,0,0.013899443193279737
2026-05-06,728.16,734.59,727.82,733.83,53288940,0.013899443193279737,0.013899443193279737,0.009297407163260798,0.36661710883179666,0.10816794978713884,0.00012922878271053558,0,0,0,0,1,0.0030661052287314083
2026-05-07,735.05,736.13,729.75,731.58,51724640,-0.0030661052287314083,0.0030661052287314083,0.008679681654309225,-0.029794540658379276,0.1186659753322041,2.6612817304001595e-05,0,0,1,0,0,0.008256103228628353
2026-05-08,734.93,738.08,734.57,737.62,47227090,0.008256103228628353,0.008256103228628353,0.004775965057896658,-0.09096659325372514,0.12259655680600319,3.94308605343168e-05,1,0,0,0,0,0.002277595509883046
2026-05-11,736.45,740.79,736.45,739.3,44023950,0.002277595509883046,0.002277595509883046,0.005893135990223257,-0.07023386307522372,0.10274263431177136,1.3422180070462669e-05,0,1,0,0,0,0.0015149465710807553
2026-05-12,736.89,738.84,731.83,738.18,54185270,-0.0015149465710807553,0.0015149465710807553,0.009512953086620786,0.2076752920190188,0.1120868893267288,1.4411615659428247e-05,0,0,0,1,0,0.005594841366604264
2026-05-13,738.47,743.91,735.47,742.31,44200200,0.005594841366604264,0.005594841366604264,0.011429035708965755,-0.20367978216197358,0.0751654590269618,6.39436417649189e-05,0,0,0,0,1,0.007894275976344067
2026-05-14,743.65,749.53,743.56,748.17,45307600,0.007894275976344067,0.007894275976344067,0.008027970147246726,0.024745474323257355,0.06542664025031479,6.337501187221717e-05,0,0,1,0,0,0.012029351617947825
2026-05-15,741.79,743.46,737.96,739.17,60410770,-0.012029351617947825,0.012029351617947825,0.00741449736448321,0.28769260594894064,0.12419249098390055,8.919159586771599e-05,1,0,0,0,0,0.0007034917542648733
2026-05-18,739.83,741.415,733.39,738.65,47843870,-0.0007034917542648733,0.0007034917542648733,0.01084708649284292,-0.23322439493609437,0.12321982549446535,7.630835905512878e-06,0,1,0,0,0,0.006660800108305609
2026-05-19,734.78,737.65,731.53,733.73,54255910,-0.006660800108305609,0.006660800108305609,0.008329023653338421,0.12576892308963394,0.13191506295171931,5.547796165223654e-05,0,0,0,1,0,0.010249001676365888
2026-05-20,735.71,741.87,733.89,741.25,45768040,0.010249001676365888,0.010249001676365888,0.010846665126204642,-0.17012589222212782,0.1498891940586962,0.00011116748906145079,0,0,0,0,1,0.001983136593591839
2026-05-21,738.64,744.87,737.03,742.72,43332230,0.001983136593591839,0.001983136593591839,0.010614101592115283,-0.05468932978586594,0.13476603915784055,2.1049213275425215e-05,0,0,1,0,0,0.003931495045239153
2026-05-22,746.24,748.94,744.48,745.64,41762010,0.003931495045239153,0.003931495045239153,0.0059766295025729475,-0.03690962445718782,0.09843698876119401,2.3497089276595684e-05,1,0,0,0,0,0.0066385923501959265
2026-05-26,750.01,752.13,748.37,750.59,41123620,0.0066385923501959265,0.0066385923501959265,0.005013266489780124,-0.01540442193674707,0.10063723173179202,3.328103256854792e-05,0,0,0,1,0,0.00017319708495977526
2026-05-27,750.88,751.38,748.22,750.46,42106290,-0.00017319708495977526,0.00017319708495977526,0.004208395482633668,0.023614482845101037,0.06454009452960645,7.288818299500377e-07,0,0,0,0,1,0.005516616475228497
2026-05-28,750.25,755.15,749.23,754.6,41562560,0.005516616475228497,0.005516616475228497,0.007890703098966957,-0.012997373369366017,0.04337655038490862,4.3529982716897674e-05,0,0,1,0,0,0.002491386164855447
2026-05-29,755.9,758.08,754.69,756.48,55075740,0.002491386164855447,0.002491386164855447,0.004484720201084782,0.2815095608941185,0.04233586039110187,1.1173169862230363e-05,1,0,0,0,0,0.002723138747884768
2026-06-01,755.36,760.28,754.69,758.54,43634930,0.002723138747884768,0.002723138747884768,0.007400444821012389,-0.23285134766367932,0.042752467963207336,2.015243804368199e-05,0,1,0,0,0,0.0013578717008992935
2026-06-02,757.03,760.4,756.75,759.57,31581850,0.0013578717008992935,0.0013578717008992935,0.004821473389429716,-0.3232753791585594,0.03323428367343611,6.54694227214561e-06,0,0,0,1,0,0.007017128111958093
2026-06-03,758.15,758.8,753.57,754.24,51402520,-0.007017128111958093,0.007017128111958093,0.0068983710347555295,0.4871045977949251,0.07529716263651724,4.8406753314700465e-05,0,0,0,0,1,0.0037786380992788082
2026-06-04,752.1,758.31,751.47,757.09,49923040,0.0037786380992788082,0.0037786380992788082,0.009094535301156653,-0.029204578277248316,0.06954117642183891,3.43649575841866e-05,0,0,1,0,0,0.025809348954549782
2026-06-05,752.31,752.82,735.525,737.55,93989420,-0.025809348954549782,0.025809348954549782,0.022989193284683275,0.6326995937096989,0.19671447154996738,0.0005933361116679832,1,0,0,0,0,0.002264253270964689
2026-06-08,743.36,745.34,738.19,739.22,49319140,0.002264253270964689,0.002264253270964689,0.009618489022815294,-0.6448699721083813,0.19560427237557787,2.1778695231647484e-05,0,1,0,0,0,0.002935526636184238
2026-06-09,743.63,746.9,722.59,737.05,87683520,-0.002935526636184238,0.002935526636184238,0.03269098879819258,0.5754217185088848,0.18895661472437772,9.596526838029487e-05,0,0,0,1,0,0.015765551862153226
2026-06-10,733.39,738.38,725.33,725.43,60341350,-0.015765551862153226,0.015765551862153226,0.01779407954839847,-0.37371635651247814,0.20185407706706177,0.00028053348395955615,0,0,0,0,1,0.016996815681733723
2026-06-11,728.76,740.0,724.405,737.76,86330520,0.016996815681733723,0.016996815681733723,0.02139936330204735,0.3581655739398144,0.2620261724611621,0.00036372103375135556,0,0,1,0,0,0.0054082628497071905
2026-06-12,740.71,744.44,735.03,741.75,57079530,0.0054082628497071905,0.0054082628497071905,0.012704027217129621,-0.413737621174576,0.19004939103136437,6.870671844007115e-05,1,0,0,0,0,0.017633973710819095
2026-06-15,751.85,756.68,751.76,754.83,60176430,0.017633973710819095,0.017633973710819095,0.0065438584824100005,0.052835187989490606,0.2238258036716529,0.00011539422844613848,0,1,0,0,0,0.005961607249314382
2026-06-16,754.55,755.44,749.88,750.33,67093140,-0.005961607249314382,0.005961607249314382,0.007368630309456046,0.10880105416025998,0.23088083922617308,4.392887987037085e-05,0,0,0,1,0,0.012487838684312247
2026-06-17,751.29,752.15,739.22,740.96,85945230,-0.012487838684312247,0.012487838684312247,0.017210398115241717,0.24762842635550086,0.2140650656011336,0.0002149206753559301,0,0,0,0,1,0.00780069099546532
2026-06-18,747.76,748.23,743.86,746.74,80875660,0.00780069099546532,0.00780069099546532,0.005844121108377025,-0.06079731864763005,0.18813540819450475,4.558818290652547e-05,0,0,1,0,0,0.0031470123470016542
2026-06-22,747.7,750.18,743.13,744.39,46628070,-0.0031470123470016542,0.0031470123470016542,0.009428915340377096,-0.550710184147654,0.18954122603783208,2.9672912995000026e-05,0,1,0,0,0,0.01452195757600172
2026-06-23,733.81,739.63,732.3,733.58,66846780,-0.01452195757600172,0.01452195757600172,0.009988961720336384,0.36020040806151954,0.1403682401280735,0.00014505927833103013,0,0,0,1,0,0.00046348046566158096
2026-06-24,735.17,739.945,730.84,733.24,57439510,-0.00046348046566158096,0.00046348046566158096,0.012384890569528162,-0.1516707383356426,0.14498385322017449,5.740154848332635e-06,0,0,0,0,1,0.001445638535813476
2026-06-25,738.91,739.37,729.6,734.3,54128070,0.001445638535813476,0.001445638535813476,0.013222178614445579,-0.059379487729454894,0.1299757200632971,1.9114490932451362e-05,0,0,1,0,0,0.007231376821462576
2026-06-26,728.945,736.53,716.58,728.99,71033970,-0.007231376821462576,0.007231376821462576,0.02736831996927056,0.271805303659189,0.10070385549537081,0.00019791063466815452,1,0,0,0,0,0.016474848763357475
2026-06-29,736.525,741.56,732.09,741.0,58035230,0.016474848763357475,0.016474848763357475,0.012857676249957454,-0.20210797023292315,0.18328246860803443,0.00021182827166626233,0,1,0,0,0,0.007786774628879778
2026-06-30,741.29,748.02,740.89,746.77,55626040,0.007786774628879778,0.007786774628879778,0.009618367980142718,-0.042398802251316425,0.14237642746824236,7.489606375900495e-05,0,0,0,1,0,0.00135249139628002
2026-07-01,745.0,749.435,742.375,745.76,47100880,-0.00135249139628002,0.00135249139628002,0.009476510067114021,-0.16635974918736451,0.14410527560078934,1.281689833253271e-05,0,0,0,0,1,0.0013140956876207532
2026-07-02,747.4,751.31,740.03,744.78,57505950,-0.0013140956876207532,0.0013140956876207532,0.015092320042815056,0.19959673236951048,0.1477780372947936,1.9832752684455527e-05,0,0,1,0,0,0.008727409436343647
2026-07-06,748.74,752.41,747.41,751.28,50673310,0.008727409436343647,0.008727409436343647,0.006677885514330743,-0.12648907636197038,0.11982049557059436,5.828064105259267e-05,0,1,0,0,0,0.004751890107549728
2026-07-07,750.22,750.96,745.21,747.71,43721490,-0.004751890107549728,0.004751890107549728,0.007664418437258404,-0.1475595956261948,0.09603476958722594,3.6420474152129953e-05,0,0,0,1,0,0.003089433068970693
2026-07-08,743.16,746.15,739.51,745.4,43767390,-0.003089433068970693,0.003089433068970693,0.008934818881532896,0.0010492762774418907,0.08370502291243223,2.7603524917871468e-05,0,0,0,0,1,0.008465253555138164
2026-07-09,747.35,751.97,745.59,751.71,41441720,0.008465253555138164,0.008465253555138164,0.008536830133137078,-0.05460091537778666,0.10311120315427541,7.226643163414926e-05,0,0,1,0,0,0.0043101728060024325
2026-07-10,752.05,755.42,748.1,754.95,42191310,0.0043101728060024325,0.0043101728060024325,0.009733395385944999,0.017926172355956282,0.10077607644330873,4.1952616102569685e-05,1,0,0,0,0,0.0076561361679582385
2026-07-13,752.47,753.9105,748.0,749.17,44013630,-0.0076561361679582385,0.0076561361679582385,0.007854798197934743,0.04228508202848147,0.10634074756937158,6.013740457522138e-05,0,1,0,0,0,0.003550595992898975
2026-07-14,750.91,753.34,748.66,751.83,35143140,0.003550595992898975,0.003550595992898975,0.006232437975256773,-0.2250699173158992,0.10188712691975156,2.21288693009381e-05,0,0,0,1,0,0.003963661998057866
2026-07-15,754.24,755.58,750.2,754.81,43844770,0.003963661998057866,0.003963661998057866,0.007133008061094606,0.2212260001930133,0.09565973987866307,2.827283298360111e-05,0,0,0,0,1,0.005418582159748664
2026-07-16,752.76,754.57,747.88,750.72,46409810,-0.005418582159748664,0.005418582159748664,0.008887294755300567,0.05685541657338433,0.09207205934828953,4.815653680949952e-05,0,0,1,0,0,0.009897165387894424
2026-07-17,742.08,747.29,740.8,743.29,62650960,-0.009897165387894424,0.009897165387894424,0.008745687796464004,0.30006813956378764,0.10240627863421328,8.65575185524942e-05,1,0,0,0,0,0.0016144438913477943
2026-07-20,747.06,748.73,741.5103,742.09,50422320,-0.0016144438913477943,0.0016144438913477943,0.009664150135196623,-0.2171450663900032,0.09408466468871253,1.560222815083615e-05,0,1,0,0,0,0.008341306310555296
2026-07-21,746.29,749.04,744.18,748.28,34324260,0.008341306310555296,0.008341306310555296,0.006512213750686749,-0.384581532095563,0.11527636914387662,5.4320369654288355e-05,0,0,0,1,0,0.0011626663815683669
2026-07-22,746.62,750.02,746.37,747.41,32836200,-0.0011626663815683669,0.0011626663815683669,0.004888698400792876,-0.04432082612729005,0.10702997037731295,5.683925280228915e-06,0,0,0,0,1,0.012349312960757808
2026-07-23,739.37,742.56,735.21,738.18,55437330,-0.012349312960757808,0.012349312960757808,0.009940895627358304,0.5237216157896043,0.13001971014035646,0.00012276323121247654,0,0,1,0,0,0.0010160123547102717
2026-07-24,738.51,743.72,737.29,738.93,44781980,0.0010160123547102717,0.0010160123547102717,0.008706720288147844,-0.21344736289569255,0.11783999921874395,8.846135381764785e-06,1,0,0,0,0,0.00021652930588844654
2026-07-27,744.91,745.53,735.87,739.09,41461190,0.00021652930588844654,0.00021652930588844654,0.01296800955820162,-0.07704801561305175,0.11810572642496928,2.807954108392137e-06,0,1,0,0,0,0.002394836894018315
2026-07-28,739.19,742.7901,735.98,740.86,47322250,0.002394836894018315,0.002394836894018315,0.009212922252736148,0.1322227746383433,0.09429332966235106,2.2063446112574855e-05,0,0,0,1,0,0.015387522608859894
2026-07-29,739.97,742.68,729.1,729.46,70697220,-0.015387522608859894,0.015387522608859894,0.018352095355217004,0.4014256574825623,0.13277832790850572,0.0002823932821983543,0,0,0,0,1,0.016765826775971382
2026-07-30,736.05,742.45,734.59,741.69,66811270,0.016765826775971382,0.016765826775971382,0.010678622376197289,-0.056534471344679815,0.18094011649427982,0.00017903593296533565,0,0,1,0,0,0.00719977349027201
2026-07-31,744.68,748.895,737.68,747.03,62445900,0.00719977349027201,0.00719977349027201,0.015060160068754408,-0.0675711959464067,0.18622072106096962,0.00010842974122227108,1,0,0,0,0,0.01424306922078089
2026-08-03,749.44,758.58,748.8,757.67,59927540,0.01424306922078089,0.01424306922078089,0.013049743808710618,-0.04116441548298866,0.2025379174326841,0.0001858684043809222,0,1,0,0,0,0.018028957197724793
2026-08-04,760.63,773.41,760.52,771.33,69154790,0.018028957197724793,0.018028957197724793,0.016946478576969074,0.1432111574503665,0.2193710607822951,0.0003055273369163356,0,0,0,1,0,0.0019965514111989213
2026-08-05,775.85,776.85,769.51,769.79,44689080,-0.0019965514111989213,0.0019965514111989213,0.00946059160920285,-0.4366181410262051,0.13196036701631017,1.8888557528130626e-05,0,0,0,0,1,0.0015978383715039568
2026-08-06,770.21,771.82,767.46,768.56,38416900,-0.0015978383715039568,0.0015978383715039568,0.0056607938094805485,-0.15123170587625978,0.14393519016972325,9.04503356196008e-06,0,0,1,0,0,0.006115332570001186
2026-08-07,771.02,773.915,769.61,773.26,43586330,0.006115332570001186,0.006115332570001186,0.005583512749344959,0.12624609905327944,0.14412942379860277,3.41450373710861e-05,1,0,0,0,0,0.0002974419988102106
2026-08-10,772.6,775.05,771.62,773.03,39249480,-0.0002974419988102106,0.0002974419988102106,0.004439554750194085,-0.10480537081534536,0.13447403178018963,1.3205100387250938e-06,0,1,0,0,0,0.0031952188142763127
2026-08-11,774.53,774.61,769.2,770.56,36740560,-0.0031952188142763127,0.0031952188142763127,0.0069848811537319,-0.066056872079578,0.058351312341887195,2.2318223677888205e-05,0,0,0,1,0,0.0025046719269103956
2026-08-12,774.71,774.9,771.28,772.49,33179130,0.0025046719269103956,0.0025046719269103956,0.004672716242206767,-0.10196025518834873,0.05834296027964421,1.1703621194273527e-05,0,0,0,0,1,0.006977436601121045
2026-08-13,774.87,779.37,774.111,777.88,35634480,0.006977436601121045,0.006977436601121045,0.006786944906887625,0.07139264257182276,0.06797740143080566,4.7355477803109784e-05,0,0,1,0,0,0.001979739805625491
2026-08-14,778.54,778.8,775.4301,776.34,31367910,-0.001979739805625491,0.001979739805625491,0.004328486654507047,-0.1275283088153536,0.0644628739672047,8.569277328046314e-06,1,0,0,0,0,0.004727310199139634
2026-08-17,776.18,776.775,772.51,772.67,34356580,-0.004727310199139634,0.004727310199139634,0.005494859439820643,0.09100815922683125,0.07588236881185363,2.597590507270282e-05,0,1,0,0,0,0.00675579484126454
2026-08-18,768.7,769.5,766.92,767.45,43920910,-0.00675579484126454,0.00675579484126454,0.003356315857942033,0.24559695231837964,0.0882772326182027,2.2674581358739154e-05,0,0,0,1,0,0.002097856537885079
2026-08-19,770.36,772.47,768.1,769.06,40306020,0.002097856537885079,0.002097856537885079,0.0056726725167454235,-0.08588967698540984,0.08736140513316319,1.1900453126535391e-05,0,0,0,0,1,0.008399864769978782
2026-08-20,765.96,768.15,762.04,762.6,45520300,-0.008399864769978782,0.008399864769978782,0.007976917854718279,0.1216575400148443,0.06580574331822207,6.70050312608628e-05,0,0,1,0,0,0.004091266719118858
2026-08-21,766.05,767.85,764.17,765.72,39188670,0.004091266719118858,0.004091266719118858,0.004803863977547241,-0.14977070234989398,0.08773489243363401,1.965388881451297e-05,1,0,0,0,0,
